evidence_id,date,model_id,provider,risk_score,risk_level,primary_risk_driver,primary_risk_driver_cn,what_happened,possible_cause,switch_recommendation,target_model_id,target_reason,recommended_action,evidence_confidence_score,routing_readiness_score,model_profile_confidence_score,diagnosis_type,diagnosis_reason,risk_evidence,decision_state
EVID-00001,2026-04-23,DeepSeek-V4,DeepSeek,45.0,中,fusion_diagnosis,融合诊断,真实调用正常，但标准能力任务或拨测表现下降,真实调用正常但标准任务下降，可能存在特定能力回退或拨测环境问题,谨慎降权,,,降低当前模型权重，复跑标准任务并观察至少两个评估周期,70.0,85.7386,96.4397,capability_or_probe_issue,真实调用正常但标准任务下降，可能存在特定能力回退或拨测环境问题,性能分80.0/基线无；P95 9334ms/基线无ms；成功率96.00%/基线无%；单请求成本0.000800/基线无；主动拨测成功率100.00%；诊断=capability_or_probe_issue；历史基线未就绪，趋势信号不参与,待处置
EVID-00002,2026-04-23,Minimax-M2.5,MiniMax,35.0,中,fusion_diagnosis,融合诊断,真实调用表现下降，但固定环境主动拨测仍正常,真实调用下降但标准拨测正常，优先排查用户输入、网络和平台链路,暂不切换,,,保持模型路由，优先排查网关、区域网络、队列和异常业务流量,70.0,86.2026,97.3152,platform_or_traffic_issue,真实调用下降但标准拨测正常，优先排查用户输入、网络和平台链路,性能分74.2/基线无；P95 3577ms/基线无ms；成功率90.77%/基线无%；单请求成本0.001600/基线无；主动拨测成功率100.00%；诊断=platform_or_traffic_issue；历史基线未就绪，趋势信号不参与,待处置
EVID-00003,2026-04-23,Qwen3.6-35B-A3B,Qwen,35.0,中,fusion_diagnosis,融合诊断,真实调用表现下降，但固定环境主动拨测仍正常,真实调用下降但标准拨测正常，优先排查用户输入、网络和平台链路,暂不切换,,,保持模型路由，优先排查网关、区域网络、队列和异常业务流量,70.0,78.039,96.4385,platform_or_traffic_issue,真实调用下降但标准拨测正常，优先排查用户输入、网络和平台链路,性能分73.7/基线无；P95 2562ms/基线无ms；成功率92.59%/基线无%；单请求成本0.001100/基线无；主动拨测成功率100.00%；诊断=platform_or_traffic_issue；历史基线未就绪，趋势信号不参与,待处置
EVID-00004,2026-04-24,DeepSeek-V4,DeepSeek,45.0,中,fusion_diagnosis,融合诊断,真实调用正常，但标准能力任务或拨测表现下降,真实调用正常但标准任务下降，可能存在特定能力回退或拨测环境问题,谨慎降权,,,降低当前模型权重，复跑标准任务并观察至少两个评估周期,70.0,85.7386,96.4397,capability_or_probe_issue,真实调用正常但标准任务下降，可能存在特定能力回退或拨测环境问题,性能分80.1/基线无；P95 9227ms/基线无ms；成功率94.85%/基线无%；单请求成本0.000800/基线无；主动拨测成功率100.00%；诊断=capability_or_probe_issue；历史基线未就绪，趋势信号不参与,待处置
EVID-00005,2026-04-24,Minimax-M2.5,MiniMax,20.0,低,fusion_diagnosis,融合诊断,真实调用延迟显著高于标准环境，存在业务环境时延差,标准拨测健康但真实调用延迟明显更高，差异更可能来自业务环境,暂不切换,,,保持模型路由，检查请求长度、并发、区域网络和平台排队,70.0,86.2026,97.3152,environment_latency_gap,标准拨测健康但真实调用延迟明显更高，差异更可能来自业务环境,性能分75.1/基线无；P95 3099ms/基线无ms；成功率96.10%/基线无%；单请求成本0.001900/基线无；主动拨测成功率100.00%；诊断=environment_latency_gap；历史基线未就绪，趋势信号不参与,待处置
EVID-00006,2026-04-24,Qwen3.6-35B-A3B,Qwen,20.0,低,fusion_diagnosis,融合诊断,真实调用延迟显著高于标准环境，存在业务环境时延差,标准拨测健康但真实调用延迟明显更高，差异更可能来自业务环境,暂不切换,,,保持模型路由，检查请求长度、并发、区域网络和平台排队,70.0,78.039,96.4385,environment_latency_gap,标准拨测健康但真实调用延迟明显更高，差异更可能来自业务环境,性能分73.8/基线无；P95 2352ms/基线无ms；成功率96.77%/基线无%；单请求成本0.001000/基线无；主动拨测成功率100.00%；诊断=environment_latency_gap；历史基线未就绪，趋势信号不参与,待处置
EVID-00007,2026-04-25,DeepSeek-V4,DeepSeek,45.0,中,fusion_diagnosis,融合诊断,真实调用正常，但标准能力任务或拨测表现下降,真实调用正常但标准任务下降，可能存在特定能力回退或拨测环境问题,谨慎降权,,,降低当前模型权重，复跑标准任务并观察至少两个评估周期,70.0,85.7386,96.4397,capability_or_probe_issue,真实调用正常但标准任务下降，可能存在特定能力回退或拨测环境问题,性能分79.7/基线无；P95 9173ms/基线无ms；成功率95.77%/基线无%；单请求成本0.000800/基线无；主动拨测成功率100.00%；诊断=capability_or_probe_issue；历史基线未就绪，趋势信号不参与,待处置
EVID-00008,2026-04-25,Minimax-M2.5,MiniMax,35.0,中,fusion_diagnosis,融合诊断,真实调用表现下降，但固定环境主动拨测仍正常,真实调用下降但标准拨测正常，优先排查用户输入、网络和平台链路,暂不切换,,,保持模型路由，优先排查网关、区域网络、队列和异常业务流量,70.0,86.2026,97.3152,platform_or_traffic_issue,真实调用下降但标准拨测正常，优先排查用户输入、网络和平台链路,性能分74.0/基线无；P95 3305ms/基线无ms；成功率87.72%/基线无%；单请求成本0.001700/基线无；主动拨测成功率100.00%；诊断=platform_or_traffic_issue；历史基线未就绪，趋势信号不参与,待处置
EVID-00009,2026-04-25,Qwen3.6-35B-A3B,Qwen,35.0,中,fusion_diagnosis,融合诊断,真实调用表现下降，但固定环境主动拨测仍正常,真实调用下降但标准拨测正常，优先排查用户输入、网络和平台链路,暂不切换,,,保持模型路由，优先排查网关、区域网络、队列和异常业务流量,70.0,78.039,96.4385,platform_or_traffic_issue,真实调用下降但标准拨测正常，优先排查用户输入、网络和平台链路,性能分76.1/基线无；P95 1980ms/基线无ms；成功率92.59%/基线无%；单请求成本0.001000/基线无；主动拨测成功率100.00%；诊断=platform_or_traffic_issue；历史基线未就绪，趋势信号不参与,待处置
EVID-00010,2026-04-26,DeepSeek-V4,DeepSeek,45.0,中,fusion_diagnosis,融合诊断,真实调用正常，但标准能力任务或拨测表现下降,真实调用正常但标准任务下降，可能存在特定能力回退或拨测环境问题,谨慎降权,,,降低当前模型权重，复跑标准任务并观察至少两个评估周期,100.0,85.7386,96.4397,capability_or_probe_issue,真实调用正常但标准任务下降，可能存在特定能力回退或拨测环境问题,性能分80.8/基线80.0；P95 8803ms/基线9227ms；成功率94.96%/基线95.8%；单请求成本0.000800/基线0.000800；主动拨测成功率100.00%；诊断=capability_or_probe_issue,待处置
EVID-00011,2026-04-26,Minimax-M2.5,MiniMax,20.0,低,fusion_diagnosis,融合诊断,真实调用延迟显著高于标准环境，存在业务环境时延差,标准拨测健康但真实调用延迟明显更高，差异更可能来自业务环境,暂不切换,,,保持模型路由，检查请求长度、并发、区域网络和平台排队,100.0,86.2026,97.3152,environment_latency_gap,标准拨测健康但真实调用延迟明显更高，差异更可能来自业务环境,性能分74.0/基线74.2；P95 3188ms/基线3305ms；成功率94.44%/基线90.8%；单请求成本0.001700/基线0.001700；主动拨测成功率100.00%；诊断=environment_latency_gap,待处置
EVID-00012,2026-04-26,Qwen3.6-35B-A3B,Qwen,20.0,低,fusion_diagnosis,融合诊断,真实调用延迟显著高于标准环境，存在业务环境时延差,标准拨测健康但真实调用延迟明显更高，差异更可能来自业务环境,暂不切换,,,保持模型路由，检查请求长度、并发、区域网络和平台排队,100.0,78.039,96.4385,environment_latency_gap,标准拨测健康但真实调用延迟明显更高，差异更可能来自业务环境,性能分83.8/基线73.8；P95 1981ms/基线2352ms；成功率100.00%/基线92.6%；单请求成本0.001000/基线0.001000；主动拨测成功率100.00%；诊断=environment_latency_gap,待处置
EVID-00013,2026-04-27,DeepSeek-V4,DeepSeek,45.0,中,fusion_diagnosis,融合诊断,真实调用正常，但标准能力任务或拨测表现下降,真实调用正常但标准任务下降，可能存在特定能力回退或拨测环境问题,谨慎降权,,,降低当前模型权重，复跑标准任务并观察至少两个评估周期,100.0,85.7386,96.4397,capability_or_probe_issue,真实调用正常但标准任务下降，可能存在特定能力回退或拨测环境问题,性能分80.6/基线80.0；P95 8919ms/基线9200ms；成功率95.38%/基线95.4%；单请求成本0.000800/基线0.000800；主动拨测成功率100.00%；诊断=capability_or_probe_issue,待处置
EVID-00014,2026-04-27,Minimax-M2.5,MiniMax,20.0,低,fusion_diagnosis,融合诊断,真实调用延迟显著高于标准环境，存在业务环境时延差,标准拨测健康但真实调用延迟明显更高，差异更可能来自业务环境,暂不切换,,,保持模型路由，检查请求长度、并发、区域网络和平台排队,100.0,86.2026,97.3152,environment_latency_gap,标准拨测健康但真实调用延迟明显更高，差异更可能来自业务环境,性能分74.6/基线74.1；P95 3142ms/基线3246ms；成功率97.18%/基线92.6%；单请求成本0.001400/基线0.001700；主动拨测成功率100.00%；诊断=environment_latency_gap,待处置
EVID-00015,2026-04-27,Qwen3.6-35B-A3B,Qwen,20.0,低,fusion_diagnosis,融合诊断,真实调用延迟显著高于标准环境，存在业务环境时延差,标准拨测健康但真实调用延迟明显更高，差异更可能来自业务环境,暂不切换,,,保持模型路由，检查请求长度、并发、区域网络和平台排队,100.0,78.039,96.4385,environment_latency_gap,标准拨测健康但真实调用延迟明显更高，差异更可能来自业务环境,性能分73.6/基线75.0；P95 2245ms/基线2167ms；成功率94.44%/基线94.7%；单请求成本0.001100/基线0.001000；主动拨测成功率100.00%；诊断=environment_latency_gap,待处置
EVID-00016,2026-04-28,DeepSeek-V4,DeepSeek,45.0,中,fusion_diagnosis,融合诊断,真实调用正常，但标准能力任务或拨测表现下降,真实调用正常但标准任务下降，可能存在特定能力回退或拨测环境问题,谨慎降权,,,降低当前模型权重，复跑标准任务并观察至少两个评估周期,100.0,85.7386,96.4397,capability_or_probe_issue,真实调用正常但标准任务下降，可能存在特定能力回退或拨测环境问题,性能分80.3/基线80.1；P95 9231ms/基线9173ms；成功率96.58%/基线95.4%；单请求成本0.000800/基线0.000800；主动拨测成功率100.00%；诊断=capability_or_probe_issue,待处置
EVID-00017,2026-04-28,Minimax-M2.5,MiniMax,35.0,中,fusion_diagnosis,融合诊断,真实调用表现下降，但固定环境主动拨测仍正常,真实调用下降但标准拨测正常，优先排查用户输入、网络和平台链路,暂不切换,,,保持模型路由，优先排查网关、区域网络、队列和异常业务流量,100.0,86.2026,97.3152,platform_or_traffic_issue,真实调用下降但标准拨测正常，优先排查用户输入、网络和平台链路,性能分70.2/基线74.2；P95 3225ms/基线3188ms；成功率92.50%/基线94.4%；单请求成本0.001800/基线0.001700；主动拨测成功率100.00%；诊断=platform_or_traffic_issue,待处置
EVID-00018,2026-04-28,Qwen3.6-35B-A3B,Qwen,20.0,低,fusion_diagnosis,融合诊断,真实调用延迟显著高于标准环境，存在业务环境时延差,标准拨测健康但真实调用延迟明显更高，差异更可能来自业务环境,暂不切换,,,保持模型路由，检查请求长度、并发、区域网络和平台排队,100.0,78.039,96.4385,environment_latency_gap,标准拨测健康但真实调用延迟明显更高，差异更可能来自业务环境,性能分70.3/基线73.8；P95 2432ms/基线2245ms；成功率96.77%/基线94.4%；单请求成本0.001100/基线0.001000；主动拨测成功率100.00%；诊断=environment_latency_gap,待处置
EVID-00019,2026-04-29,Qwen3.6-35B-A3B,Qwen,46.2135,中,success_risk,成功率异常,真实调用表现下降，但固定环境主动拨测仍正常,真实调用下降但标准拨测正常，优先排查用户输入、网络和平台链路；同时检查5xx、限流、超时和上游依赖,暂不切换,,,保持模型路由，优先排查网关、区域网络、队列和异常业务流量,100.0,78.039,96.4385,platform_or_traffic_issue,真实调用下降但标准拨测正常，优先排查用户输入、网络和平台链路,性能分76.5/基线73.8；P95 2190ms/基线2299ms；成功率88.24%/基线95.6%；单请求成本0.001100/基线0.001050；主动拨测成功率100.00%；诊断=platform_or_traffic_issue,待处置
EVID-00020,2026-04-29,DeepSeek-V4,DeepSeek,45.0,中,fusion_diagnosis,融合诊断,真实调用正常，但标准能力任务或拨测表现下降,真实调用正常但标准任务下降，可能存在特定能力回退或拨测环境问题,谨慎降权,,,降低当前模型权重，复跑标准任务并观察至少两个评估周期,100.0,85.7386,96.4397,capability_or_probe_issue,真实调用正常但标准任务下降，可能存在特定能力回退或拨测环境问题,性能分80.5/基线80.2；P95 9082ms/基线9200ms；成功率95.53%/基线95.6%；单请求成本0.000800/基线0.000800；主动拨测成功率100.00%；诊断=capability_or_probe_issue,待处置
EVID-00021,2026-04-29,Minimax-M2.5,MiniMax,20.0,低,fusion_diagnosis,融合诊断,真实调用延迟显著高于标准环境，存在业务环境时延差,标准拨测健康但真实调用延迟明显更高，差异更可能来自业务环境,暂不切换,,,保持模型路由，检查请求长度、并发、区域网络和平台排队,100.0,86.2026,97.3152,environment_latency_gap,标准拨测健康但真实调用延迟明显更高，差异更可能来自业务环境,性能分76.8/基线74.1；P95 3002ms/基线3207ms；成功率96.05%/基线93.5%；单请求成本0.001600/基线0.001700；主动拨测成功率100.00%；诊断=environment_latency_gap,待处置
EVID-00022,2026-04-30,DeepSeek-V4,DeepSeek,45.0,中,fusion_diagnosis,融合诊断,真实调用正常，但标准能力任务或拨测表现下降,真实调用正常但标准任务下降，可能存在特定能力回退或拨测环境问题,谨慎降权,,,降低当前模型权重，复跑标准任务并观察至少两个评估周期,100.0,85.7386,96.4397,capability_or_probe_issue,真实调用正常但标准任务下降，可能存在特定能力回退或拨测环境问题,性能分80.2/基线80.3；P95 9014ms/基线9173ms；成功率95.11%/基线95.5%；单请求成本0.000800/基线0.000800；主动拨测成功率100.00%；诊断=capability_or_probe_issue,待处置
EVID-00023,2026-04-30,Qwen3.6-35B-A3B,Qwen,35.0898,中,success_risk,成功率异常,真实调用表现下降，但固定环境主动拨测仍正常,真实调用下降但标准拨测正常，优先排查用户输入、网络和平台链路；同时检查5xx、限流、超时和上游依赖,暂不切换,,,保持模型路由，优先排查网关、区域网络、队列和异常业务流量,100.0,78.039,96.4385,platform_or_traffic_issue,真实调用下降但标准拨测正常，优先排查用户输入、网络和平台链路,性能分76.2/基线73.8；P95 2228ms/基线2245ms；成功率89.19%/基线94.4%；单请求成本0.001100/基线0.001100；主动拨测成功率100.00%；诊断=platform_or_traffic_issue,待处置
EVID-00024,2026-04-30,Minimax-M2.5,MiniMax,20.0,低,fusion_diagnosis,融合诊断,真实调用延迟显著高于标准环境，存在业务环境时延差,标准拨测健康但真实调用延迟明显更高，差异更可能来自业务环境,暂不切换,,,保持模型路由，检查请求长度、并发、区域网络和平台排队,100.0,86.2026,97.3152,environment_latency_gap,标准拨测健康但真实调用延迟明显更高，差异更可能来自业务环境,性能分79.5/基线74.2；P95 2793ms/基线3188ms；成功率97.56%/基线94.4%；单请求成本0.001500/基线0.001700；主动拨测成功率100.00%；诊断=environment_latency_gap,待处置
EVID-00025,2026-05-01,DeepSeek-V4,DeepSeek,45.0,中,fusion_diagnosis,融合诊断,真实调用正常，但标准能力任务或拨测表现下降,真实调用正常但标准任务下降，可能存在特定能力回退或拨测环境问题,谨慎降权,,,降低当前模型权重，复跑标准任务并观察至少两个评估周期,100.0,85.7386,96.4397,capability_or_probe_issue,真实调用正常但标准任务下降，可能存在特定能力回退或拨测环境问题,性能分81.3/基线80.3；P95 8515ms/基线9082ms；成功率96.14%/基线95.4%；单请求成本0.000800/基线0.000800；主动拨测成功率100.00%；诊断=capability_or_probe_issue,待处置
EVID-00026,2026-05-01,Qwen3.6-35B-A3B,Qwen,35.0,中,fusion_diagnosis,融合诊断,真实调用表现下降，但固定环境主动拨测仍正常,真实调用下降但标准拨测正常，优先排查用户输入、网络和平台链路,暂不切换,,,保持模型路由，优先排查网关、区域网络、队列和异常业务流量,100.0,78.039,96.4385,platform_or_traffic_issue,真实调用下降但标准拨测正常，优先排查用户输入、网络和平台链路,性能分78.6/基线76.1；P95 1900ms/基线2228ms；成功率93.94%/基线94.4%；单请求成本0.001000/基线0.001100；主动拨测成功率100.00%；诊断=platform_or_traffic_issue,待处置
EVID-00027,2026-05-01,Minimax-M2.5,MiniMax,20.0,低,fusion_diagnosis,融合诊断,真实调用延迟显著高于标准环境，存在业务环境时延差,标准拨测健康但真实调用延迟明显更高，差异更可能来自业务环境,暂不切换,,,保持模型路由，检查请求长度、并发、区域网络和平台排队,100.0,86.2026,97.3152,environment_latency_gap,标准拨测健康但真实调用延迟明显更高，差异更可能来自业务环境,性能分75.8/基线74.6；P95 2848ms/基线3142ms；成功率96.61%/基线96.1%；单请求成本0.001600/基线0.001700；主动拨测成功率100.00%；诊断=environment_latency_gap,待处置
EVID-00028,2026-05-02,DeepSeek-V4,DeepSeek,80.0,严重,fusion_diagnosis,融合诊断,真实调用与标准拨测同步下降，模型侧健康风险达到切换条件,真实调用与标准环境同步下降，模型服务或模型能力更可能异常,建议切换,,无满足跨供应商、健康和路由角色约束的候选模型,暂停自动扩量，启用兜底策略并人工确认可用替代模型,100.0,85.7386,96.4397,model_side_degradation,真实调用与标准环境同步下降，模型服务或模型能力更可能异常,性能分90.7/基线80.5；P95 6016ms/基线9014ms；成功率91.19%/基线95.5%；单请求成本0.000800/基线0.000800；主动拨测成功率100.00%；诊断=model_side_degradation,待处置
EVID-00029,2026-05-02,Minimax-M2.5,MiniMax,20.0,低,fusion_diagnosis,融合诊断,真实调用延迟显著高于标准环境，存在业务环境时延差,标准拨测健康但真实调用延迟明显更高，差异更可能来自业务环境,暂不切换,,,保持模型路由，检查请求长度、并发、区域网络和平台排队,100.0,86.2026,97.3152,environment_latency_gap,标准拨测健康但真实调用延迟明显更高，差异更可能来自业务环境,性能分73.6/基线74.6；P95 3169ms/基线3142ms；成功率95.00%/基线96.1%；单请求成本0.001600/基线0.001600；主动拨测成功率100.00%；诊断=environment_latency_gap,待处置
EVID-00030,2026-05-02,Qwen3.6-35B-A3B,Qwen,20.0,低,fusion_diagnosis,融合诊断,真实调用延迟显著高于标准环境，存在业务环境时延差,标准拨测健康但真实调用延迟明显更高，差异更可能来自业务环境,暂不切换,,,保持模型路由，检查请求长度、并发、区域网络和平台排队,100.0,78.039,96.4385,environment_latency_gap,标准拨测健康但真实调用延迟明显更高，差异更可能来自业务环境,性能分84.3/基线76.2；P95 1874ms/基线2190ms；成功率100.00%/基线93.9%；单请求成本0.001000/基线0.001100；主动拨测成功率100.00%；诊断=environment_latency_gap,待处置
EVID-00031,2026-05-03,DeepSeek-V4,DeepSeek,45.0,中,fusion_diagnosis,融合诊断,真实调用正常，但标准能力任务或拨测表现下降,真实调用正常但标准任务下降，可能存在特定能力回退或拨测环境问题,谨慎降权,,,降低当前模型权重，复跑标准任务并观察至少两个评估周期,100.0,85.7386,96.4397,capability_or_probe_issue,真实调用正常但标准任务下降，可能存在特定能力回退或拨测环境问题,性能分80.2/基线80.6；P95 8986ms/基线8919ms；成功率96.08%/基线95.4%；单请求成本0.000800/基线0.000800；主动拨测成功率100.00%；诊断=capability_or_probe_issue,待处置
EVID-00032,2026-05-03,Minimax-M2.5,MiniMax,35.0,中,fusion_diagnosis,融合诊断,真实调用表现下降，但固定环境主动拨测仍正常,真实调用下降但标准拨测正常，优先排查用户输入、网络和平台链路,暂不切换,,,保持模型路由，优先排查网关、区域网络、队列和异常业务流量,100.0,86.2026,97.3152,platform_or_traffic_issue,真实调用下降但标准拨测正常，优先排查用户输入、网络和平台链路,性能分82.0/基线74.6；P95 2424ms/基线3142ms；成功率92.16%/基线96.1%；单请求成本0.001600/基线0.001600；主动拨测成功率98.96%；诊断=platform_or_traffic_issue,待处置
EVID-00033,2026-05-03,Qwen3.6-35B-A3B,Qwen,35.0,中,fusion_diagnosis,融合诊断,真实调用表现下降，但固定环境主动拨测仍正常,真实调用下降但标准拨测正常，优先排查用户输入、网络和平台链路,暂不切换,,,保持模型路由，优先排查网关、区域网络、队列和异常业务流量,100.0,78.039,96.4385,platform_or_traffic_issue,真实调用下降但标准拨测正常，优先排查用户输入、网络和平台链路,性能分66.4/基线76.5；P95 2718ms/基线2190ms；成功率100.00%/基线94.4%；单请求成本0.001000/基线0.001100；主动拨测成功率100.00%；诊断=platform_or_traffic_issue,待处置
EVID-00034,2026-05-04,DeepSeek-V4,DeepSeek,45.0,中,fusion_diagnosis,融合诊断,真实调用正常，但标准能力任务或拨测表现下降,真实调用正常但标准任务下降，可能存在特定能力回退或拨测环境问题,谨慎降权,,,降低当前模型权重，复跑标准任务并观察至少两个评估周期,100.0,85.7386,96.4397,capability_or_probe_issue,真实调用正常但标准任务下降，可能存在特定能力回退或拨测环境问题,性能分80.8/基线80.5；P95 8782ms/基线8986ms；成功率96.03%/基线95.5%；单请求成本0.000800/基线0.000800；主动拨测成功率100.00%；诊断=capability_or_probe_issue,待处置
EVID-00035,2026-05-04,Minimax-M2.5,MiniMax,20.0,低,fusion_diagnosis,融合诊断,真实调用延迟显著高于标准环境，存在业务环境时延差,标准拨测健康但真实调用延迟明显更高，差异更可能来自业务环境,暂不切换,,,保持模型路由，检查请求长度、并发、区域网络和平台排队,100.0,86.2026,97.3152,environment_latency_gap,标准拨测健康但真实调用延迟明显更高，差异更可能来自业务环境,性能分70.3/基线75.8；P95 3059ms/基线3002ms；成功率96.63%/基线96.1%；单请求成本0.001700/基线0.001600；主动拨测成功率100.00%；诊断=environment_latency_gap,待处置
EVID-00036,2026-05-04,Qwen3.6-35B-A3B,Qwen,20.0,低,fusion_diagnosis,融合诊断,真实调用延迟显著高于标准环境，存在业务环境时延差,标准拨测健康但真实调用延迟明显更高，差异更可能来自业务环境,暂不切换,,,保持模型路由，检查请求长度、并发、区域网络和平台排队,100.0,78.039,96.4385,environment_latency_gap,标准拨测健康但真实调用延迟明显更高，差异更可能来自业务环境,性能分77.9/基线76.2；P95 1963ms/基线2228ms；成功率95.12%/基线94.4%；单请求成本0.001200/基线0.001100；主动拨测成功率98.96%；诊断=environment_latency_gap,待处置
EVID-00037,2026-05-05,DeepSeek-V4,DeepSeek,80.0,严重,fusion_diagnosis,融合诊断,真实调用与标准拨测同步下降，模型侧健康风险达到切换条件,真实调用与标准环境同步下降，模型服务或模型能力更可能异常,建议切换,,无满足跨供应商、健康和路由角色约束的候选模型,暂停自动扩量，启用兜底策略并人工确认可用替代模型,100.0,85.7386,96.4397,model_side_degradation,真实调用与标准环境同步下降，模型服务或模型能力更可能异常,性能分33.2/基线80.5；P95 21762ms/基线8986ms；成功率92.28%/基线96.0%；单请求成本0.000800/基线0.000800；主动拨测成功率100.00%；诊断=model_side_degradation,待处置
EVID-00038,2026-05-05,Qwen3.6-35B-A3B,Qwen,35.0,中,fusion_diagnosis,融合诊断,真实调用表现下降，但固定环境主动拨测仍正常,真实调用下降但标准拨测正常，优先排查用户输入、网络和平台链路,暂不切换,,,保持模型路由，优先排查网关、区域网络、队列和异常业务流量,100.0,78.039,96.4385,platform_or_traffic_issue,真实调用下降但标准拨测正常，优先排查用户输入、网络和平台链路,性能分64.7/基线76.5；P95 2644ms/基线2190ms；成功率91.11%/基线95.1%；单请求成本0.001000/基线0.001100；主动拨测成功率100.00%；诊断=platform_or_traffic_issue,待处置
EVID-00039,2026-05-05,Minimax-M2.5,MiniMax,20.0,低,fusion_diagnosis,融合诊断,真实调用延迟显著高于标准环境，存在业务环境时延差,标准拨测健康但真实调用延迟明显更高，差异更可能来自业务环境,暂不切换,,,保持模型路由，检查请求长度、并发、区域网络和平台排队,100.0,86.2026,97.3152,environment_latency_gap,标准拨测健康但真实调用延迟明显更高，差异更可能来自业务环境,性能分79.6/基线75.8；P95 2726ms/基线3002ms；成功率97.73%/基线96.1%；单请求成本0.001700/基线0.001600；主动拨测成功率100.00%；诊断=environment_latency_gap,待处置
EVID-00040,2026-05-06,DeepSeek-V4,DeepSeek,80.0,严重,fusion_diagnosis,融合诊断,真实调用与标准拨测同步下降，模型侧健康风险达到切换条件,真实调用与标准环境同步下降，模型服务或模型能力更可能异常,建议切换,,无满足跨供应商、健康和路由角色约束的候选模型,暂停自动扩量，启用兜底策略并人工确认可用替代模型,100.0,85.7386,96.4397,model_side_degradation,真实调用与标准环境同步下降，模型服务或模型能力更可能异常,性能分14.8/基线80.5；P95 26458ms/基线8986ms；成功率94.08%/基线95.5%；单请求成本0.000800/基线0.000800；主动拨测成功率100.00%；诊断=model_side_degradation,待处置
EVID-00041,2026-05-06,Minimax-M2.5,MiniMax,20.0,低,fusion_diagnosis,融合诊断,真实调用延迟显著高于标准环境，存在业务环境时延差,标准拨测健康但真实调用延迟明显更高，差异更可能来自业务环境,暂不切换,,,保持模型路由，检查请求长度、并发、区域网络和平台排队,100.0,86.2026,97.3152,environment_latency_gap,标准拨测健康但真实调用延迟明显更高，差异更可能来自业务环境,性能分72.7/基线76.8；P95 3112ms/基线2848ms；成功率94.74%/基线96.6%；单请求成本0.001700/基线0.001600；主动拨测成功率100.00%；诊断=environment_latency_gap,待处置
EVID-00042,2026-05-06,Qwen3.6-35B-A3B,Qwen,20.0,低,fusion_diagnosis,融合诊断,真实调用延迟显著高于标准环境，存在业务环境时延差,标准拨测健康但真实调用延迟明显更高，差异更可能来自业务环境,暂不切换,,,保持模型路由，检查请求长度、并发、区域网络和平台排队,100.0,78.039,96.4385,environment_latency_gap,标准拨测健康但真实调用延迟明显更高，差异更可能来自业务环境,性能分71.7/基线76.5；P95 2330ms/基线2190ms；成功率95.83%/基线93.9%；单请求成本0.001100/基线0.001000；主动拨测成功率98.96%；诊断=environment_latency_gap,待处置
EVID-00043,2026-05-07,DeepSeek-V4,DeepSeek,80.0,严重,fusion_diagnosis,融合诊断,真实调用与标准拨测同步下降，模型侧健康风险达到切换条件,真实调用与标准环境同步下降，模型服务或模型能力更可能异常,建议切换,,无满足跨供应商、健康和路由角色约束的候选模型,暂停自动扩量，启用兜底策略并人工确认可用替代模型,100.0,85.7386,96.4397,model_side_degradation,真实调用与标准环境同步下降，模型服务或模型能力更可能异常,性能分37.2/基线80.2；P95 20429ms/基线8986ms；成功率91.89%/基线95.1%；单请求成本0.000800/基线0.000800；主动拨测成功率100.00%；诊断=model_side_degradation,待处置
EVID-00044,2026-05-07,Qwen3.6-35B-A3B,Qwen,24.0,低,cost_risk,成本异常,真实调用延迟显著高于标准环境，存在业务环境时延差,标准拨测健康但真实调用延迟明显更高，差异更可能来自业务环境；同时检查价格版本、请求Token结构和异常长输出,暂不切换,,,保持模型路由，检查请求长度、并发、区域网络和平台排队,100.0,78.039,96.4385,environment_latency_gap,标准拨测健康但真实调用延迟明显更高，差异更可能来自业务环境,性能分78.7/基线76.2；P95 2257ms/基线2228ms；成功率100.00%/基线95.1%；单请求成本0.001200/基线0.001000；主动拨测成功率100.00%；诊断=environment_latency_gap,待处置
EVID-00045,2026-05-07,Minimax-M2.5,MiniMax,20.0,低,fusion_diagnosis,融合诊断,真实调用延迟显著高于标准环境，存在业务环境时延差,标准拨测健康但真实调用延迟明显更高，差异更可能来自业务环境,暂不切换,,,保持模型路由，检查请求长度、并发、区域网络和平台排队,100.0,86.2026,97.3152,environment_latency_gap,标准拨测健康但真实调用延迟明显更高，差异更可能来自业务环境,性能分71.4/基线75.8；P95 2746ms/基线2848ms；成功率95.51%/基线96.6%；单请求成本0.001700/基线0.001600；主动拨测成功率100.00%；诊断=environment_latency_gap,待处置
EVID-00046,2026-05-08,DeepSeek-V4,DeepSeek,45.0,中,fusion_diagnosis,融合诊断,真实调用正常，但标准能力任务或拨测表现下降,真实调用正常但标准任务下降，可能存在特定能力回退或拨测环境问题,谨慎降权,,,降低当前模型权重，复跑标准任务并观察至少两个评估周期,100.0,85.7386,96.4397,capability_or_probe_issue,真实调用正常但标准任务下降，可能存在特定能力回退或拨测环境问题,性能分82.2/基线80.2；P95 8411ms/基线8986ms；成功率95.94%/基线94.1%；单请求成本0.000800/基线0.000800；主动拨测成功率100.00%；诊断=capability_or_probe_issue,待处置
EVID-00047,2026-05-08,Minimax-M2.5,MiniMax,20.0,低,fusion_diagnosis,融合诊断,真实调用延迟显著高于标准环境，存在业务环境时延差,标准拨测健康但真实调用延迟明显更高，差异更可能来自业务环境,暂不切换,,,保持模型路由，检查请求长度、并发、区域网络和平台排队,100.0,86.2026,97.3152,environment_latency_gap,标准拨测健康但真实调用延迟明显更高，差异更可能来自业务环境,性能分77.4/基线73.6；P95 2620ms/基线2848ms；成功率94.74%/基线95.5%；单请求成本0.001600/基线0.001700；主动拨测成功率100.00%；诊断=environment_latency_gap,待处置
EVID-00048,2026-05-08,Qwen3.6-35B-A3B,Qwen,20.0,低,fusion_diagnosis,融合诊断,真实调用延迟显著高于标准环境，存在业务环境时延差,标准拨测健康但真实调用延迟明显更高，差异更可能来自业务环境,暂不切换,,,保持模型路由，检查请求长度、并发、区域网络和平台排队,100.0,78.039,96.4385,environment_latency_gap,标准拨测健康但真实调用延迟明显更高，差异更可能来自业务环境,性能分80.5/基线77.9；P95 2050ms/基线2257ms；成功率100.00%/基线95.8%；单请求成本0.001000/基线0.001000；主动拨测成功率100.00%；诊断=environment_latency_gap,待处置
EVID-00049,2026-05-09,Qwen3.6-35B-A3B,Qwen,60.0,高,success_risk,成功率异常,真实调用表现下降，但固定环境主动拨测仍正常,真实调用下降但标准拨测正常，优先排查用户输入、网络和平台链路；同时检查5xx、限流、超时和上游依赖,暂不切换,,,保持模型路由，优先排查网关、区域网络、队列和异常业务流量,100.0,78.039,96.4385,platform_or_traffic_issue,真实调用下降但标准拨测正常，优先排查用户输入、网络和平台链路,性能分75.2/基线77.9；P95 2153ms/基线2257ms；成功率88.24%/基线100.0%；单请求成本0.001400/基线0.001000；主动拨测成功率100.00%；诊断=platform_or_traffic_issue,待处置
EVID-00050,2026-05-09,Minimax-M2.5,MiniMax,56.2499,中,success_risk,成功率异常,真实调用表现下降，但固定环境主动拨测仍正常,真实调用下降但标准拨测正常，优先排查用户输入、网络和平台链路；同时检查5xx、限流、超时和上游依赖,暂不切换,,,保持模型路由，优先排查网关、区域网络、队列和异常业务流量,100.0,86.2026,97.3152,platform_or_traffic_issue,真实调用下降但标准拨测正常，优先排查用户输入、网络和平台链路,性能分77.6/基线73.6；P95 2601ms/基线2746ms；成功率85.71%/基线95.0%；单请求成本0.001600/基线0.001700；主动拨测成功率100.00%；诊断=platform_or_traffic_issue,待处置
EVID-00051,2026-05-09,DeepSeek-V4,DeepSeek,45.0,中,fusion_diagnosis,融合诊断,真实调用正常，但标准能力任务或拨测表现下降,真实调用正常但标准任务下降，可能存在特定能力回退或拨测环境问题,谨慎降权,,,降低当前模型权重，复跑标准任务并观察至少两个评估周期,100.0,85.7386,96.4397,capability_or_probe_issue,真实调用正常但标准任务下降，可能存在特定能力回退或拨测环境问题,性能分82.9/基线80.2；P95 7936ms/基线8986ms；成功率96.50%/基线94.1%；单请求成本0.000800/基线0.000800；主动拨测成功率100.00%；诊断=capability_or_probe_issue,待处置
EVID-00052,2026-05-10,DeepSeek-V4,DeepSeek,45.0,中,fusion_diagnosis,融合诊断,真实调用正常，但标准能力任务或拨测表现下降,真实调用正常但标准任务下降，可能存在特定能力回退或拨测环境问题,谨慎降权,,,降低当前模型权重，复跑标准任务并观察至少两个评估周期,100.0,85.7386,96.4397,capability_or_probe_issue,真实调用正常但标准任务下降，可能存在特定能力回退或拨测环境问题,性能分82.5/基线80.2；P95 8245ms/基线8986ms；成功率96.11%/基线95.9%；单请求成本0.000800/基线0.000800；主动拨测成功率100.00%；诊断=capability_or_probe_issue,待处置
EVID-00053,2026-05-10,Minimax-M2.5,MiniMax,39.5271,中,success_risk,成功率异常,真实调用表现下降，但固定环境主动拨测仍正常,真实调用下降但标准拨测正常，优先排查用户输入、网络和平台链路；同时检查5xx、限流、超时和上游依赖,暂不切换,,,保持模型路由，优先排查网关、区域网络、队列和异常业务流量,100.0,86.2026,97.3152,platform_or_traffic_issue,真实调用下降但标准拨测正常，优先排查用户输入、网络和平台链路,性能分70.2/基线77.4；P95 2843ms/基线2726ms；成功率88.64%/基线94.7%；单请求成本0.001600/基线0.001700；主动拨测成功率100.00%；诊断=platform_or_traffic_issue,待处置
EVID-00054,2026-05-10,Qwen3.6-35B-A3B,Qwen,35.0,中,fusion_diagnosis,融合诊断,真实调用表现下降，但固定环境主动拨测仍正常,真实调用下降但标准拨测正常，优先排查用户输入、网络和平台链路,暂不切换,,,保持模型路由，优先排查网关、区域网络、队列和异常业务流量,100.0,78.039,96.4385,platform_or_traffic_issue,真实调用下降但标准拨测正常，优先排查用户输入、网络和平台链路,性能分75.5/基线75.2；P95 2046ms/基线2257ms；成功率91.67%/基线95.8%；单请求成本0.001000/基线0.001100；主动拨测成功率100.00%；诊断=platform_or_traffic_issue,待处置
EVID-00055,2026-05-11,DeepSeek-V4,DeepSeek,45.0,中,fusion_diagnosis,融合诊断,真实调用正常，但标准能力任务或拨测表现下降,真实调用正常但标准任务下降，可能存在特定能力回退或拨测环境问题,谨慎降权,,,降低当前模型权重，复跑标准任务并观察至少两个评估周期,100.0,85.7386,96.4397,capability_or_probe_issue,真实调用正常但标准任务下降，可能存在特定能力回退或拨测环境问题,性能分82.4/基线80.8；P95 8229ms/基线8782ms；成功率96.62%/基线95.9%；单请求成本0.000800/基线0.000800；主动拨测成功率100.00%；诊断=capability_or_probe_issue,待处置
EVID-00056,2026-05-11,Minimax-M2.5,MiniMax,40.6118,中,success_risk,成功率异常,真实调用表现下降，但固定环境主动拨测仍正常,真实调用下降但标准拨测正常，优先排查用户输入、网络和平台链路；同时检查5xx、限流、超时和上游依赖,暂不切换,,,保持模型路由，优先排查网关、区域网络、队列和异常业务流量,100.0,86.2026,97.3152,platform_or_traffic_issue,真实调用下降但标准拨测正常，优先排查用户输入、网络和平台链路,性能分76.4/基线72.7；P95 2662ms/基线2746ms；成功率88.43%/基线94.7%；单请求成本0.001500/基线0.001700；主动拨测成功率100.00%；诊断=platform_or_traffic_issue,待处置
EVID-00057,2026-05-11,Qwen3.6-35B-A3B,Qwen,20.0,低,fusion_diagnosis,融合诊断,真实调用延迟显著高于标准环境，存在业务环境时延差,标准拨测健康但真实调用延迟明显更高，差异更可能来自业务环境,暂不切换,,,保持模型路由，检查请求长度、并发、区域网络和平台排队,100.0,78.039,96.4385,environment_latency_gap,标准拨测健康但真实调用延迟明显更高，差异更可能来自业务环境,性能分71.4/基线75.5；P95 2471ms/基线2153ms；成功率95.00%/基线95.1%；单请求成本0.001100/基线0.001100；主动拨测成功率100.00%；诊断=environment_latency_gap,待处置
EVID-00058,2026-05-12,Qwen3.6-35B-A3B,Qwen,80.0,严重,fusion_diagnosis,融合诊断,真实调用与标准拨测同步下降，模型侧健康风险达到切换条件,真实调用与标准环境同步下降，模型服务或模型能力更可能异常,建议切换,,无满足跨供应商、健康和路由角色约束的候选模型,暂停自动扩量，启用兜底策略并人工确认可用替代模型,100.0,78.039,96.4385,model_side_degradation,真实调用与标准环境同步下降，模型服务或模型能力更可能异常,性能分73.8/基线75.2；P95 2399ms/基线2257ms；成功率93.33%/基线95.0%；单请求成本0.001100/基线0.001100；主动拨测成功率91.67%；诊断=model_side_degradation,待处置
EVID-00059,2026-05-12,DeepSeek-V4,DeepSeek,45.0,中,fusion_diagnosis,融合诊断,真实调用正常，但标准能力任务或拨测表现下降,真实调用正常但标准任务下降，可能存在特定能力回退或拨测环境问题,谨慎降权,,,降低当前模型权重，复跑标准任务并观察至少两个评估周期,100.0,85.7386,96.4397,capability_or_probe_issue,真实调用正常但标准任务下降，可能存在特定能力回退或拨测环境问题,性能分81.1/基线82.2；P95 8141ms/基线8411ms；成功率96.08%/基线95.9%；单请求成本0.000800/基线0.000800；主动拨测成功率98.96%；诊断=capability_or_probe_issue,待处置
EVID-00060,2026-05-12,Minimax-M2.5,MiniMax,35.0,中,fusion_diagnosis,融合诊断,真实调用表现下降，但固定环境主动拨测仍正常,真实调用下降但标准拨测正常，优先排查用户输入、网络和平台链路,暂不切换,,,保持模型路由，优先排查网关、区域网络、队列和异常业务流量,100.0,86.2026,97.3152,platform_or_traffic_issue,真实调用下降但标准拨测正常，优先排查用户输入、网络和平台链路,性能分76.9/基线76.4；P95 2411ms/基线2726ms；成功率93.59%/基线94.7%；单请求成本0.001600/基线0.001600；主动拨测成功率100.00%；诊断=platform_or_traffic_issue,待处置
EVID-00061,2026-05-13,DeepSeek-V4,DeepSeek,45.0,中,fusion_diagnosis,融合诊断,真实调用正常，但标准能力任务或拨测表现下降,真实调用正常但标准任务下降，可能存在特定能力回退或拨测环境问题,谨慎降权,,,降低当前模型权重，复跑标准任务并观察至少两个评估周期,100.0,85.7386,96.4397,capability_or_probe_issue,真实调用正常但标准任务下降，可能存在特定能力回退或拨测环境问题,性能分81.0/基线82.2；P95 8085ms/基线8245ms；成功率96.97%/基线96.1%；单请求成本0.000800/基线0.000800；主动拨测成功率98.96%；诊断=capability_or_probe_issue,待处置
EVID-00062,2026-05-13,Minimax-M2.5,MiniMax,35.0,中,fusion_diagnosis,融合诊断,真实调用表现下降，但固定环境主动拨测仍正常,真实调用下降但标准拨测正常，优先排查用户输入、网络和平台链路,暂不切换,,,保持模型路由，优先排查网关、区域网络、队列和异常业务流量,100.0,86.2026,97.3152,platform_or_traffic_issue,真实调用下降但标准拨测正常，优先排查用户输入、网络和平台链路,性能分70.4/基线76.4；P95 2705ms/基线2662ms；成功率92.75%/基线93.6%；单请求成本0.001500/基线0.001600；主动拨测成功率100.00%；诊断=platform_or_traffic_issue,待处置
EVID-00063,2026-05-14,Qwen3.6-35B-A3B,Qwen,60.0,高,success_risk,成功率异常,真实调用表现下降，但固定环境主动拨测仍正常,真实调用下降但标准拨测正常，优先排查用户输入、网络和平台链路；同时检查5xx、限流、超时和上游依赖,暂不切换,,,保持模型路由，优先排查网关、区域网络、队列和异常业务流量,100.0,78.039,96.4385,platform_or_traffic_issue,真实调用下降但标准拨测正常，优先排查用户输入、网络和平台链路,性能分75.4/基线75.5；P95 1590ms/基线2153ms；成功率82.61%/基线95.0%；单请求成本0.001000/基线0.001100；主动拨测成功率98.96%；诊断=platform_or_traffic_issue,待处置
EVID-00064,2026-05-14,DeepSeek-V4,DeepSeek,45.0,中,fusion_diagnosis,融合诊断,真实调用正常，但标准能力任务或拨测表现下降,真实调用正常但标准任务下降，可能存在特定能力回退或拨测环境问题,谨慎降权,,,降低当前模型权重，复跑标准任务并观察至少两个评估周期,100.0,85.7386,96.4397,capability_or_probe_issue,真实调用正常但标准任务下降，可能存在特定能力回退或拨测环境问题,性能分80.6/基线82.2；P95 8226ms/基线8229ms；成功率97.26%/基线96.1%；单请求成本0.000800/基线0.000800；主动拨测成功率100.00%；诊断=capability_or_probe_issue,待处置
EVID-00065,2026-05-14,Minimax-M2.5,MiniMax,20.0,低,fusion_diagnosis,融合诊断,真实调用延迟显著高于标准环境，存在业务环境时延差,标准拨测健康但真实调用延迟明显更高，差异更可能来自业务环境,暂不切换,,,保持模型路由，检查请求长度、并发、区域网络和平台排队,100.0,86.2026,97.3152,environment_latency_gap,标准拨测健康但真实调用延迟明显更高，差异更可能来自业务环境,性能分78.4/基线76.4；P95 2472ms/基线2662ms；成功率97.67%/基线92.8%；单请求成本0.001600/基线0.001600；主动拨测成功率100.00%；诊断=environment_latency_gap,待处置
EVID-00066,2026-05-15,DeepSeek-V4,DeepSeek,45.0,中,fusion_diagnosis,融合诊断,真实调用正常，但标准能力任务或拨测表现下降,真实调用正常但标准任务下降，可能存在特定能力回退或拨测环境问题,谨慎降权,,,降低当前模型权重，复跑标准任务并观察至少两个评估周期,100.0,85.7386,96.4397,capability_or_probe_issue,真实调用正常但标准任务下降，可能存在特定能力回退或拨测环境问题,性能分79.0/基线82.2；P95 8292ms/基线8226ms；成功率96.70%/基线96.5%；单请求成本0.000800/基线0.000800；主动拨测成功率100.00%；诊断=capability_or_probe_issue,待处置
EVID-00067,2026-05-15,Qwen3.6-35B-A3B,Qwen,35.0,中,fusion_diagnosis,融合诊断,真实调用表现下降，但固定环境主动拨测仍正常,真实调用下降但标准拨测正常，优先排查用户输入、网络和平台链路,暂不切换,,,保持模型路由，优先排查网关、区域网络、队列和异常业务流量,100.0,78.039,96.4385,platform_or_traffic_issue,真实调用下降但标准拨测正常，优先排查用户输入、网络和平台链路,性能分78.5/基线75.4；P95 1793ms/基线2050ms；成功率91.67%/基线93.3%；单请求成本0.001100/基线0.001100；主动拨测成功率100.00%；诊断=platform_or_traffic_issue,待处置
EVID-00068,2026-05-15,Minimax-M2.5,MiniMax,20.0,低,fusion_diagnosis,融合诊断,真实调用延迟显著高于标准环境，存在业务环境时延差,标准拨测健康但真实调用延迟明显更高，差异更可能来自业务环境,暂不切换,,,保持模型路由，检查请求长度、并发、区域网络和平台排队,100.0,86.2026,97.3152,environment_latency_gap,标准拨测健康但真实调用延迟明显更高，差异更可能来自业务环境,性能分82.7/基线76.9；P95 2152ms/基线2620ms；成功率96.47%/基线92.8%；单请求成本0.001500/基线0.001600；主动拨测成功率100.00%；诊断=environment_latency_gap,待处置
EVID-00069,2026-05-16,DeepSeek-V4,DeepSeek,45.0,中,fusion_diagnosis,融合诊断,真实调用正常，但标准能力任务或拨测表现下降,真实调用正常但标准任务下降，可能存在特定能力回退或拨测环境问题,谨慎降权,,,降低当前模型权重，复跑标准任务并观察至少两个评估周期,100.0,85.7386,96.4397,capability_or_probe_issue,真实调用正常但标准任务下降，可能存在特定能力回退或拨测环境问题,性能分80.3/基线81.1；P95 8127ms/基线8226ms；成功率96.39%/基线96.6%；单请求成本0.000800/基线0.000800；主动拨测成功率100.00%；诊断=capability_or_probe_issue,待处置
EVID-00070,2026-05-16,Minimax-M2.5,MiniMax,20.0,低,fusion_diagnosis,融合诊断,真实调用延迟显著高于标准环境，存在业务环境时延差,标准拨测健康但真实调用延迟明显更高，差异更可能来自业务环境,暂不切换,,,保持模型路由，检查请求长度、并发、区域网络和平台排队,100.0,86.2026,97.3152,environment_latency_gap,标准拨测健康但真实调用延迟明显更高，差异更可能来自业务环境,性能分70.4/基线76.9；P95 2987ms/基线2601ms；成功率94.34%/基线92.8%；单请求成本0.001700/基线0.001600；主动拨测成功率100.00%；诊断=environment_latency_gap,待处置
EVID-00071,2026-05-16,Qwen3.6-35B-A3B,Qwen,20.0,低,fusion_diagnosis,融合诊断,真实调用延迟显著高于标准环境，存在业务环境时延差,标准拨测健康但真实调用延迟明显更高，差异更可能来自业务环境,暂不切换,,,保持模型路由，检查请求长度、并发、区域网络和平台排队,100.0,78.039,96.4385,environment_latency_gap,标准拨测健康但真实调用延迟明显更高，差异更可能来自业务环境,性能分81.5/基线75.4；P95 1937ms/基线2046ms；成功率100.00%/基线91.7%；单请求成本0.001200/基线0.001100；主动拨测成功率100.00%；诊断=environment_latency_gap,待处置
EVID-00072,2026-05-17,DeepSeek-V4,DeepSeek,45.0,中,fusion_diagnosis,融合诊断,真实调用正常，但标准能力任务或拨测表现下降,真实调用正常但标准任务下降，可能存在特定能力回退或拨测环境问题,谨慎降权,,,降低当前模型权重，复跑标准任务并观察至少两个评估周期,100.0,85.7386,96.4397,capability_or_probe_issue,真实调用正常但标准任务下降，可能存在特定能力回退或拨测环境问题,性能分79.9/基线81.0；P95 8375ms/基线8226ms；成功率96.15%/基线96.6%；单请求成本0.000800/基线0.000800；主动拨测成功率100.00%；诊断=capability_or_probe_issue,待处置
EVID-00073,2026-05-17,Minimax-M2.5,MiniMax,20.0,低,fusion_diagnosis,融合诊断,真实调用延迟显著高于标准环境，存在业务环境时延差,标准拨测健康但真实调用延迟明显更高，差异更可能来自业务环境,暂不切换,,,保持模型路由，检查请求长度、并发、区域网络和平台排队,100.0,86.2026,97.3152,environment_latency_gap,标准拨测健康但真实调用延迟明显更高，差异更可能来自业务环境,性能分78.6/基线76.4；P95 2223ms/基线2662ms；成功率95.24%/基线93.6%；单请求成本0.001500/基线0.001600；主动拨测成功率100.00%；诊断=environment_latency_gap,待处置
EVID-00074,2026-05-17,Qwen3.6-35B-A3B,Qwen,20.0,低,fusion_diagnosis,融合诊断,真实调用延迟显著高于标准环境，存在业务环境时延差,标准拨测健康但真实调用延迟明显更高，差异更可能来自业务环境,暂不切换,,,保持模型路由，检查请求长度、并发、区域网络和平台排队,100.0,78.039,96.4385,environment_latency_gap,标准拨测健康但真实调用延迟明显更高，差异更可能来自业务环境,性能分73.8/基线75.5；P95 2088ms/基线1937ms；成功率96.55%/基线93.3%；单请求成本0.001000/基线0.001100；主动拨测成功率100.00%；诊断=environment_latency_gap,待处置
EVID-00075,2026-05-18,DeepSeek-V4,DeepSeek,45.0,中,fusion_diagnosis,融合诊断,真实调用正常，但标准能力任务或拨测表现下降,真实调用正常但标准任务下降，可能存在特定能力回退或拨测环境问题,谨慎降权,,,降低当前模型权重，复跑标准任务并观察至少两个评估周期,100.0,85.7386,96.4397,capability_or_probe_issue,真实调用正常但标准任务下降，可能存在特定能力回退或拨测环境问题,性能分79.6/基线80.6；P95 8348ms/基线8226ms；成功率97.19%/基线96.6%；单请求成本0.000800/基线0.000800；主动拨测成功率100.00%；诊断=capability_or_probe_issue,待处置
EVID-00076,2026-05-18,Qwen3.6-35B-A3B,Qwen,35.0,中,fusion_diagnosis,融合诊断,真实调用表现下降，但固定环境主动拨测仍正常,真实调用下降但标准拨测正常，优先排查用户输入、网络和平台链路,暂不切换,,,保持模型路由，优先排查网关、区域网络、队列和异常业务流量,100.0,78.039,96.4385,platform_or_traffic_issue,真实调用下降但标准拨测正常，优先排查用户输入、网络和平台链路,性能分73.3/基线75.4；P95 2091ms/基线1937ms；成功率92.98%/基线95.0%；单请求成本0.001100/基线0.001100；主动拨测成功率100.00%；诊断=platform_or_traffic_issue,待处置
EVID-00077,2026-05-18,Minimax-M2.5,MiniMax,20.0,低,fusion_diagnosis,融合诊断,真实调用延迟显著高于标准环境，存在业务环境时延差,标准拨测健康但真实调用延迟明显更高，差异更可能来自业务环境,暂不切换,,,保持模型路由，检查请求长度、并发、区域网络和平台排队,100.0,86.2026,97.3152,environment_latency_gap,标准拨测健康但真实调用延迟明显更高，差异更可能来自业务环境,性能分76.9/基线76.9；P95 2328ms/基线2472ms；成功率95.76%/基线94.3%；单请求成本0.001500/基线0.001500；主动拨测成功率100.00%；诊断=environment_latency_gap,待处置
EVID-00078,2026-05-19,DeepSeek-V4,DeepSeek,80.0,严重,fusion_diagnosis,融合诊断,真实调用与标准拨测同步下降，模型侧健康风险达到切换条件,真实调用与标准环境同步下降，模型服务或模型能力更可能异常,建议切换,,无满足跨供应商、健康和路由角色约束的候选模型,暂停自动扩量，启用兜底策略并人工确认可用替代模型,100.0,85.7386,96.4397,model_side_degradation,真实调用与标准环境同步下降，模型服务或模型能力更可能异常,性能分19.5/基线80.3；P95 25570ms/基线8226ms；成功率93.23%/基线96.7%；单请求成本0.000800/基线0.000800；主动拨测成功率100.00%；诊断=model_side_degradation,待处置
EVID-00079,2026-05-19,Qwen3.6-35B-A3B,Qwen,35.0,中,fusion_diagnosis,融合诊断,真实调用表现下降，但固定环境主动拨测仍正常,真实调用下降但标准拨测正常，优先排查用户输入、网络和平台链路,暂不切换,,,保持模型路由，优先排查网关、区域网络、队列和异常业务流量,100.0,78.039,96.4385,platform_or_traffic_issue,真实调用下降但标准拨测正常，优先排查用户输入、网络和平台链路,性能分63.9/基线75.4；P95 2546ms/基线1937ms；成功率94.12%/基线93.3%；单请求成本0.001200/基线0.001100；主动拨测成功率100.00%；诊断=platform_or_traffic_issue,待处置
EVID-00080,2026-05-19,Minimax-M2.5,MiniMax,20.0,低,fusion_diagnosis,融合诊断,真实调用延迟显著高于标准环境，存在业务环境时延差,标准拨测健康但真实调用延迟明显更高，差异更可能来自业务环境,暂不切换,,,保持模型路由，检查请求长度、并发、区域网络和平台排队,100.0,86.2026,97.3152,environment_latency_gap,标准拨测健康但真实调用延迟明显更高，差异更可能来自业务环境,性能分76.9/基线76.9；P95 2270ms/基线2411ms；成功率96.70%/基线95.2%；单请求成本0.001600/基线0.001500；主动拨测成功率100.00%；诊断=environment_latency_gap,待处置
EVID-00081,2026-05-20,Minimax-M2.5,MiniMax,60.0,高,performance_risk,性能下降,真实调用表现下降，但固定环境主动拨测仍正常,真实调用下降但标准拨测正常，优先排查用户输入、网络和平台链路；同时检查模型容量、队列、供应商限流和长请求占比,暂不切换,,,保持模型路由，优先排查网关、区域网络、队列和异常业务流量,100.0,86.2026,97.3152,platform_or_traffic_issue,真实调用下降但标准拨测正常，优先排查用户输入、网络和平台链路,性能分51.2/基线76.9；P95 3900ms/基线2328ms；成功率98.95%/基线95.8%；单请求成本0.001700/基线0.001500；主动拨测成功率100.00%；诊断=platform_or_traffic_issue,待处置
EVID-00082,2026-05-20,DeepSeek-V4,DeepSeek,45.0,中,fusion_diagnosis,融合诊断,真实调用正常，但标准能力任务或拨测表现下降,真实调用正常但标准任务下降，可能存在特定能力回退或拨测环境问题,谨慎降权,,,降低当前模型权重，复跑标准任务并观察至少两个评估周期,100.0,85.7386,96.4397,capability_or_probe_issue,真实调用正常但标准任务下降，可能存在特定能力回退或拨测环境问题,性能分79.4/基线79.9；P95 8530ms/基线8292ms；成功率96.41%/基线96.7%；单请求成本0.000800/基线0.000800；主动拨测成功率98.96%；诊断=capability_or_probe_issue,待处置
EVID-00083,2026-05-20,Qwen3.6-35B-A3B,Qwen,39.8232,中,success_risk,成功率异常,真实调用表现下降，但固定环境主动拨测仍正常,真实调用下降但标准拨测正常，优先排查用户输入、网络和平台链路；同时检查5xx、限流、超时和上游依赖,暂不切换,,,保持模型路由，优先排查网关、区域网络、队列和异常业务流量,100.0,78.039,96.4385,platform_or_traffic_issue,真实调用下降但标准拨测正常，优先排查用户输入、网络和平台链路,性能分68.4/基线75.4；P95 2406ms/基线1937ms；成功率89.80%/基线94.1%；单请求成本0.001300/基线0.001100；主动拨测成功率100.00%；诊断=platform_or_traffic_issue,待处置
EVID-00084,2026-05-21,DeepSeek-V4,DeepSeek,45.0,中,fusion_diagnosis,融合诊断,真实调用正常，但标准能力任务或拨测表现下降,真实调用正常但标准任务下降，可能存在特定能力回退或拨测环境问题,谨慎降权,,,降低当前模型权重，复跑标准任务并观察至少两个评估周期,100.0,85.7386,96.4397,capability_or_probe_issue,真实调用正常但标准任务下降，可能存在特定能力回退或拨测环境问题,性能分79.7/基线79.6；P95 8441ms/基线8348ms；成功率96.78%/基线96.4%；单请求成本0.000800/基线0.000800；主动拨测成功率98.96%；诊断=capability_or_probe_issue,待处置
EVID-00085,2026-05-21,Minimax-M2.5,MiniMax,35.0,中,fusion_diagnosis,融合诊断,真实调用表现下降，但固定环境主动拨测仍正常,真实调用下降但标准拨测正常，优先排查用户输入、网络和平台链路,暂不切换,,,保持模型路由，优先排查网关、区域网络、队列和异常业务流量,100.0,86.2026,97.3152,platform_or_traffic_issue,真实调用下降但标准拨测正常，优先排查用户输入、网络和平台链路,性能分71.1/基线76.9；P95 2641ms/基线2328ms；成功率91.25%/基线96.5%；单请求成本0.001500/基线0.001600；主动拨测成功率100.00%；诊断=platform_or_traffic_issue,待处置
EVID-00086,2026-05-21,Qwen3.6-35B-A3B,Qwen,20.0,低,fusion_diagnosis,融合诊断,真实调用延迟显著高于标准环境，存在业务环境时延差,标准拨测健康但真实调用延迟明显更高，差异更可能来自业务环境,暂不切换,,,保持模型路由，检查请求长度、并发、区域网络和平台排队,100.0,78.039,96.4385,environment_latency_gap,标准拨测健康但真实调用延迟明显更高，差异更可能来自业务环境,性能分72.6/基线73.8；P95 2123ms/基线2088ms；成功率98.00%/基线93.0%；单请求成本0.001100/基线0.001100；主动拨测成功率100.00%；诊断=environment_latency_gap,待处置
EVID-00087,2026-05-22,Minimax-M2.5,MiniMax,60.0,高,performance_risk,性能下降,真实调用表现下降，但固定环境主动拨测仍正常,真实调用下降但标准拨测正常，优先排查用户输入、网络和平台链路；同时检查模型容量、队列、供应商限流和长请求占比,暂不切换,,,保持模型路由，优先排查网关、区域网络、队列和异常业务流量,100.0,86.2026,97.3152,platform_or_traffic_issue,真实调用下降但标准拨测正常，优先排查用户输入、网络和平台链路,性能分47.7/基线76.9；P95 4275ms/基线2328ms；成功率97.10%/基线95.8%；单请求成本0.001600/基线0.001500；主动拨测成功率100.00%；诊断=platform_or_traffic_issue,待处置
EVID-00088,2026-05-22,DeepSeek-V4,DeepSeek,45.0,中,fusion_diagnosis,融合诊断,真实调用正常，但标准能力任务或拨测表现下降,真实调用正常但标准任务下降，可能存在特定能力回退或拨测环境问题,谨慎降权,,,降低当前模型权重，复跑标准任务并观察至少两个评估周期,100.0,85.7386,96.4397,capability_or_probe_issue,真实调用正常但标准任务下降，可能存在特定能力回退或拨测环境问题,性能分79.2/基线79.6；P95 8430ms/基线8375ms；成功率95.12%/基线96.4%；单请求成本0.000800/基线0.000800；主动拨测成功率100.00%；诊断=capability_or_probe_issue,待处置
EVID-00089,2026-05-22,Qwen3.6-35B-A3B,Qwen,35.0035,中,performance_risk,性能下降,真实调用表现下降，但固定环境主动拨测仍正常,真实调用下降但标准拨测正常，优先排查用户输入、网络和平台链路；同时检查模型容量、队列、供应商限流和长请求占比,暂不切换,,,保持模型路由，优先排查网关、区域网络、队列和异常业务流量,100.0,78.039,96.4385,platform_or_traffic_issue,真实调用下降但标准拨测正常，优先排查用户输入、网络和平台链路,性能分59.7/基线73.3；P95 2878ms/基线2091ms；成功率91.43%/基线94.1%；单请求成本0.001100/基线0.001100；主动拨测成功率100.00%；诊断=platform_or_traffic_issue,待处置
EVID-00090,2026-05-23,Minimax-M2.5,MiniMax,60.0,高,performance_risk,性能下降,真实调用表现下降，但固定环境主动拨测仍正常,真实调用下降但标准拨测正常，优先排查用户输入、网络和平台链路；同时检查模型容量、队列、供应商限流和长请求占比,暂不切换,,,保持模型路由，优先排查网关、区域网络、队列和异常业务流量,100.0,86.2026,97.3152,platform_or_traffic_issue,真实调用下降但标准拨测正常，优先排查用户输入、网络和平台链路,性能分42.6/基线71.1；P95 5228ms/基线2641ms；成功率91.49%/基线95.8%；单请求成本0.001600/基线0.001600；主动拨测成功率100.00%；诊断=platform_or_traffic_issue,待处置
EVID-00091,2026-05-23,DeepSeek-V4,DeepSeek,45.0,中,fusion_diagnosis,融合诊断,真实调用正常，但标准能力任务或拨测表现下降,真实调用正常但标准任务下降，可能存在特定能力回退或拨测环境问题,谨慎降权,,,降低当前模型权重，复跑标准任务并观察至少两个评估周期,100.0,85.7386,96.4397,capability_or_probe_issue,真实调用正常但标准任务下降，可能存在特定能力回退或拨测环境问题,性能分79.2/基线79.6；P95 8653ms/基线8430ms；成功率96.64%/基线96.4%；单请求成本0.000800/基线0.000800；主动拨测成功率100.00%；诊断=capability_or_probe_issue,待处置
EVID-00092,2026-05-23,Qwen3.6-35B-A3B,Qwen,35.0,中,fusion_diagnosis,融合诊断,真实调用表现下降，但固定环境主动拨测仍正常,真实调用下降但标准拨测正常，优先排查用户输入、网络和平台链路,暂不切换,,,保持模型路由，优先排查网关、区域网络、队列和异常业务流量,100.0,78.039,96.4385,platform_or_traffic_issue,真实调用下降但标准拨测正常，优先排查用户输入、网络和平台链路,性能分80.2/基线72.6；P95 1865ms/基线2123ms；成功率93.10%/基线94.1%；单请求成本0.001000/基线0.001100；主动拨测成功率100.00%；诊断=platform_or_traffic_issue,待处置
EVID-00093,2026-05-24,Minimax-M2.5,MiniMax,60.0,高,performance_risk,性能下降,真实调用表现下降，但固定环境主动拨测仍正常,真实调用下降但标准拨测正常，优先排查用户输入、网络和平台链路；同时检查模型容量、队列、供应商限流和长请求占比,暂不切换,,,保持模型路由，优先排查网关、区域网络、队列和异常业务流量,100.0,86.2026,97.3152,platform_or_traffic_issue,真实调用下降但标准拨测正常，优先排查用户输入、网络和平台链路,性能分41.0/基线71.1；P95 5176ms/基线2641ms；成功率97.50%/基线95.8%；单请求成本0.001800/基线0.001600；主动拨测成功率100.00%；诊断=platform_or_traffic_issue,待处置
EVID-00094,2026-05-24,DeepSeek-V4,DeepSeek,45.0,中,fusion_diagnosis,融合诊断,真实调用正常，但标准能力任务或拨测表现下降,真实调用正常但标准任务下降，可能存在特定能力回退或拨测环境问题,谨慎降权,,,降低当前模型权重，复跑标准任务并观察至少两个评估周期,100.0,85.7386,96.4397,capability_or_probe_issue,真实调用正常但标准任务下降，可能存在特定能力回退或拨测环境问题,性能分79.5/基线79.4；P95 8375ms/基线8441ms；成功率96.88%/基线96.4%；单请求成本0.000800/基线0.000800；主动拨测成功率100.00%；诊断=capability_or_probe_issue,待处置
EVID-00095,2026-05-24,Qwen3.6-35B-A3B,Qwen,35.0,中,fusion_diagnosis,融合诊断,真实调用表现下降，但固定环境主动拨测仍正常,真实调用下降但标准拨测正常，优先排查用户输入、网络和平台链路,暂不切换,,,保持模型路由，优先排查网关、区域网络、队列和异常业务流量,100.0,78.039,96.4385,platform_or_traffic_issue,真实调用下降但标准拨测正常，优先排查用户输入、网络和平台链路,性能分68.7/基线72.6；P95 2487ms/基线2123ms；成功率94.12%/基线93.1%；单请求成本0.001100/基线0.001100；主动拨测成功率98.96%；诊断=platform_or_traffic_issue,待处置
EVID-00096,2026-05-25,DeepSeek-V4,DeepSeek,45.0,中,fusion_diagnosis,融合诊断,真实调用正常，但标准能力任务或拨测表现下降,真实调用正常但标准任务下降，可能存在特定能力回退或拨测环境问题,谨慎降权,,,降低当前模型权重，复跑标准任务并观察至少两个评估周期,100.0,85.7386,96.4397,capability_or_probe_issue,真实调用正常但标准任务下降，可能存在特定能力回退或拨测环境问题,性能分78.8/基线79.4；P95 8647ms/基线8441ms；成功率95.57%/基线96.6%；单请求成本0.000800/基线0.000800；主动拨测成功率100.00%；诊断=capability_or_probe_issue,待处置
EVID-00097,2026-05-25,Qwen3.6-35B-A3B,Qwen,39.0346,中,success_risk,成功率异常,真实调用表现下降，但固定环境主动拨测仍正常,真实调用下降但标准拨测正常，优先排查用户输入、网络和平台链路；同时检查5xx、限流、超时和上游依赖,暂不切换,,,保持模型路由，优先排查网关、区域网络、队列和异常业务流量,100.0,78.039,96.4385,platform_or_traffic_issue,真实调用下降但标准拨测正常，优先排查用户输入、网络和平台链路,性能分76.6/基线68.7；P95 2292ms/基线2406ms；成功率87.10%/基线93.1%；单请求成本0.000900/基线0.001100；主动拨测成功率100.00%；诊断=platform_or_traffic_issue,待处置
EVID-00098,2026-05-25,Minimax-M2.5,MiniMax,20.0,低,fusion_diagnosis,融合诊断,真实调用延迟显著高于标准环境，存在业务环境时延差,标准拨测健康但真实调用延迟明显更高，差异更可能来自业务环境,暂不切换,,,保持模型路由，检查请求长度、并发、区域网络和平台排队,100.0,86.2026,97.3152,environment_latency_gap,标准拨测健康但真实调用延迟明显更高，差异更可能来自业务环境,性能分73.3/基线51.2；P95 3740ms/基线3900ms；成功率95.59%/基线96.7%；单请求成本0.001700/基线0.001600；主动拨测成功率100.00%；诊断=environment_latency_gap,待处置
EVID-00099,2026-05-26,DeepSeek-V4,DeepSeek,45.0,中,fusion_diagnosis,融合诊断,真实调用正常，但标准能力任务或拨测表现下降,真实调用正常但标准任务下降，可能存在特定能力回退或拨测环境问题,谨慎降权,,,降低当前模型权重，复跑标准任务并观察至少两个评估周期,100.0,85.7386,96.4397,capability_or_probe_issue,真实调用正常但标准任务下降，可能存在特定能力回退或拨测环境问题,性能分78.6/基线79.2；P95 8721ms/基线8530ms；成功率96.41%/基线96.4%；单请求成本0.000800/基线0.000800；主动拨测成功率100.00%；诊断=capability_or_probe_issue,待处置
EVID-00100,2026-05-26,Minimax-M2.5,MiniMax,20.0,低,fusion_diagnosis,融合诊断,真实调用延迟显著高于标准环境，存在业务环境时延差,标准拨测健康但真实调用延迟明显更高，差异更可能来自业务环境,暂不切换,,,保持模型路由，检查请求长度、并发、区域网络和平台排队,100.0,86.2026,97.3152,environment_latency_gap,标准拨测健康但真实调用延迟明显更高，差异更可能来自业务环境,性能分89.4/基线51.2；P95 2501ms/基线3900ms；成功率98.57%/基线96.7%；单请求成本0.001600/基线0.001600；主动拨测成功率100.00%；诊断=environment_latency_gap,待处置
EVID-00101,2026-05-26,Qwen3.6-35B-A3B,Qwen,20.0,低,fusion_diagnosis,融合诊断,真实调用延迟显著高于标准环境，存在业务环境时延差,标准拨测健康但真实调用延迟明显更高，差异更可能来自业务环境,暂不切换,,,保持模型路由，检查请求长度、并发、区域网络和平台排队,100.0,78.039,96.4385,environment_latency_gap,标准拨测健康但真实调用延迟明显更高，差异更可能来自业务环境,性能分70.1/基线68.7；P95 2771ms/基线2406ms；成功率100.00%/基线93.1%；单请求成本0.001200/基线0.001100；主动拨测成功率100.00%；诊断=environment_latency_gap,待处置
EVID-00102,2026-05-27,DeepSeek-V4,DeepSeek,45.0,中,fusion_diagnosis,融合诊断,真实调用正常，但标准能力任务或拨测表现下降,真实调用正常但标准任务下降，可能存在特定能力回退或拨测环境问题,谨慎降权,,,降低当前模型权重，复跑标准任务并观察至少两个评估周期,100.0,85.7386,96.4397,capability_or_probe_issue,真实调用正常但标准任务下降，可能存在特定能力回退或拨测环境问题,性能分77.8/基线79.2；P95 8924ms/基线8530ms；成功率94.83%/基线96.4%；单请求成本0.000800/基线0.000800；主动拨测成功率100.00%；诊断=capability_or_probe_issue,待处置
EVID-00103,2026-05-27,Minimax-M2.5,MiniMax,38.6057,中,success_risk,成功率异常,真实调用表现下降，但固定环境主动拨测仍正常,真实调用下降但标准拨测正常，优先排查用户输入、网络和平台链路；同时检查5xx、限流、超时和上游依赖,暂不切换,,,保持模型路由，优先排查网关、区域网络、队列和异常业务流量,100.0,86.2026,97.3152,platform_or_traffic_issue,真实调用下降但标准拨测正常，优先排查用户输入、网络和平台链路,性能分90.7/基线51.2；P95 2351ms/基线3900ms；成功率91.18%/基线97.1%；单请求成本0.001500/基线0.001600；主动拨测成功率100.00%；诊断=platform_or_traffic_issue,待处置
EVID-00104,2026-05-27,Qwen3.6-35B-A3B,Qwen,35.0,中,fusion_diagnosis,融合诊断,真实调用表现下降，但固定环境主动拨测仍正常,真实调用下降但标准拨测正常，优先排查用户输入、网络和平台链路,暂不切换,,,保持模型路由，优先排查网关、区域网络、队列和异常业务流量,100.0,78.039,96.4385,platform_or_traffic_issue,真实调用下降但标准拨测正常，优先排查用户输入、网络和平台链路,性能分68.2/基线70.1；P95 2789ms/基线2406ms；成功率96.23%/基线93.1%；单请求成本0.001200/基线0.001100；主动拨测成功率100.00%；诊断=platform_or_traffic_issue,待处置
EVID-00105,2026-05-28,DeepSeek-V4,DeepSeek,45.0,中,fusion_diagnosis,融合诊断,真实调用正常，但标准能力任务或拨测表现下降,真实调用正常但标准任务下降，可能存在特定能力回退或拨测环境问题,谨慎降权,,,降低当前模型权重，复跑标准任务并观察至少两个评估周期,100.0,85.7386,96.4397,capability_or_probe_issue,真实调用正常但标准任务下降，可能存在特定能力回退或拨测环境问题,性能分79.4/基线79.2；P95 8708ms/基线8647ms；成功率96.42%/基线96.4%；单请求成本0.000800/基线0.000800；主动拨测成功率100.00%；诊断=capability_or_probe_issue,待处置
EVID-00106,2026-05-28,Minimax-M2.5,MiniMax,35.0,中,fusion_diagnosis,融合诊断,真实调用表现下降，但固定环境主动拨测仍正常,真实调用下降但标准拨测正常，优先排查用户输入、网络和平台链路,暂不切换,,,保持模型路由，优先排查网关、区域网络、队列和异常业务流量,100.0,86.2026,97.3152,platform_or_traffic_issue,真实调用下降但标准拨测正常，优先排查用户输入、网络和平台链路,性能分87.1/基线71.1；P95 2618ms/基线3740ms；成功率93.24%/基线95.6%；单请求成本0.001700/基线0.001600；主动拨测成功率100.00%；诊断=platform_or_traffic_issue,待处置
EVID-00107,2026-05-28,Qwen3.6-35B-A3B,Qwen,35.0,中,fusion_diagnosis,融合诊断,真实调用表现下降，但固定环境主动拨测仍正常,真实调用下降但标准拨测正常，优先排查用户输入、网络和平台链路,暂不切换,,,保持模型路由，优先排查网关、区域网络、队列和异常业务流量,100.0,78.039,96.4385,platform_or_traffic_issue,真实调用下降但标准拨测正常，优先排查用户输入、网络和平台链路,性能分73.1/基线70.1；P95 2464ms/基线2487ms；成功率92.68%/基线94.1%；单请求成本0.001100/基线0.001100；主动拨测成功率100.00%；诊断=platform_or_traffic_issue,待处置
EVID-00108,2026-05-29,DeepSeek-V4,DeepSeek,45.0,中,fusion_diagnosis,融合诊断,真实调用正常，但标准能力任务或拨测表现下降,真实调用正常但标准任务下降，可能存在特定能力回退或拨测环境问题,谨慎降权,,,降低当前模型权重，复跑标准任务并观察至少两个评估周期,100.0,85.7386,96.4397,capability_or_probe_issue,真实调用正常但标准任务下降，可能存在特定能力回退或拨测环境问题,性能分78.5/基线79.2；P95 9220ms/基线8653ms；成功率95.94%/基线96.4%；单请求成本0.000800/基线0.000800；主动拨测成功率98.96%；诊断=capability_or_probe_issue,待处置
EVID-00109,2026-05-29,Qwen3.6-35B-A3B,Qwen,35.0,中,fusion_diagnosis,融合诊断,真实调用表现下降，但固定环境主动拨测仍正常,真实调用下降但标准拨测正常，优先排查用户输入、网络和平台链路,暂不切换,,,保持模型路由，优先排查网关、区域网络、队列和异常业务流量,100.0,78.039,96.4385,platform_or_traffic_issue,真实调用下降但标准拨测正常，优先排查用户输入、网络和平台链路,性能分73.9/基线70.1；P95 2483ms/基线2487ms；成功率88.24%/基线93.1%；单请求成本0.001200/基线0.001100；主动拨测成功率100.00%；诊断=platform_or_traffic_issue,待处置
EVID-00110,2026-05-29,Minimax-M2.5,MiniMax,20.0,低,fusion_diagnosis,融合诊断,真实调用延迟显著高于标准环境，存在业务环境时延差,标准拨测健康但真实调用延迟明显更高，差异更可能来自业务环境,暂不切换,,,保持模型路由，检查请求长度、并发、区域网络和平台排队,100.0,86.2026,97.3152,environment_latency_gap,标准拨测健康但真实调用延迟明显更高，差异更可能来自业务环境,性能分83.2/基线73.3；P95 2768ms/基线3740ms；成功率95.38%/基线95.6%；单请求成本0.001700/基线0.001600；主动拨测成功率100.00%；诊断=environment_latency_gap,待处置
EVID-00111,2026-05-30,Qwen3.6-35B-A3B,Qwen,50.0428,中,success_risk,成功率异常,真实调用表现下降，但固定环境主动拨测仍正常,真实调用下降但标准拨测正常，优先排查用户输入、网络和平台链路；同时检查5xx、限流、超时和上游依赖,暂不切换,,,保持模型路由，优先排查网关、区域网络、队列和异常业务流量,100.0,78.039,96.4385,platform_or_traffic_issue,真实调用下降但标准拨测正常，优先排查用户输入、网络和平台链路,性能分66.1/基线73.1；P95 3178ms/基线2483ms；成功率85.00%/基线93.1%；单请求成本0.001100/基线0.001100；主动拨测成功率100.00%；诊断=platform_or_traffic_issue,待处置
EVID-00112,2026-05-30,DeepSeek-V4,DeepSeek,45.0,中,fusion_diagnosis,融合诊断,真实调用正常，但标准能力任务或拨测表现下降,真实调用正常但标准任务下降，可能存在特定能力回退或拨测环境问题,谨慎降权,,,降低当前模型权重，复跑标准任务并观察至少两个评估周期,100.0,85.7386,96.4397,capability_or_probe_issue,真实调用正常但标准任务下降，可能存在特定能力回退或拨测环境问题,性能分77.6/基线78.8；P95 9259ms/基线8708ms；成功率95.25%/基线96.4%；单请求成本0.000800/基线0.000800；主动拨测成功率98.96%；诊断=capability_or_probe_issue,待处置
EVID-00113,2026-05-30,Minimax-M2.5,MiniMax,35.0,中,fusion_diagnosis,融合诊断,真实调用表现下降，但固定环境主动拨测仍正常,真实调用下降但标准拨测正常，优先排查用户输入、网络和平台链路,暂不切换,,,保持模型路由，优先排查网关、区域网络、队列和异常业务流量,100.0,86.2026,97.3152,platform_or_traffic_issue,真实调用下降但标准拨测正常，优先排查用户输入、网络和平台链路,性能分72.5/基线83.2；P95 3089ms/基线2768ms；成功率93.88%/基线95.4%；单请求成本0.001900/基线0.001700；主动拨测成功率100.00%；诊断=platform_or_traffic_issue,待处置
EVID-00114,2026-05-31,Qwen3.6-35B-A3B,Qwen,46.2912,中,success_risk,成功率异常,真实调用表现下降，但固定环境主动拨测仍正常,真实调用下降但标准拨测正常，优先排查用户输入、网络和平台链路；同时检查5xx、限流、超时和上游依赖,暂不切换,,,保持模型路由，优先排查网关、区域网络、队列和异常业务流量,100.0,78.039,96.4385,platform_or_traffic_issue,真实调用下降但标准拨测正常，优先排查用户输入、网络和平台链路,性能分76.1/基线70.1；P95 2284ms/基线2487ms；成功率85.29%/基线92.7%；单请求成本0.000900/基线0.001100；主动拨测成功率100.00%；诊断=platform_or_traffic_issue,待处置
EVID-00115,2026-05-31,DeepSeek-V4,DeepSeek,45.0,中,fusion_diagnosis,融合诊断,真实调用正常，但标准能力任务或拨测表现下降,真实调用正常但标准任务下降，可能存在特定能力回退或拨测环境问题,谨慎降权,,,降低当前模型权重，复跑标准任务并观察至少两个评估周期,100.0,85.7386,96.4397,capability_or_probe_issue,真实调用正常但标准任务下降，可能存在特定能力回退或拨测环境问题,性能分78.1/基线78.6；P95 9067ms/基线8721ms；成功率94.91%/基线95.9%；单请求成本0.000800/基线0.000800；主动拨测成功率100.00%；诊断=capability_or_probe_issue,待处置
EVID-00116,2026-05-31,Minimax-M2.5,MiniMax,20.0,低,fusion_diagnosis,融合诊断,真实调用延迟显著高于标准环境，存在业务环境时延差,标准拨测健康但真实调用延迟明显更高，差异更可能来自业务环境,暂不切换,,,保持模型路由，检查请求长度、并发、区域网络和平台排队,100.0,86.2026,97.3152,environment_latency_gap,标准拨测健康但真实调用延迟明显更高，差异更可能来自业务环境,性能分79.0/基线83.2；P95 2643ms/基线2768ms；成功率95.92%/基线95.4%；单请求成本0.001500/基线0.001700；主动拨测成功率100.00%；诊断=environment_latency_gap,待处置
EVID-00117,2026-06-01,DeepSeek-V4,DeepSeek,45.0,中,fusion_diagnosis,融合诊断,真实调用正常，但标准能力任务或拨测表现下降,真实调用正常但标准任务下降，可能存在特定能力回退或拨测环境问题,谨慎降权,,,降低当前模型权重，复跑标准任务并观察至少两个评估周期,100.0,85.7386,96.4397,capability_or_probe_issue,真实调用正常但标准任务下降，可能存在特定能力回退或拨测环境问题,性能分78.4/基线78.5；P95 9467ms/基线8924ms；成功率95.57%/基线95.6%；单请求成本0.000800/基线0.000800；主动拨测成功率100.00%；诊断=capability_or_probe_issue,待处置
EVID-00118,2026-06-01,Qwen3.6-35B-A3B,Qwen,35.0,中,fusion_diagnosis,融合诊断,真实调用表现下降，但固定环境主动拨测仍正常,真实调用下降但标准拨测正常，优先排查用户输入、网络和平台链路,暂不切换,,,保持模型路由，优先排查网关、区域网络、队列和异常业务流量,100.0,78.039,96.4385,platform_or_traffic_issue,真实调用下降但标准拨测正常，优先排查用户输入、网络和平台链路,性能分69.6/基线73.1；P95 3040ms/基线2483ms；成功率90.24%/基线88.2%；单请求成本0.001100/基线0.001100；主动拨测成功率100.00%；诊断=platform_or_traffic_issue,待处置
EVID-00119,2026-06-01,Minimax-M2.5,MiniMax,21.2333,低,performance_risk,性能下降,真实调用延迟显著高于标准环境，存在业务环境时延差,标准拨测健康但真实调用延迟明显更高，差异更可能来自业务环境；同时检查模型容量、队列、供应商限流和长请求占比,暂不切换,,,保持模型路由，检查请求长度、并发、区域网络和平台排队,100.0,86.2026,97.3152,environment_latency_gap,标准拨测健康但真实调用延迟明显更高，差异更可能来自业务环境,性能分73.9/基线83.2；P95 2653ms/基线2643ms；成功率94.52%/基线95.4%；单请求成本0.001600/基线0.001700；主动拨测成功率100.00%；诊断=environment_latency_gap,待处置
EVID-00120,2026-06-02,DeepSeek-V4,DeepSeek,45.0,中,fusion_diagnosis,融合诊断,真实调用正常，但标准能力任务或拨测表现下降,真实调用正常但标准任务下降，可能存在特定能力回退或拨测环境问题,谨慎降权,,,降低当前模型权重，复跑标准任务并观察至少两个评估周期,100.0,85.7386,96.4397,capability_or_probe_issue,真实调用正常但标准任务下降，可能存在特定能力回退或拨测环境问题,性能分78.9/基线78.4；P95 9045ms/基线9067ms；成功率95.24%/基线95.6%；单请求成本0.000800/基线0.000800；主动拨测成功率100.00%；诊断=capability_or_probe_issue,待处置
EVID-00121,2026-06-02,Minimax-M2.5,MiniMax,35.0,中,fusion_diagnosis,融合诊断,真实调用表现下降，但固定环境主动拨测仍正常,真实调用下降但标准拨测正常，优先排查用户输入、网络和平台链路,暂不切换,,,保持模型路由，优先排查网关、区域网络、队列和异常业务流量,100.0,86.2026,97.3152,platform_or_traffic_issue,真实调用下降但标准拨测正常，优先排查用户输入、网络和平台链路,性能分68.4/基线83.2；P95 3070ms/基线2643ms；成功率94.37%/基线94.5%；单请求成本0.001500/基线0.001600；主动拨测成功率100.00%；诊断=platform_or_traffic_issue,待处置
EVID-00122,2026-06-02,Qwen3.6-35B-A3B,Qwen,35.0,中,fusion_diagnosis,融合诊断,真实调用表现下降，但固定环境主动拨测仍正常,真实调用下降但标准拨测正常，优先排查用户输入、网络和平台链路,暂不切换,,,保持模型路由，优先排查网关、区域网络、队列和异常业务流量,100.0,78.039,96.4385,platform_or_traffic_issue,真实调用下降但标准拨测正常，优先排查用户输入、网络和平台链路,性能分66.9/基线70.1；P95 3385ms/基线2771ms；成功率90.24%/基线90.2%；单请求成本0.001100/基线0.001100；主动拨测成功率100.00%；诊断=platform_or_traffic_issue,待处置
EVID-00123,2026-06-03,Qwen3.6-35B-A3B,Qwen,57.2422,中,success_risk,成功率异常,真实调用表现下降，但固定环境主动拨测仍正常,真实调用下降但标准拨测正常，优先排查用户输入、网络和平台链路；同时检查5xx、限流、超时和上游依赖,暂不切换,,,保持模型路由，优先排查网关、区域网络、队列和异常业务流量,100.0,78.039,96.4385,platform_or_traffic_issue,真实调用下降但标准拨测正常，优先排查用户输入、网络和平台链路,性能分66.9/基线69.6；P95 3159ms/基线2789ms；成功率80.77%/基线90.2%；单请求成本0.000900/基线0.001100；主动拨测成功率100.00%；诊断=platform_or_traffic_issue,待处置
EVID-00124,2026-06-03,DeepSeek-V4,DeepSeek,45.0,中,fusion_diagnosis,融合诊断,真实调用正常，但标准能力任务或拨测表现下降,真实调用正常但标准任务下降，可能存在特定能力回退或拨测环境问题,谨慎降权,,,降低当前模型权重，复跑标准任务并观察至少两个评估周期,100.0,85.7386,96.4397,capability_or_probe_issue,真实调用正常但标准任务下降，可能存在特定能力回退或拨测环境问题,性能分79.0/基线78.4；P95 9424ms/基线9067ms；成功率96.40%/基线95.2%；单请求成本0.000800/基线0.000800；主动拨测成功率100.00%；诊断=capability_or_probe_issue,待处置
EVID-00125,2026-06-03,Minimax-M2.5,MiniMax,21.1828,低,cost_risk,成本异常,真实调用延迟显著高于标准环境，存在业务环境时延差,标准拨测健康但真实调用延迟明显更高，差异更可能来自业务环境；同时检查价格版本、请求Token结构和异常长输出,暂不切换,,,保持模型路由，检查请求长度、并发、区域网络和平台排队,100.0,86.2026,97.3152,environment_latency_gap,标准拨测健康但真实调用延迟明显更高，差异更可能来自业务环境,性能分73.1/基线79.0；P95 2742ms/基线2653ms；成功率95.06%/基线94.4%；单请求成本0.001700/基线0.001600；主动拨测成功率100.00%；诊断=environment_latency_gap,待处置
EVID-00126,2026-06-04,DeepSeek-V4,DeepSeek,45.0,中,fusion_diagnosis,融合诊断,真实调用正常，但标准能力任务或拨测表现下降,真实调用正常但标准任务下降，可能存在特定能力回退或拨测环境问题,谨慎降权,,,降低当前模型权重，复跑标准任务并观察至少两个评估周期,100.0,85.7386,96.4397,capability_or_probe_issue,真实调用正常但标准任务下降，可能存在特定能力回退或拨测环境问题,性能分78.1/基线78.5；P95 9585ms/基线9220ms；成功率95.58%/基线95.6%；单请求成本0.000800/基线0.000800；主动拨测成功率100.00%；诊断=capability_or_probe_issue,待处置
EVID-00127,2026-06-04,Minimax-M2.5,MiniMax,35.0,中,fusion_diagnosis,融合诊断,真实调用表现下降，但固定环境主动拨测仍正常,真实调用下降但标准拨测正常，优先排查用户输入、网络和平台链路,暂不切换,,,保持模型路由，优先排查网关、区域网络、队列和异常业务流量,100.0,86.2026,97.3152,platform_or_traffic_issue,真实调用下降但标准拨测正常，优先排查用户输入、网络和平台链路,性能分66.6/基线73.9；P95 3858ms/基线2742ms；成功率96.92%/基线94.5%；单请求成本0.001700/基线0.001700；主动拨测成功率100.00%；诊断=platform_or_traffic_issue,待处置
EVID-00128,2026-06-04,Qwen3.6-35B-A3B,Qwen,35.0,中,fusion_diagnosis,融合诊断,真实调用表现下降，但固定环境主动拨测仍正常,真实调用下降但标准拨测正常，优先排查用户输入、网络和平台链路,暂不切换,,,保持模型路由，优先排查网关、区域网络、队列和异常业务流量,100.0,78.039,96.4385,platform_or_traffic_issue,真实调用下降但标准拨测正常，优先排查用户输入、网络和平台链路,性能分83.3/基线69.6；P95 2105ms/基线3040ms；成功率90.00%/基线88.2%；单请求成本0.001100/基线0.001100；主动拨测成功率100.00%；诊断=platform_or_traffic_issue,待处置
EVID-00129,2026-06-05,DeepSeek-V4,DeepSeek,45.0,中,fusion_diagnosis,融合诊断,真实调用正常，但标准能力任务或拨测表现下降,真实调用正常但标准任务下降，可能存在特定能力回退或拨测环境问题,谨慎降权,,,降低当前模型权重，复跑标准任务并观察至少两个评估周期,100.0,85.7386,96.4397,capability_or_probe_issue,真实调用正常但标准任务下降，可能存在特定能力回退或拨测环境问题,性能分80.0/基线78.4；P95 9199ms/基线9259ms；成功率94.90%/基线95.6%；单请求成本0.000800/基线0.000800；主动拨测成功率100.00%；诊断=capability_or_probe_issue,待处置
EVID-00130,2026-06-05,Minimax-M2.5,MiniMax,35.0,中,fusion_diagnosis,融合诊断,真实调用表现下降，但固定环境主动拨测仍正常,真实调用下降但标准拨测正常，优先排查用户输入、网络和平台链路,暂不切换,,,保持模型路由，优先排查网关、区域网络、队列和异常业务流量,100.0,86.2026,97.3152,platform_or_traffic_issue,真实调用下降但标准拨测正常，优先排查用户输入、网络和平台链路,性能分75.6/基线73.1；P95 2617ms/基线2768ms；成功率93.51%/基线95.1%；单请求成本0.001700/基线0.001700；主动拨测成功率100.00%；诊断=platform_or_traffic_issue,待处置
EVID-00131,2026-06-05,Qwen3.6-35B-A3B,Qwen,35.0,中,fusion_diagnosis,融合诊断,真实调用表现下降，但固定环境主动拨测仍正常,真实调用下降但标准拨测正常，优先排查用户输入、网络和平台链路,暂不切换,,,保持模型路由，优先排查网关、区域网络、队列和异常业务流量,100.0,78.039,96.4385,platform_or_traffic_issue,真实调用下降但标准拨测正常，优先排查用户输入、网络和平台链路,性能分80.3/基线69.6；P95 2214ms/基线3040ms；成功率90.24%/基线88.2%；单请求成本0.001100/基线0.001100；主动拨测成功率100.00%；诊断=platform_or_traffic_issue,待处置
EVID-00132,2026-06-06,DeepSeek-V4,DeepSeek,45.0,中,fusion_diagnosis,融合诊断,真实调用正常，但标准能力任务或拨测表现下降,真实调用正常但标准任务下降，可能存在特定能力回退或拨测环境问题,谨慎降权,,,降低当前模型权重，复跑标准任务并观察至少两个评估周期,100.0,85.7386,96.4397,capability_or_probe_issue,真实调用正常但标准任务下降，可能存在特定能力回退或拨测环境问题,性能分78.1/基线78.4；P95 9726ms/基线9259ms；成功率95.84%/基线95.2%；单请求成本0.000800/基线0.000800；主动拨测成功率100.00%；诊断=capability_or_probe_issue,待处置
EVID-00133,2026-06-06,Minimax-M2.5,MiniMax,38.9588,中,cost_risk,成本异常,真实调用表现下降，但固定环境主动拨测仍正常,真实调用下降但标准拨测正常，优先排查用户输入、网络和平台链路；同时检查价格版本、请求Token结构和异常长输出,暂不切换,,,保持模型路由，优先排查网关、区域网络、队列和异常业务流量,100.0,86.2026,97.3152,platform_or_traffic_issue,真实调用下降但标准拨测正常，优先排查用户输入、网络和平台链路,性能分82.4/基线73.1；P95 2094ms/基线2742ms；成功率90.00%/基线94.5%；单请求成本0.002200/基线0.001700；主动拨测成功率100.00%；诊断=platform_or_traffic_issue,待处置
EVID-00134,2026-06-06,Qwen3.6-35B-A3B,Qwen,38.7449,中,success_risk,成功率异常,真实调用表现下降，但固定环境主动拨测仍正常,真实调用下降但标准拨测正常，优先排查用户输入、网络和平台链路；同时检查5xx、限流、超时和上游依赖,暂不切换,,,保持模型路由，优先排查网关、区域网络、队列和异常业务流量,100.0,78.039,96.4385,platform_or_traffic_issue,真实调用下降但标准拨测正常，优先排查用户输入、网络和平台链路,性能分79.4/基线69.6；P95 2587ms/基线3040ms；成功率84.62%/基线90.0%；单请求成本0.000900/基线0.001100；主动拨测成功率100.00%；诊断=platform_or_traffic_issue,待处置
EVID-00135,2026-06-07,DeepSeek-V4,DeepSeek,45.0,中,fusion_diagnosis,融合诊断,真实调用正常，但标准能力任务或拨测表现下降,真实调用正常但标准任务下降，可能存在特定能力回退或拨测环境问题,谨慎降权,,,降低当前模型权重，复跑标准任务并观察至少两个评估周期,100.0,85.7386,96.4397,capability_or_probe_issue,真实调用正常但标准任务下降，可能存在特定能力回退或拨测环境问题,性能分80.3/基线78.4；P95 9142ms/基线9424ms；成功率94.93%/基线95.6%；单请求成本0.000800/基线0.000800；主动拨测成功率100.00%；诊断=capability_or_probe_issue,待处置
EVID-00136,2026-06-07,Minimax-M2.5,MiniMax,20.0,低,fusion_diagnosis,融合诊断,真实调用延迟显著高于标准环境，存在业务环境时延差,标准拨测健康但真实调用延迟明显更高，差异更可能来自业务环境,暂不切换,,,保持模型路由，检查请求长度、并发、区域网络和平台排队,100.0,86.2026,97.3152,environment_latency_gap,标准拨测健康但真实调用延迟明显更高，差异更可能来自业务环境,性能分77.5/基线73.9；P95 2524ms/基线2653ms；成功率94.64%/基线94.5%；单请求成本0.001800/基线0.001700；主动拨测成功率98.96%；诊断=environment_latency_gap,待处置
EVID-00137,2026-06-07,Qwen3.6-35B-A3B,Qwen,20.0,低,fusion_diagnosis,融合诊断,真实调用延迟显著高于标准环境，存在业务环境时延差,标准拨测健康但真实调用延迟明显更高，差异更可能来自业务环境,暂不切换,,,保持模型路由，检查请求长度、并发、区域网络和平台排队,100.0,78.039,96.4385,environment_latency_gap,标准拨测健康但真实调用延迟明显更高，差异更可能来自业务环境,性能分71.6/基线76.1；P95 3010ms/基线2587ms；成功率100.00%/基线90.0%；单请求成本0.001000/基线0.001100；主动拨测成功率100.00%；诊断=environment_latency_gap,待处置
EVID-00138,2026-06-08,DeepSeek-V4,DeepSeek,45.0,中,fusion_diagnosis,融合诊断,真实调用正常，但标准能力任务或拨测表现下降,真实调用正常但标准任务下降，可能存在特定能力回退或拨测环境问题,谨慎降权,,,降低当前模型权重，复跑标准任务并观察至少两个评估周期,100.0,85.7386,96.4397,capability_or_probe_issue,真实调用正常但标准任务下降，可能存在特定能力回退或拨测环境问题,性能分80.4/基线78.9；P95 9372ms/基线9424ms；成功率96.54%/基线95.6%；单请求成本0.000800/基线0.000800；主动拨测成功率100.00%；诊断=capability_or_probe_issue,待处置
EVID-00139,2026-06-08,Minimax-M2.5,MiniMax,35.0,中,fusion_diagnosis,融合诊断,真实调用表现下降，但固定环境主动拨测仍正常,真实调用下降但标准拨测正常，优先排查用户输入、网络和平台链路,暂不切换,,,保持模型路由，优先排查网关、区域网络、队列和异常业务流量,100.0,86.2026,97.3152,platform_or_traffic_issue,真实调用下降但标准拨测正常，优先排查用户输入、网络和平台链路,性能分69.2/基线73.9；P95 3362ms/基线2653ms；成功率97.33%/基线94.5%；单请求成本0.001700/基线0.001700；主动拨测成功率100.00%；诊断=platform_or_traffic_issue,待处置
EVID-00140,2026-06-08,Qwen3.6-35B-A3B,Qwen,35.0,中,fusion_diagnosis,融合诊断,真实调用表现下降，但固定环境主动拨测仍正常,真实调用下降但标准拨测正常，优先排查用户输入、网络和平台链路,暂不切换,,,保持模型路由，优先排查网关、区域网络、队列和异常业务流量,100.0,78.039,96.4385,platform_or_traffic_issue,真实调用下降但标准拨测正常，优先排查用户输入、网络和平台链路,性能分75.9/基线71.6；P95 2796ms/基线3010ms；成功率91.67%/基线90.2%；单请求成本0.001100/基线0.001100；主动拨测成功率98.96%；诊断=platform_or_traffic_issue,待处置
EVID-00141,2026-06-09,DeepSeek-V4,DeepSeek,45.0,中,fusion_diagnosis,融合诊断,真实调用正常，但标准能力任务或拨测表现下降,真实调用正常但标准任务下降，可能存在特定能力回退或拨测环境问题,谨慎降权,,,降低当前模型权重，复跑标准任务并观察至少两个评估周期,100.0,85.7386,96.4397,capability_or_probe_issue,真实调用正常但标准任务下降，可能存在特定能力回退或拨测环境问题,性能分79.9/基线79.0；P95 9288ms/基线9372ms；成功率96.27%/基线95.6%；单请求成本0.000800/基线0.000800；主动拨测成功率100.00%；诊断=capability_or_probe_issue,待处置
EVID-00142,2026-06-09,Minimax-M2.5,MiniMax,20.0,低,fusion_diagnosis,融合诊断,真实调用延迟显著高于标准环境，存在业务环境时延差,标准拨测健康但真实调用延迟明显更高，差异更可能来自业务环境,暂不切换,,,保持模型路由，检查请求长度、并发、区域网络和平台排队,100.0,86.2026,97.3152,environment_latency_gap,标准拨测健康但真实调用延迟明显更高，差异更可能来自业务环境,性能分78.5/基线73.1；P95 2765ms/基线2742ms；成功率98.53%/基线94.6%；单请求成本0.001600/基线0.001700；主动拨测成功率100.00%；诊断=environment_latency_gap,待处置
EVID-00143,2026-06-09,Qwen3.6-35B-A3B,Qwen,20.0,低,fusion_diagnosis,融合诊断,真实调用延迟显著高于标准环境，存在业务环境时延差,标准拨测健康但真实调用延迟明显更高，差异更可能来自业务环境,暂不切换,,,保持模型路由，检查请求长度、并发、区域网络和平台排队,100.0,78.039,96.4385,environment_latency_gap,标准拨测健康但真实调用延迟明显更高，差异更可能来自业务环境,性能分73.1/基线75.9；P95 2732ms/基线2796ms；成功率97.50%/基线90.2%；单请求成本0.001000/基线0.001100；主动拨测成功率100.00%；诊断=environment_latency_gap,待处置
EVID-00144,2026-06-10,DeepSeek-V4,DeepSeek,45.0,中,fusion_diagnosis,融合诊断,真实调用正常，但标准能力任务或拨测表现下降,真实调用正常但标准任务下降，可能存在特定能力回退或拨测环境问题,谨慎降权,,,降低当前模型权重，复跑标准任务并观察至少两个评估周期,100.0,85.7386,96.4397,capability_or_probe_issue,真实调用正常但标准任务下降，可能存在特定能力回退或拨测环境问题,性能分80.9/基线79.9；P95 9121ms/基线9372ms；成功率95.96%/基线95.8%；单请求成本0.000800/基线0.000800；主动拨测成功率100.00%；诊断=capability_or_probe_issue,待处置
EVID-00145,2026-06-10,Qwen3.6-35B-A3B,Qwen,38.2296,中,success_risk,成功率异常,真实调用表现下降，但固定环境主动拨测仍正常,真实调用下降但标准拨测正常，优先排查用户输入、网络和平台链路；同时检查5xx、限流、超时和上游依赖,暂不切换,,,保持模型路由，优先排查网关、区域网络、队列和异常业务流量,100.0,78.039,96.4385,platform_or_traffic_issue,真实调用下降但标准拨测正常，优先排查用户输入、网络和平台链路,性能分74.6/基线75.9；P95 2865ms/基线2732ms；成功率84.85%/基线90.2%；单请求成本0.001100/基线0.001000；主动拨测成功率100.00%；诊断=platform_or_traffic_issue,待处置
EVID-00146,2026-06-10,Minimax-M2.5,MiniMax,35.0,中,fusion_diagnosis,融合诊断,真实调用表现下降，但固定环境主动拨测仍正常,真实调用下降但标准拨测正常，优先排查用户输入、网络和平台链路,暂不切换,,,保持模型路由，优先排查网关、区域网络、队列和异常业务流量,100.0,86.2026,97.3152,platform_or_traffic_issue,真实调用下降但标准拨测正常，优先排查用户输入、网络和平台链路,性能分73.8/基线75.6；P95 2871ms/基线2742ms；成功率90.80%/基线95.1%；单请求成本0.001900/基线0.001700；主动拨测成功率100.00%；诊断=platform_or_traffic_issue,待处置
EVID-00147,2026-06-11,DeepSeek-V4,DeepSeek,45.0,中,fusion_diagnosis,融合诊断,真实调用正常，但标准能力任务或拨测表现下降,真实调用正常但标准任务下降，可能存在特定能力回退或拨测环境问题,谨慎降权,,,降低当前模型权重，复跑标准任务并观察至少两个评估周期,100.0,85.7386,96.4397,capability_or_probe_issue,真实调用正常但标准任务下降，可能存在特定能力回退或拨测环境问题,性能分81.0/基线80.0；P95 9052ms/基线9288ms；成功率95.29%/基线95.8%；单请求成本0.000800/基线0.000800；主动拨测成功率100.00%；诊断=capability_or_probe_issue,待处置
EVID-00148,2026-06-11,Qwen3.6-35B-A3B,Qwen,35.0,中,fusion_diagnosis,融合诊断,真实调用表现下降，但固定环境主动拨测仍正常,真实调用下降但标准拨测正常，优先排查用户输入、网络和平台链路,暂不切换,,,保持模型路由，优先排查网关、区域网络、队列和异常业务流量,100.0,78.039,96.4385,platform_or_traffic_issue,真实调用下降但标准拨测正常，优先排查用户输入、网络和平台链路,性能分72.4/基线75.9；P95 2782ms/基线2732ms；成功率91.23%/基线90.2%；单请求成本0.001100/基线0.001100；主动拨测成功率100.00%；诊断=platform_or_traffic_issue,待处置
EVID-00149,2026-06-11,Minimax-M2.5,MiniMax,20.0,低,fusion_diagnosis,融合诊断,真实调用延迟显著高于标准环境，存在业务环境时延差,标准拨测健康但真实调用延迟明显更高，差异更可能来自业务环境,暂不切换,,,保持模型路由，检查请求长度、并发、区域网络和平台排队,100.0,86.2026,97.3152,environment_latency_gap,标准拨测健康但真实调用延迟明显更高，差异更可能来自业务环境,性能分76.6/基线75.6；P95 2547ms/基线2765ms；成功率98.32%/基线94.6%；单请求成本0.001600/基线0.001700；主动拨测成功率100.00%；诊断=environment_latency_gap,待处置
EVID-00150,2026-06-12,DeepSeek-V4,DeepSeek,45.0,中,fusion_diagnosis,融合诊断,真实调用正常，但标准能力任务或拨测表现下降,真实调用正常但标准任务下降，可能存在特定能力回退或拨测环境问题,谨慎降权,,,降低当前模型权重，复跑标准任务并观察至少两个评估周期,100.0,85.7386,96.4397,capability_or_probe_issue,真实调用正常但标准任务下降，可能存在特定能力回退或拨测环境问题,性能分80.3/基线80.3；P95 9064ms/基线9199ms；成功率96.09%/基线95.8%；单请求成本0.000800/基线0.000800；主动拨测成功率100.00%；诊断=capability_or_probe_issue,待处置
EVID-00151,2026-06-12,Qwen3.6-35B-A3B,Qwen,40.9093,中,performance_risk,性能下降,真实调用表现下降，但固定环境主动拨测仍正常,真实调用下降但标准拨测正常，优先排查用户输入、网络和平台链路；同时检查模型容量、队列、供应商限流和长请求占比,暂不切换,,,保持模型路由，优先排查网关、区域网络、队列和异常业务流量,100.0,78.039,96.4385,platform_or_traffic_issue,真实调用下降但标准拨测正常，优先排查用户输入、网络和平台链路,性能分57.4/基线74.6；P95 4204ms/基线2782ms；成功率93.48%/基线91.2%；单请求成本0.001100/基线0.001100；主动拨测成功率100.00%；诊断=platform_or_traffic_issue,待处置
EVID-00152,2026-06-12,Minimax-M2.5,MiniMax,20.0,低,fusion_diagnosis,融合诊断,真实调用延迟显著高于标准环境，存在业务环境时延差,标准拨测健康但真实调用延迟明显更高，差异更可能来自业务环境,暂不切换,,,保持模型路由，检查请求长度、并发、区域网络和平台排队,100.0,86.2026,97.3152,environment_latency_gap,标准拨测健康但真实调用延迟明显更高，差异更可能来自业务环境,性能分80.4/基线76.6；P95 2388ms/基线2617ms；成功率98.33%/基线94.6%；单请求成本0.001600/基线0.001700；主动拨测成功率98.96%；诊断=environment_latency_gap,待处置
EVID-00153,2026-06-13,DeepSeek-V4,DeepSeek,45.0,中,fusion_diagnosis,融合诊断,真实调用正常，但标准能力任务或拨测表现下降,真实调用正常但标准任务下降，可能存在特定能力回退或拨测环境问题,谨慎降权,,,降低当前模型权重，复跑标准任务并观察至少两个评估周期,100.0,85.7386,96.4397,capability_or_probe_issue,真实调用正常但标准任务下降，可能存在特定能力回退或拨测环境问题,性能分80.7/基线80.3；P95 9098ms/基线9142ms；成功率96.67%/基线96.0%；单请求成本0.000800/基线0.000800；主动拨测成功率100.00%；诊断=capability_or_probe_issue,待处置
EVID-00154,2026-06-13,Qwen3.6-35B-A3B,Qwen,43.9765,中,performance_risk,性能下降,真实调用表现下降，但固定环境主动拨测仍正常,真实调用下降但标准拨测正常，优先排查用户输入、网络和平台链路；同时检查模型容量、队列、供应商限流和长请求占比,暂不切换,,,保持模型路由，优先排查网关、区域网络、队列和异常业务流量,100.0,78.039,96.4385,platform_or_traffic_issue,真实调用下降但标准拨测正常，优先排查用户输入、网络和平台链路,性能分55.9/基线73.1；P95 4792ms/基线2796ms；成功率100.00%/基线91.7%；单请求成本0.001100/基线0.001100；主动拨测成功率100.00%；诊断=platform_or_traffic_issue,待处置
EVID-00155,2026-06-13,Minimax-M2.5,MiniMax,35.0,中,fusion_diagnosis,融合诊断,真实调用表现下降，但固定环境主动拨测仍正常,真实调用下降但标准拨测正常，优先排查用户输入、网络和平台链路,暂不切换,,,保持模型路由，优先排查网关、区域网络、队列和异常业务流量,100.0,86.2026,97.3152,platform_or_traffic_issue,真实调用下降但标准拨测正常，优先排查用户输入、网络和平台链路,性能分68.8/基线77.5；P95 2664ms/基线2547ms；成功率97.44%/基线97.3%；单请求成本0.001800/基线0.001700；主动拨测成功率100.00%；诊断=platform_or_traffic_issue,待处置
EVID-00156,2026-06-14,DeepSeek-V4,DeepSeek,45.0,中,fusion_diagnosis,融合诊断,真实调用正常，但标准能力任务或拨测表现下降,真实调用正常但标准任务下降，可能存在特定能力回退或拨测环境问题,谨慎降权,,,降低当前模型权重，复跑标准任务并观察至少两个评估周期,100.0,85.7386,96.4397,capability_or_probe_issue,真实调用正常但标准任务下降，可能存在特定能力回退或拨测环境问题,性能分80.7/基线80.4；P95 9026ms/基线9121ms；成功率96.64%/基线96.1%；单请求成本0.000800/基线0.000800；主动拨测成功率100.00%；诊断=capability_or_probe_issue,待处置
EVID-00157,2026-06-14,Minimax-M2.5,MiniMax,20.0,低,fusion_diagnosis,融合诊断,真实调用延迟显著高于标准环境，存在业务环境时延差,标准拨测健康但真实调用延迟明显更高，差异更可能来自业务环境,暂不切换,,,保持模型路由，检查请求长度、并发、区域网络和平台排队,100.0,86.2026,97.3152,environment_latency_gap,标准拨测健康但真实调用延迟明显更高，差异更可能来自业务环境,性能分76.9/基线76.6；P95 2781ms/基线2664ms；成功率98.53%/基线97.4%；单请求成本0.001700/基线0.001700；主动拨测成功率100.00%；诊断=environment_latency_gap,待处置
EVID-00158,2026-06-14,Qwen3.6-35B-A3B,Qwen,20.0,低,fusion_diagnosis,融合诊断,真实调用延迟显著高于标准环境，存在业务环境时延差,标准拨测健康但真实调用延迟明显更高，差异更可能来自业务环境,暂不切换,,,保持模型路由，检查请求长度、并发、区域网络和平台排队,100.0,78.039,96.4385,environment_latency_gap,标准拨测健康但真实调用延迟明显更高，差异更可能来自业务环境,性能分80.1/基线72.4；P95 2760ms/基线2865ms；成功率100.00%/基线93.5%；单请求成本0.001100/基线0.001100；主动拨测成功率100.00%；诊断=environment_latency_gap,待处置
EVID-00159,2026-06-15,Qwen3.6-35B-A3B,Qwen,57.6359,中,success_risk,成功率异常,真实调用表现下降，但固定环境主动拨测仍正常,真实调用下降但标准拨测正常，优先排查用户输入、网络和平台链路；同时检查5xx、限流、超时和上游依赖,暂不切换,,,保持模型路由，优先排查网关、区域网络、队列和异常业务流量,100.0,78.039,96.4385,platform_or_traffic_issue,真实调用下降但标准拨测正常，优先排查用户输入、网络和平台链路,性能分80.8/基线73.1；P95 2441ms/基线2796ms；成功率83.93%/基线93.5%；单请求成本0.001000/基线0.001100；主动拨测成功率100.00%；诊断=platform_or_traffic_issue,待处置
EVID-00160,2026-06-15,DeepSeek-V4,DeepSeek,45.0,中,fusion_diagnosis,融合诊断,真实调用正常，但标准能力任务或拨测表现下降,真实调用正常但标准任务下降，可能存在特定能力回退或拨测环境问题,谨慎降权,,,降低当前模型权重，复跑标准任务并观察至少两个评估周期,100.0,85.7386,96.4397,capability_or_probe_issue,真实调用正常但标准任务下降，可能存在特定能力回退或拨测环境问题,性能分81.4/基线80.7；P95 8798ms/基线9098ms；成功率96.39%/基线96.3%；单请求成本0.000800/基线0.000800；主动拨测成功率100.00%；诊断=capability_or_probe_issue,待处置
EVID-00161,2026-06-15,Minimax-M2.5,MiniMax,20.0,低,fusion_diagnosis,融合诊断,真实调用延迟显著高于标准环境，存在业务环境时延差,标准拨测健康但真实调用延迟明显更高，差异更可能来自业务环境,暂不切换,,,保持模型路由，检查请求长度、并发、区域网络和平台排队,100.0,86.2026,97.3152,environment_latency_gap,标准拨测健康但真实调用延迟明显更高，差异更可能来自业务环境,性能分81.6/基线76.6；P95 2130ms/基线2765ms；成功率97.30%/基线98.3%；单请求成本0.001700/基线0.001700；主动拨测成功率100.00%；诊断=environment_latency_gap,待处置
EVID-00162,2026-06-16,DeepSeek-V4,DeepSeek,45.0,中,fusion_diagnosis,融合诊断,真实调用正常，但标准能力任务或拨测表现下降,真实调用正常但标准任务下降，可能存在特定能力回退或拨测环境问题,谨慎降权,,,降低当前模型权重，复跑标准任务并观察至少两个评估周期,100.0,85.7386,96.4397,capability_or_probe_issue,真实调用正常但标准任务下降，可能存在特定能力回退或拨测环境问题,性能分80.7/基线80.7；P95 8838ms/基线9064ms；成功率95.72%/基线96.3%；单请求成本0.001000/基线0.000800；主动拨测成功率100.00%；诊断=capability_or_probe_issue,待处置
EVID-00163,2026-06-16,Qwen3.6-35B-A3B,Qwen,35.7613,中,success_risk,成功率异常,真实调用表现下降，但固定环境主动拨测仍正常,真实调用下降但标准拨测正常，优先排查用户输入、网络和平台链路；同时检查5xx、限流、超时和上游依赖,暂不切换,,,保持模型路由，优先排查网关、区域网络、队列和异常业务流量,100.0,78.039,96.4385,platform_or_traffic_issue,真实调用下降但标准拨测正常，优先排查用户输入、网络和平台链路,性能分75.3/基线73.1；P95 2659ms/基线2782ms；成功率88.10%/基线93.5%；单请求成本0.001200/基线0.001100；主动拨测成功率100.00%；诊断=platform_or_traffic_issue,待处置
EVID-00164,2026-06-16,Minimax-M2.5,MiniMax,29.5589,低,success_risk,成功率异常,真实调用延迟显著高于标准环境，存在业务环境时延差,标准拨测健康但真实调用延迟明显更高，差异更可能来自业务环境；同时检查5xx、限流、超时和上游依赖,暂不切换,,,保持模型路由，检查请求长度、并发、区域网络和平台排队,100.0,86.2026,97.3152,environment_latency_gap,标准拨测健康但真实调用延迟明显更高，差异更可能来自业务环境,性能分80.0/基线76.9；P95 2312ms/基线2664ms；成功率94.12%/基线98.3%；单请求成本0.001800/基线0.001700；主动拨测成功率100.00%；诊断=environment_latency_gap,待处置
EVID-00165,2026-06-17,DeepSeek-V4,DeepSeek,45.0,中,fusion_diagnosis,融合诊断,真实调用正常，但标准能力任务或拨测表现下降,真实调用正常但标准任务下降，可能存在特定能力回退或拨测环境问题,谨慎降权,,,降低当前模型权重，复跑标准任务并观察至少两个评估周期,100.0,85.7386,96.4397,capability_or_probe_issue,真实调用正常但标准任务下降，可能存在特定能力回退或拨测环境问题,性能分80.9/基线80.7；P95 8972ms/基线9052ms；成功率96.55%/基线96.1%；单请求成本0.000800/基线0.000800；主动拨测成功率100.00%；诊断=capability_or_probe_issue,待处置
EVID-00166,2026-06-17,Qwen3.6-35B-A3B,Qwen,35.0,中,fusion_diagnosis,融合诊断,真实调用表现下降，但固定环境主动拨测仍正常,真实调用下降但标准拨测正常，优先排查用户输入、网络和平台链路,暂不切换,,,保持模型路由，优先排查网关、区域网络、队列和异常业务流量,100.0,78.039,96.4385,platform_or_traffic_issue,真实调用下降但标准拨测正常，优先排查用户输入、网络和平台链路,性能分82.6/基线74.6；P95 2270ms/基线2782ms；成功率86.49%/基线91.2%；单请求成本0.001000/基线0.001100；主动拨测成功率100.00%；诊断=platform_or_traffic_issue,待处置
EVID-00167,2026-06-17,Minimax-M2.5,MiniMax,20.0,低,fusion_diagnosis,融合诊断,真实调用延迟显著高于标准环境，存在业务环境时延差,标准拨测健康但真实调用延迟明显更高，差异更可能来自业务环境,暂不切换,,,保持模型路由，检查请求长度、并发、区域网络和平台排队,100.0,86.2026,97.3152,environment_latency_gap,标准拨测健康但真实调用延迟明显更高，差异更可能来自业务环境,性能分78.8/基线76.9；P95 2433ms/基线2547ms；成功率97.73%/基线97.4%；单请求成本0.001500/基线0.001700；主动拨测成功率100.00%；诊断=environment_latency_gap,待处置
EVID-00168,2026-06-18,DeepSeek-V4,DeepSeek,45.0,中,fusion_diagnosis,融合诊断,真实调用正常，但标准能力任务或拨测表现下降,真实调用正常但标准任务下降，可能存在特定能力回退或拨测环境问题,谨慎降权,,,降低当前模型权重，复跑标准任务并观察至少两个评估周期,100.0,85.7386,96.4397,capability_or_probe_issue,真实调用正常但标准任务下降，可能存在特定能力回退或拨测环境问题,性能分81.1/基线80.7；P95 8596ms/基线9026ms；成功率95.79%/基线96.4%；单请求成本0.000800/基线0.000800；主动拨测成功率100.00%；诊断=capability_or_probe_issue,待处置
EVID-00169,2026-06-18,Minimax-M2.5,MiniMax,20.0,低,fusion_diagnosis,融合诊断,真实调用延迟显著高于标准环境，存在业务环境时延差,标准拨测健康但真实调用延迟明显更高，差异更可能来自业务环境,暂不切换,,,保持模型路由，检查请求长度、并发、区域网络和平台排队,100.0,86.2026,97.3152,environment_latency_gap,标准拨测健康但真实调用延迟明显更高，差异更可能来自业务环境,性能分77.4/基线78.8；P95 2352ms/基线2433ms；成功率96.43%/基线97.7%；单请求成本0.001600/基线0.001700；主动拨测成功率100.00%；诊断=environment_latency_gap,待处置
EVID-00170,2026-06-18,Qwen3.6-35B-A3B,Qwen,20.0,低,fusion_diagnosis,融合诊断,真实调用延迟显著高于标准环境，存在业务环境时延差,标准拨测健康但真实调用延迟明显更高，差异更可能来自业务环境,暂不切换,,,保持模型路由，检查请求长度、并发、区域网络和平台排队,100.0,78.039,96.4385,environment_latency_gap,标准拨测健康但真实调用延迟明显更高，差异更可能来自业务环境,性能分83.7/基线75.3；P95 2394ms/基线2760ms；成功率100.00%/基线91.2%；单请求成本0.001000/基线0.001100；主动拨测成功率100.00%；诊断=environment_latency_gap,待处置
EVID-00171,2026-06-19,DeepSeek-V4,DeepSeek,45.0,中,fusion_diagnosis,融合诊断,真实调用正常，但标准能力任务或拨测表现下降,真实调用正常但标准任务下降，可能存在特定能力回退或拨测环境问题,谨慎降权,,,降低当前模型权重，复跑标准任务并观察至少两个评估周期,100.0,85.7386,96.4397,capability_or_probe_issue,真实调用正常但标准任务下降，可能存在特定能力回退或拨测环境问题,性能分81.4/基线80.7；P95 8750ms/基线8972ms；成功率96.64%/基线96.4%；单请求成本0.000800/基线0.000800；主动拨测成功率100.00%；诊断=capability_or_probe_issue,待处置
EVID-00172,2026-06-19,Qwen3.6-35B-A3B,Qwen,38.8861,中,success_risk,成功率异常,真实调用表现下降，但固定环境主动拨测仍正常,真实调用下降但标准拨测正常，优先排查用户输入、网络和平台链路；同时检查5xx、限流、超时和上游依赖,暂不切换,,,保持模型路由，优先排查网关、区域网络、队列和异常业务流量,100.0,78.039,96.4385,platform_or_traffic_issue,真实调用下降但标准拨测正常，优先排查用户输入、网络和平台链路,性能分70.7/基线80.1；P95 2904ms/基线2659ms；成功率87.50%/基线93.5%；单请求成本0.001000/基线0.001100；主动拨测成功率100.00%；诊断=platform_or_traffic_issue,待处置
EVID-00173,2026-06-19,Minimax-M2.5,MiniMax,35.0,中,fusion_diagnosis,融合诊断,真实调用表现下降，但固定环境主动拨测仍正常,真实调用下降但标准拨测正常，优先排查用户输入、网络和平台链路,暂不切换,,,保持模型路由，优先排查网关、区域网络、队列和异常业务流量,100.0,86.2026,97.3152,platform_or_traffic_issue,真实调用下降但标准拨测正常，优先排查用户输入、网络和平台链路,性能分78.1/基线78.8；P95 2202ms/基线2388ms；成功率93.98%/基线97.4%；单请求成本0.001800/基线0.001700；主动拨测成功率100.00%；诊断=platform_or_traffic_issue,待处置
EVID-00174,2026-06-20,DeepSeek-V4,DeepSeek,45.0,中,fusion_diagnosis,融合诊断,真实调用正常，但标准能力任务或拨测表现下降,真实调用正常但标准任务下降，可能存在特定能力回退或拨测环境问题,谨慎降权,,,降低当前模型权重，复跑标准任务并观察至少两个评估周期,100.0,85.7386,96.4397,capability_or_probe_issue,真实调用正常但标准任务下降，可能存在特定能力回退或拨测环境问题,性能分81.0/基线80.9；P95 8587ms/基线8838ms；成功率96.73%/基线96.5%；单请求成本0.000800/基线0.000800；主动拨测成功率100.00%；诊断=capability_or_probe_issue,待处置
EVID-00175,2026-06-20,Qwen3.6-35B-A3B,Qwen,35.0,中,fusion_diagnosis,融合诊断,真实调用表现下降，但固定环境主动拨测仍正常,真实调用下降但标准拨测正常，优先排查用户输入、网络和平台链路,暂不切换,,,保持模型路由，优先排查网关、区域网络、队列和异常业务流量,100.0,78.039,96.4385,platform_or_traffic_issue,真实调用下降但标准拨测正常，优先排查用户输入、网络和平台链路,性能分76.7/基线80.1；P95 2520ms/基线2659ms；成功率93.75%/基线88.1%；单请求成本0.001100/基线0.001000；主动拨测成功率100.00%；诊断=platform_or_traffic_issue,待处置
EVID-00176,2026-06-20,Minimax-M2.5,MiniMax,20.0,低,fusion_diagnosis,融合诊断,真实调用延迟显著高于标准环境，存在业务环境时延差,标准拨测健康但真实调用延迟明显更高，差异更可能来自业务环境,暂不切换,,,保持模型路由，检查请求长度、并发、区域网络和平台排队,100.0,86.2026,97.3152,environment_latency_gap,标准拨测健康但真实调用延迟明显更高，差异更可能来自业务环境,性能分79.8/基线78.1；P95 2240ms/基线2352ms；成功率100.00%/基线97.3%；单请求成本0.001600/基线0.001700；主动拨测成功率100.00%；诊断=environment_latency_gap,待处置
EVID-00177,2026-06-21,DeepSeek-V4,DeepSeek,45.0,中,fusion_diagnosis,融合诊断,真实调用正常，但标准能力任务或拨测表现下降,真实调用正常但标准任务下降，可能存在特定能力回退或拨测环境问题,谨慎降权,,,降低当前模型权重，复跑标准任务并观察至少两个评估周期,100.0,85.7386,96.4397,capability_or_probe_issue,真实调用正常但标准任务下降，可能存在特定能力回退或拨测环境问题,性能分81.0/基线81.0；P95 8600ms/基线8798ms；成功率97.22%/基线96.5%；单请求成本0.000800/基线0.000800；主动拨测成功率100.00%；诊断=capability_or_probe_issue,待处置
EVID-00178,2026-06-21,Qwen3.6-35B-A3B,Qwen,39.6369,中,performance_risk,性能下降,真实调用表现下降，但固定环境主动拨测仍正常,真实调用下降但标准拨测正常，优先排查用户输入、网络和平台链路；同时检查模型容量、队列、供应商限流和长请求占比,暂不切换,,,保持模型路由，优先排查网关、区域网络、队列和异常业务流量,100.0,78.039,96.4385,platform_or_traffic_issue,真实调用下降但标准拨测正常，优先排查用户输入、网络和平台链路,性能分63.3/基线80.1；P95 3181ms/基线2520ms；成功率93.75%/基线88.1%；单请求成本0.001100/基线0.001000；主动拨测成功率100.00%；诊断=platform_or_traffic_issue,待处置
EVID-00179,2026-06-21,Minimax-M2.5,MiniMax,20.0,低,fusion_diagnosis,融合诊断,真实调用延迟显著高于标准环境，存在业务环境时延差,标准拨测健康但真实调用延迟明显更高，差异更可能来自业务环境,暂不切换,,,保持模型路由，检查请求长度、并发、区域网络和平台排队,100.0,86.2026,97.3152,environment_latency_gap,标准拨测健康但真实调用延迟明显更高，差异更可能来自业务环境,性能分77.4/基线78.8；P95 2295ms/基线2312ms；成功率98.04%/基线97.3%；单请求成本0.001700/基线0.001700；主动拨测成功率100.00%；诊断=environment_latency_gap,待处置
EVID-00180,2026-06-22,DeepSeek-V4,DeepSeek,45.0,中,fusion_diagnosis,融合诊断,真实调用正常，但标准能力任务或拨测表现下降,真实调用正常但标准任务下降，可能存在特定能力回退或拨测环境问题,谨慎降权,,,降低当前模型权重，复跑标准任务并观察至少两个评估周期,100.0,85.7386,96.4397,capability_or_probe_issue,真实调用正常但标准任务下降，可能存在特定能力回退或拨测环境问题,性能分81.1/基线81.0；P95 8448ms/基线8750ms；成功率95.87%/基线96.5%；单请求成本0.000800/基线0.000800；主动拨测成功率100.00%；诊断=capability_or_probe_issue,待处置
EVID-00181,2026-06-22,Qwen3.6-35B-A3B,Qwen,35.0,中,fusion_diagnosis,融合诊断,真实调用表现下降，但固定环境主动拨测仍正常,真实调用下降但标准拨测正常，优先排查用户输入、网络和平台链路,暂不切换,,,保持模型路由，优先排查网关、区域网络、队列和异常业务流量,100.0,78.039,96.4385,platform_or_traffic_issue,真实调用下降但标准拨测正常，优先排查用户输入、网络和平台链路,性能分72.9/基线76.7；P95 2302ms/基线2520ms；成功率93.75%/基线88.1%；单请求成本0.001000/基线0.001000；主动拨测成功率100.00%；诊断=platform_or_traffic_issue,待处置
EVID-00182,2026-06-22,Minimax-M2.5,MiniMax,20.0,低,fusion_diagnosis,融合诊断,真实调用延迟显著高于标准环境，存在业务环境时延差,标准拨测健康但真实调用延迟明显更高，差异更可能来自业务环境,暂不切换,,,保持模型路由，检查请求长度、并发、区域网络和平台排队,100.0,86.2026,97.3152,environment_latency_gap,标准拨测健康但真实调用延迟明显更高，差异更可能来自业务环境,性能分77.0/基线78.8；P95 2020ms/基线2295ms；成功率97.50%/基线97.3%；单请求成本0.001700/基线0.001700；主动拨测成功率100.00%；诊断=environment_latency_gap,待处置
EVID-00183,2026-06-23,DeepSeek-V4,DeepSeek,45.0,中,fusion_diagnosis,融合诊断,真实调用正常，但标准能力任务或拨测表现下降,真实调用正常但标准任务下降，可能存在特定能力回退或拨测环境问题,谨慎降权,,,降低当前模型权重，复跑标准任务并观察至少两个评估周期,100.0,85.7386,96.4397,capability_or_probe_issue,真实调用正常但标准任务下降，可能存在特定能力回退或拨测环境问题,性能分80.9/基线81.0；P95 8352ms/基线8600ms；成功率96.86%/基线96.5%；单请求成本0.000800/基线0.000800；主动拨测成功率100.00%；诊断=capability_or_probe_issue,待处置
EVID-00184,2026-06-23,Qwen3.6-35B-A3B,Qwen,35.0,中,fusion_diagnosis,融合诊断,真实调用表现下降，但固定环境主动拨测仍正常,真实调用下降但标准拨测正常，优先排查用户输入、网络和平台链路,暂不切换,,,保持模型路由，优先排查网关、区域网络、队列和异常业务流量,100.0,78.039,96.4385,platform_or_traffic_issue,真实调用下降但标准拨测正常，优先排查用户输入、网络和平台链路,性能分65.3/基线75.3；P95 3088ms/基线2520ms；成功率88.89%/基线93.8%；单请求成本0.001100/基线0.001000；主动拨测成功率100.00%；诊断=platform_or_traffic_issue,待处置
EVID-00185,2026-06-23,Minimax-M2.5,MiniMax,20.0,低,fusion_diagnosis,融合诊断,真实调用延迟显著高于标准环境，存在业务环境时延差,标准拨测健康但真实调用延迟明显更高，差异更可能来自业务环境,暂不切换,,,保持模型路由，检查请求长度、并发、区域网络和平台排队,100.0,86.2026,97.3152,environment_latency_gap,标准拨测健康但真实调用延迟明显更高，差异更可能来自业务环境,性能分81.5/基线78.1；P95 1790ms/基线2295ms；成功率98.44%/基线97.5%；单请求成本0.001600/基线0.001700；主动拨测成功率100.00%；诊断=environment_latency_gap,待处置
EVID-00186,2026-06-24,DeepSeek-V4,DeepSeek,80.0,严重,fusion_diagnosis,融合诊断,真实调用与标准拨测同步下降，模型侧健康风险达到切换条件,真实调用与标准环境同步下降，模型服务或模型能力更可能异常,建议切换,,无满足跨供应商、健康和路由角色约束的候选模型,暂停自动扩量，启用兜底策略并人工确认可用替代模型,100.0,85.7386,96.4397,model_side_degradation,真实调用与标准环境同步下降，模型服务或模型能力更可能异常,性能分83.2/基线81.0；P95 7841ms/基线8596ms；成功率91.71%/基线96.6%；单请求成本0.000800/基线0.000800；主动拨测成功率100.00%；诊断=model_side_degradation,待处置
EVID-00187,2026-06-24,Minimax-M2.5,MiniMax,20.0,低,fusion_diagnosis,融合诊断,真实调用延迟显著高于标准环境，存在业务环境时延差,标准拨测健康但真实调用延迟明显更高，差异更可能来自业务环境,暂不切换,,,保持模型路由，检查请求长度、并发、区域网络和平台排队,100.0,86.2026,97.3152,environment_latency_gap,标准拨测健康但真实调用延迟明显更高，差异更可能来自业务环境,性能分74.2/基线78.1；P95 2269ms/基线2240ms；成功率98.00%/基线97.7%；单请求成本0.001700/基线0.001600；主动拨测成功率98.96%；诊断=environment_latency_gap,待处置
EVID-00188,2026-06-24,Qwen3.6-35B-A3B,Qwen,20.0,低,fusion_diagnosis,融合诊断,真实调用延迟显著高于标准环境，存在业务环境时延差,标准拨测健康但真实调用延迟明显更高，差异更可能来自业务环境,暂不切换,,,保持模型路由，检查请求长度、并发、区域网络和平台排队,100.0,78.039,96.4385,environment_latency_gap,标准拨测健康但真实调用延迟明显更高，差异更可能来自业务环境,性能分77.0/基线72.9；P95 2653ms/基线2520ms；成功率98.36%/基线93.8%；单请求成本0.001000/基线0.001000；主动拨测成功率100.00%；诊断=environment_latency_gap,待处置
EVID-00189,2026-06-25,DeepSeek-V4,DeepSeek,80.0,严重,fusion_diagnosis,融合诊断,真实调用与标准拨测同步下降，模型侧健康风险达到切换条件,真实调用与标准环境同步下降，模型服务或模型能力更可能异常,建议切换,,无满足跨供应商、健康和路由角色约束的候选模型,暂停自动扩量，启用兜底策略并人工确认可用替代模型,100.0,85.7386,96.4397,model_side_degradation,真实调用与标准环境同步下降，模型服务或模型能力更可能异常,性能分83.7/基线81.1；P95 7414ms/基线8587ms；成功率91.42%/基线96.6%；单请求成本0.000800/基线0.000800；主动拨测成功率100.00%；诊断=model_side_degradation,待处置
EVID-00190,2026-06-25,Minimax-M2.5,MiniMax,20.0,低,fusion_diagnosis,融合诊断,真实调用延迟显著高于标准环境，存在业务环境时延差,标准拨测健康但真实调用延迟明显更高，差异更可能来自业务环境,暂不切换,,,保持模型路由，检查请求长度、并发、区域网络和平台排队,100.0,86.2026,97.3152,environment_latency_gap,标准拨测健康但真实调用延迟明显更高，差异更可能来自业务环境,性能分83.4/基线77.4；P95 1866ms/基线2240ms；成功率100.00%/基线98.0%；单请求成本0.001600/基线0.001700；主动拨测成功率100.00%；诊断=environment_latency_gap,待处置
EVID-00191,2026-06-25,Qwen3.6-35B-A3B,Qwen,20.0,低,fusion_diagnosis,融合诊断,真实调用延迟显著高于标准环境，存在业务环境时延差,标准拨测健康但真实调用延迟明显更高，差异更可能来自业务环境,暂不切换,,,保持模型路由，检查请求长度、并发、区域网络和平台排队,100.0,78.039,96.4385,environment_latency_gap,标准拨测健康但真实调用延迟明显更高，差异更可能来自业务环境,性能分74.8/基线72.9；P95 2754ms/基线2653ms；成功率97.56%/基线93.8%；单请求成本0.001100/基线0.001000；主动拨测成功率100.00%；诊断=environment_latency_gap,待处置
EVID-00192,2026-06-26,Minimax-M2.5,MiniMax,58.6048,中,success_risk,成功率异常,真实调用表现下降，但固定环境主动拨测仍正常,真实调用下降但标准拨测正常，优先排查用户输入、网络和平台链路；同时检查5xx、限流、超时和上游依赖,暂不切换,,,保持模型路由，优先排查网关、区域网络、队列和异常业务流量,100.0,86.2026,97.3152,platform_or_traffic_issue,真实调用下降但标准拨测正常，优先排查用户输入、网络和平台链路,性能分62.2/基线78.1；P95 3002ms/基线2202ms；成功率88.46%/基线98.0%；单请求成本0.001800/基线0.001700；主动拨测成功率100.00%；诊断=platform_or_traffic_issue,待处置
EVID-00193,2026-06-26,DeepSeek-V4,DeepSeek,45.0,中,fusion_diagnosis,融合诊断,真实调用正常，但标准能力任务或拨测表现下降,真实调用正常但标准任务下降，可能存在特定能力回退或拨测环境问题,谨慎降权,,,降低当前模型权重，复跑标准任务并观察至少两个评估周期,100.0,85.7386,96.4397,capability_or_probe_issue,真实调用正常但标准任务下降，可能存在特定能力回退或拨测环境问题,性能分81.2/基线81.1；P95 7956ms/基线8448ms；成功率96.32%/基线96.6%；单请求成本0.000800/基线0.000800；主动拨测成功率100.00%；诊断=capability_or_probe_issue,待处置
EVID-00194,2026-06-26,Qwen3.6-35B-A3B,Qwen,20.0,低,fusion_diagnosis,融合诊断,真实调用延迟显著高于标准环境，存在业务环境时延差,标准拨测健康但真实调用延迟明显更高，差异更可能来自业务环境,暂不切换,,,保持模型路由，检查请求长度、并发、区域网络和平台排队,100.0,78.039,96.4385,environment_latency_gap,标准拨测健康但真实调用延迟明显更高，差异更可能来自业务环境,性能分76.0/基线72.9；P95 2645ms/基线2754ms；成功率95.00%/基线93.8%；单请求成本0.001100/基线0.001100；主动拨测成功率100.00%；诊断=environment_latency_gap,待处置
EVID-00195,2026-06-27,DeepSeek-V4,DeepSeek,80.0,严重,fusion_diagnosis,融合诊断,真实调用与标准拨测同步下降，模型侧健康风险达到切换条件,真实调用与标准环境同步下降，模型服务或模型能力更可能异常,建议切换,,无满足跨供应商、健康和路由角色约束的候选模型,暂停自动扩量，启用兜底策略并人工确认可用替代模型,100.0,85.7386,96.4397,model_side_degradation,真实调用与标准环境同步下降，模型服务或模型能力更可能异常,性能分52.3/基线81.1；P95 14848ms/基线8352ms；成功率92.30%/基线96.3%；单请求成本0.000800/基线0.000800；主动拨测成功率100.00%；诊断=model_side_degradation,待处置
EVID-00196,2026-06-27,Minimax-M2.5,MiniMax,40.3135,中,cost_risk,成本异常,真实调用延迟显著高于标准环境，存在业务环境时延差,标准拨测健康但真实调用延迟明显更高，差异更可能来自业务环境；同时检查价格版本、请求Token结构和异常长输出,暂不切换,,,保持模型路由，检查请求长度、并发、区域网络和平台排队,100.0,86.2026,97.3152,environment_latency_gap,标准拨测健康但真实调用延迟明显更高，差异更可能来自业务环境,性能分80.0/基线77.4；P95 1951ms/基线2240ms；成功率96.00%/基线98.0%；单请求成本0.002200/基线0.001700；主动拨测成功率100.00%；诊断=environment_latency_gap,待处置
EVID-00197,2026-06-27,Qwen3.6-35B-A3B,Qwen,20.0,低,fusion_diagnosis,融合诊断,真实调用延迟显著高于标准环境，存在业务环境时延差,标准拨测健康但真实调用延迟明显更高，差异更可能来自业务环境,暂不切换,,,保持模型路由，检查请求长度、并发、区域网络和平台排队,100.0,78.039,96.4385,environment_latency_gap,标准拨测健康但真实调用延迟明显更高，差异更可能来自业务环境,性能分75.1/基线74.8；P95 2736ms/基线2653ms；成功率96.15%/基线93.8%；单请求成本0.001100/基线0.001100；主动拨测成功率100.00%；诊断=environment_latency_gap,待处置
EVID-00198,2026-06-28,Qwen3.6-35B-A3B,Qwen,48.9918,中,success_risk,成功率异常,真实调用表现下降，但固定环境主动拨测仍正常,真实调用下降但标准拨测正常，优先排查用户输入、网络和平台链路；同时检查5xx、限流、超时和上游依赖,暂不切换,,,保持模型路由，优先排查网关、区域网络、队列和异常业务流量,100.0,78.039,96.4385,platform_or_traffic_issue,真实调用下降但标准拨测正常，优先排查用户输入、网络和平台链路,性能分66.8/基线74.8；P95 3367ms/基线2736ms；成功率87.10%/基线95.0%；单请求成本0.001100/基线0.001100；主动拨测成功率100.00%；诊断=platform_or_traffic_issue,待处置
EVID-00199,2026-06-28,DeepSeek-V4,DeepSeek,45.0,中,fusion_diagnosis,融合诊断,真实调用正常，但标准能力任务或拨测表现下降,真实调用正常但标准任务下降，可能存在特定能力回退或拨测环境问题,谨慎降权,,,降低当前模型权重，复跑标准任务并观察至少两个评估周期,100.0,85.7386,96.4397,capability_or_probe_issue,真实调用正常但标准任务下降，可能存在特定能力回退或拨测环境问题,性能分79.6/基线81.1；P95 8297ms/基线8352ms；成功率97.02%/基线95.9%；单请求成本0.000800/基线0.000800；主动拨测成功率100.00%；诊断=capability_or_probe_issue,待处置
EVID-00200,2026-06-29,DeepSeek-V4,DeepSeek,45.0,中,fusion_diagnosis,融合诊断,真实调用正常，但标准能力任务或拨测表现下降,真实调用正常但标准任务下降，可能存在特定能力回退或拨测环境问题,谨慎降权,,,降低当前模型权重，复跑标准任务并观察至少两个评估周期,100.0,85.7386,96.4397,capability_or_probe_issue,真实调用正常但标准任务下降，可能存在特定能力回退或拨测环境问题,性能分79.6/基线81.1；P95 8377ms/基线8297ms；成功率97.02%/基线95.9%；单请求成本0.000800/基线0.000800；主动拨测成功率100.00%；诊断=capability_or_probe_issue,待处置
EVID-00201,2026-06-29,Minimax-M2.5,MiniMax,20.0,低,fusion_diagnosis,融合诊断,真实调用延迟显著高于标准环境，存在业务环境时延差,标准拨测健康但真实调用延迟明显更高，差异更可能来自业务环境,暂不切换,,,保持模型路由，检查请求长度、并发、区域网络和平台排队,100.0,86.2026,97.3152,environment_latency_gap,标准拨测健康但真实调用延迟明显更高，差异更可能来自业务环境,性能分73.5/基线79.6；P95 2100ms/基线1951ms；成功率97.14%/基线98.0%；单请求成本0.001700/基线0.001700；主动拨测成功率100.00%；诊断=environment_latency_gap,待处置
EVID-00202,2026-06-29,Qwen3.6-35B-A3B,Qwen,20.0,低,fusion_diagnosis,融合诊断,真实调用延迟显著高于标准环境，存在业务环境时延差,标准拨测健康但真实调用延迟明显更高，差异更可能来自业务环境,暂不切换,,,保持模型路由，检查请求长度、并发、区域网络和平台排队,100.0,78.039,96.4385,environment_latency_gap,标准拨测健康但真实调用延迟明显更高，差异更可能来自业务环境,性能分77.0/基线74.8；P95 2550ms/基线2736ms；成功率95.00%/基线95.0%；单请求成本0.000900/基线0.001100；主动拨测成功率100.00%；诊断=environment_latency_gap,待处置
EVID-00203,2026-06-30,Qwen3.6-35B-A3B,Qwen,58.079,中,success_risk,成功率异常,真实调用表现下降，但固定环境主动拨测仍正常,真实调用下降但标准拨测正常，优先排查用户输入、网络和平台链路；同时检查5xx、限流、超时和上游依赖,暂不切换,,,保持模型路由，优先排查网关、区域网络、队列和异常业务流量,100.0,78.039,96.4385,platform_or_traffic_issue,真实调用下降但标准拨测正常，优先排查用户输入、网络和平台链路,性能分67.4/基线75.1；P95 3373ms/基线2736ms；成功率85.37%/基线95.0%；单请求成本0.001100/基线0.001100；主动拨测成功率100.00%；诊断=platform_or_traffic_issue,待处置
EVID-00204,2026-06-30,DeepSeek-V4,DeepSeek,45.0,中,fusion_diagnosis,融合诊断,真实调用正常，但标准能力任务或拨测表现下降,真实调用正常但标准任务下降，可能存在特定能力回退或拨测环境问题,谨慎降权,,,降低当前模型权重，复跑标准任务并观察至少两个评估周期,100.0,85.7386,96.4397,capability_or_probe_issue,真实调用正常但标准任务下降，可能存在特定能力回退或拨测环境问题,性能分80.3/基线80.9；P95 8113ms/基线8297ms；成功率95.80%/基线96.3%；单请求成本0.000800/基线0.000800；主动拨测成功率100.00%；诊断=capability_or_probe_issue,待处置
EVID-00205,2026-06-30,Minimax-M2.5,MiniMax,20.0,低,fusion_diagnosis,融合诊断,真实调用延迟显著高于标准环境，存在业务环境时延差,标准拨测健康但真实调用延迟明显更高，差异更可能来自业务环境,暂不切换,,,保持模型路由，检查请求长度、并发、区域网络和平台排队,100.0,86.2026,97.3152,environment_latency_gap,标准拨测健康但真实调用延迟明显更高，差异更可能来自业务环境,性能分74.4/基线79.6；P95 2117ms/基线1951ms；成功率98.88%/基线98.0%；单请求成本0.001600/基线0.001700；主动拨测成功率100.00%；诊断=environment_latency_gap,待处置
EVID-00206,2026-07-01,DeepSeek-V4,DeepSeek,45.0,中,fusion_diagnosis,融合诊断,真实调用正常，但标准能力任务或拨测表现下降,真实调用正常但标准任务下降，可能存在特定能力回退或拨测环境问题,谨慎降权,,,降低当前模型权重，复跑标准任务并观察至少两个评估周期,100.0,85.7386,96.4397,capability_or_probe_issue,真实调用正常但标准任务下降，可能存在特定能力回退或拨测环境问题,性能分80.6/基线80.3；P95 8109ms/基线8113ms；成功率97.00%/基线95.8%；单请求成本0.000800/基线0.000800；主动拨测成功率100.00%；诊断=capability_or_probe_issue,待处置
EVID-00207,2026-07-01,Qwen3.6-35B-A3B,Qwen,35.0,中,fusion_diagnosis,融合诊断,真实调用表现下降，但固定环境主动拨测仍正常,真实调用下降但标准拨测正常，优先排查用户输入、网络和平台链路,暂不切换,,,保持模型路由，优先排查网关、区域网络、队列和异常业务流量,100.0,78.039,96.4385,platform_or_traffic_issue,真实调用下降但标准拨测正常，优先排查用户输入、网络和平台链路,性能分64.7/基线75.1；P95 3488ms/基线2736ms；成功率94.74%/基线95.0%；单请求成本0.001200/基线0.001100；主动拨测成功率100.00%；诊断=platform_or_traffic_issue,待处置
EVID-00208,2026-07-01,Minimax-M2.5,MiniMax,20.0,低,fusion_diagnosis,融合诊断,真实调用延迟显著高于标准环境，存在业务环境时延差,标准拨测健康但真实调用延迟明显更高，差异更可能来自业务环境,暂不切换,,,保持模型路由，检查请求长度、并发、区域网络和平台排队,100.0,86.2026,97.3152,environment_latency_gap,标准拨测健康但真实调用延迟明显更高，差异更可能来自业务环境,性能分76.7/基线74.4；P95 2011ms/基线2100ms；成功率97.14%/基线98.0%；单请求成本0.001700/基线0.001700；主动拨测成功率100.00%；诊断=environment_latency_gap,待处置
EVID-00209,2026-07-02,DeepSeek-V4,DeepSeek,45.0,中,fusion_diagnosis,融合诊断,真实调用正常，但标准能力任务或拨测表现下降,真实调用正常但标准任务下降，可能存在特定能力回退或拨测环境问题,谨慎降权,,,降低当前模型权重，复跑标准任务并观察至少两个评估周期,100.0,85.7386,96.4397,capability_or_probe_issue,真实调用正常但标准任务下降，可能存在特定能力回退或拨测环境问题,性能分78.9/基线80.3；P95 8417ms/基线8113ms；成功率95.66%/基线96.3%；单请求成本0.000800/基线0.000800；主动拨测成功率98.96%；诊断=capability_or_probe_issue,待处置
EVID-00210,2026-07-02,Qwen3.6-35B-A3B,Qwen,35.0,中,fusion_diagnosis,融合诊断,真实调用表现下降，但固定环境主动拨测仍正常,真实调用下降但标准拨测正常，优先排查用户输入、网络和平台链路,暂不切换,,,保持模型路由，优先排查网关、区域网络、队列和异常业务流量,100.0,78.039,96.4385,platform_or_traffic_issue,真实调用下降但标准拨测正常，优先排查用户输入、网络和平台链路,性能分86.8/基线74.8；P95 1896ms/基线2754ms；成功率92.31%/基线95.0%；单请求成本0.001300/基线0.001100；主动拨测成功率100.00%；诊断=platform_or_traffic_issue,待处置
EVID-00211,2026-07-02,Minimax-M2.5,MiniMax,20.132,低,success_risk,成功率异常,真实调用延迟显著高于标准环境，存在业务环境时延差,标准拨测健康但真实调用延迟明显更高，差异更可能来自业务环境；同时检查5xx、限流、超时和上游依赖,暂不切换,,,保持模型路由，检查请求长度、并发、区域网络和平台排队,100.0,86.2026,97.3152,environment_latency_gap,标准拨测健康但真实调用延迟明显更高，差异更可能来自业务环境,性能分78.4/基线76.7；P95 1872ms/基线2011ms；成功率94.74%/基线97.1%；单请求成本0.001500/基线0.001700；主动拨测成功率100.00%；诊断=environment_latency_gap,待处置
EVID-00212,2026-07-03,DeepSeek-V4,DeepSeek,45.0,中,fusion_diagnosis,融合诊断,真实调用正常，但标准能力任务或拨测表现下降,真实调用正常但标准任务下降，可能存在特定能力回退或拨测环境问题,谨慎降权,,,降低当前模型权重，复跑标准任务并观察至少两个评估周期,100.0,85.7386,96.4397,capability_or_probe_issue,真实调用正常但标准任务下降，可能存在特定能力回退或拨测环境问题,性能分80.1/基线79.6；P95 8285ms/基线8297ms；成功率96.55%/基线96.3%；单请求成本0.000800/基线0.000800；主动拨测成功率98.96%；诊断=capability_or_probe_issue,待处置
EVID-00213,2026-07-03,Minimax-M2.5,MiniMax,20.0,低,fusion_diagnosis,融合诊断,真实调用延迟显著高于标准环境，存在业务环境时延差,标准拨测健康但真实调用延迟明显更高，差异更可能来自业务环境,暂不切换,,,保持模型路由，检查请求长度、并发、区域网络和平台排队,100.0,86.2026,97.3152,environment_latency_gap,标准拨测健康但真实调用延迟明显更高，差异更可能来自业务环境,性能分74.0/基线76.7；P95 2246ms/基线2011ms；成功率97.44%/基线97.1%；单请求成本0.001700/基线0.001700；主动拨测成功率100.00%；诊断=environment_latency_gap,待处置
EVID-00214,2026-07-03,Qwen3.6-35B-A3B,Qwen,20.0,低,fusion_diagnosis,融合诊断,真实调用延迟显著高于标准环境，存在业务环境时延差,标准拨测健康但真实调用延迟明显更高，差异更可能来自业务环境,暂不切换,,,保持模型路由，检查请求长度、并发、区域网络和平台排队,100.0,78.039,96.4385,environment_latency_gap,标准拨测健康但真实调用延迟明显更高，差异更可能来自业务环境,性能分83.7/基线75.1；P95 2106ms/基线2736ms；成功率94.12%/基线94.7%；单请求成本0.001100/基线0.001100；主动拨测成功率100.00%；诊断=environment_latency_gap,待处置
EVID-00215,2026-07-04,Qwen3.6-35B-A3B,Qwen,50.1174,中,success_risk,成功率异常,真实调用表现下降，但固定环境主动拨测仍正常,真实调用下降但标准拨测正常，优先排查用户输入、网络和平台链路；同时检查5xx、限流、超时和上游依赖,暂不切换,,,保持模型路由，优先排查网关、区域网络、队列和异常业务流量,100.0,78.039,96.4385,platform_or_traffic_issue,真实调用下降但标准拨测正常，优先排查用户输入、网络和平台链路,性能分82.5/基线75.1；P95 2130ms/基线2736ms；成功率86.00%/基线94.1%；单请求成本0.001100/基线0.001100；主动拨测成功率100.00%；诊断=platform_or_traffic_issue,待处置
EVID-00216,2026-07-04,DeepSeek-V4,DeepSeek,45.0,中,fusion_diagnosis,融合诊断,真实调用正常，但标准能力任务或拨测表现下降,真实调用正常但标准任务下降，可能存在特定能力回退或拨测环境问题,谨慎降权,,,降低当前模型权重，复跑标准任务并观察至少两个评估周期,100.0,85.7386,96.4397,capability_or_probe_issue,真实调用正常但标准任务下降，可能存在特定能力回退或拨测环境问题,性能分79.5/基线79.6；P95 8339ms/基线8297ms；成功率96.40%/基线96.6%；单请求成本0.000800/基线0.000800；主动拨测成功率100.00%；诊断=capability_or_probe_issue,待处置
EVID-00217,2026-07-04,Minimax-M2.5,MiniMax,20.0,低,fusion_diagnosis,融合诊断,真实调用延迟显著高于标准环境，存在业务环境时延差,标准拨测健康但真实调用延迟明显更高，差异更可能来自业务环境,暂不切换,,,保持模型路由，检查请求长度、并发、区域网络和平台排队,100.0,86.2026,97.3152,environment_latency_gap,标准拨测健康但真实调用延迟明显更高，差异更可能来自业务环境,性能分77.0/基线76.7；P95 1899ms/基线2011ms；成功率96.47%/基线97.1%；单请求成本0.001600/基线0.001700；主动拨测成功率100.00%；诊断=environment_latency_gap,待处置
EVID-00218,2026-07-05,Minimax-M2.5,MiniMax,60.0,高,performance_risk,性能下降,真实调用表现下降，但固定环境主动拨测仍正常,真实调用下降但标准拨测正常，优先排查用户输入、网络和平台链路；同时检查模型容量、队列、供应商限流和长请求占比,暂不切换,,,保持模型路由，优先排查网关、区域网络、队列和异常业务流量,100.0,86.2026,97.3152,platform_or_traffic_issue,真实调用下降但标准拨测正常，优先排查用户输入、网络和平台链路,性能分47.9/基线76.7；P95 3578ms/基线2011ms；成功率100.00%/基线97.1%；单请求成本0.001700/基线0.001700；主动拨测成功率100.00%；诊断=platform_or_traffic_issue,待处置
EVID-00219,2026-07-05,DeepSeek-V4,DeepSeek,45.0,中,fusion_diagnosis,融合诊断,真实调用正常，但标准能力任务或拨测表现下降,真实调用正常但标准任务下降，可能存在特定能力回退或拨测环境问题,谨慎降权,,,降低当前模型权重，复跑标准任务并观察至少两个评估周期,100.0,85.7386,96.4397,capability_or_probe_issue,真实调用正常但标准任务下降，可能存在特定能力回退或拨测环境问题,性能分78.9/基线79.6；P95 8709ms/基线8297ms；成功率96.65%/基线96.6%；单请求成本0.000800/基线0.000800；主动拨测成功率100.00%；诊断=capability_or_probe_issue,待处置
EVID-00220,2026-07-05,Qwen3.6-35B-A3B,Qwen,20.0,低,fusion_diagnosis,融合诊断,真实调用延迟显著高于标准环境，存在业务环境时延差,标准拨测健康但真实调用延迟明显更高，差异更可能来自业务环境,暂不切换,,,保持模型路由，检查请求长度、并发、区域网络和平台排队,100.0,78.039,96.4385,environment_latency_gap,标准拨测健康但真实调用延迟明显更高，差异更可能来自业务环境,性能分71.4/基线77.0；P95 2696ms/基线2550ms；成功率95.65%/基线92.3%；单请求成本0.001000/基线0.001100；主动拨测成功率100.00%；诊断=environment_latency_gap,待处置
EVID-00221,2026-07-06,Qwen3.6-35B-A3B,Qwen,60.0,高,success_risk,成功率异常,真实调用表现下降，但固定环境主动拨测仍正常,真实调用下降但标准拨测正常，优先排查用户输入、网络和平台链路；同时检查5xx、限流、超时和上游依赖,暂不切换,,,保持模型路由，优先排查网关、区域网络、队列和异常业务流量,100.0,78.039,96.4385,platform_or_traffic_issue,真实调用下降但标准拨测正常，优先排查用户输入、网络和平台链路,性能分64.3/基线77.0；P95 3512ms/基线2550ms；成功率81.82%/基线94.1%；单请求成本0.001100/基线0.001100；主动拨测成功率100.00%；诊断=platform_or_traffic_issue,待处置
EVID-00222,2026-07-06,Minimax-M2.5,MiniMax,55.1413,中,performance_risk,性能下降,真实调用表现下降，但固定环境主动拨测仍正常,真实调用下降但标准拨测正常，优先排查用户输入、网络和平台链路；同时检查模型容量、队列、供应商限流和长请求占比,暂不切换,,,保持模型路由，优先排查网关、区域网络、队列和异常业务流量,100.0,86.2026,97.3152,platform_or_traffic_issue,真实调用下降但标准拨测正常，优先排查用户输入、网络和平台链路,性能分51.4/基线74.4；P95 3782ms/基线2100ms；成功率99.17%/基线97.1%；单请求成本0.001700/基线0.001700；主动拨测成功率100.00%；诊断=platform_or_traffic_issue,待处置
EVID-00223,2026-07-06,DeepSeek-V4,DeepSeek,45.0,中,fusion_diagnosis,融合诊断,真实调用正常，但标准能力任务或拨测表现下降,真实调用正常但标准任务下降，可能存在特定能力回退或拨测环境问题,谨慎降权,,,降低当前模型权重，复跑标准任务并观察至少两个评估周期,100.0,85.7386,96.4397,capability_or_probe_issue,真实调用正常但标准任务下降，可能存在特定能力回退或拨测环境问题,性能分79.3/基线79.6；P95 8510ms/基线8339ms；成功率96.46%/基线96.6%；单请求成本0.000800/基线0.000800；主动拨测成功率97.92%；诊断=capability_or_probe_issue,待处置
EVID-00224,2026-07-07,DeepSeek-V4,DeepSeek,45.0,中,fusion_diagnosis,融合诊断,真实调用正常，但标准能力任务或拨测表现下降,真实调用正常但标准任务下降，可能存在特定能力回退或拨测环境问题,谨慎降权,,,降低当前模型权重，复跑标准任务并观察至少两个评估周期,100.0,85.7386,96.4397,capability_or_probe_issue,真实调用正常但标准任务下降，可能存在特定能力回退或拨测环境问题,性能分79.5/基线79.5；P95 8542ms/基线8339ms；成功率96.61%/基线96.5%；单请求成本0.000800/基线0.000800；主动拨测成功率100.00%；诊断=capability_or_probe_issue,待处置
EVID-00225,2026-07-07,Qwen3.6-35B-A3B,Qwen,35.0,中,fusion_diagnosis,融合诊断,真实调用表现下降，但固定环境主动拨测仍正常,真实调用下降但标准拨测正常，优先排查用户输入、网络和平台链路,暂不切换,,,保持模型路由，优先排查网关、区域网络、队列和异常业务流量,100.0,78.039,96.4385,platform_or_traffic_issue,真实调用下降但标准拨测正常，优先排查用户输入、网络和平台链路,性能分67.8/基线71.4；P95 3229ms/基线2696ms；成功率89.86%/基线92.3%；单请求成本0.001100/基线0.001100；主动拨测成功率100.00%；诊断=platform_or_traffic_issue,待处置
EVID-00226,2026-07-07,Minimax-M2.5,MiniMax,20.0,低,fusion_diagnosis,融合诊断,真实调用延迟显著高于标准环境，存在业务环境时延差,标准拨测健康但真实调用延迟明显更高，差异更可能来自业务环境,暂不切换,,,保持模型路由，检查请求长度、并发、区域网络和平台排队,100.0,86.2026,97.3152,environment_latency_gap,标准拨测健康但真实调用延迟明显更高，差异更可能来自业务环境,性能分78.7/基线74.4；P95 1912ms/基线2117ms；成功率99.17%/基线97.4%；单请求成本0.001600/基线0.001700；主动拨测成功率100.00%；诊断=environment_latency_gap,待处置
EVID-00227,2026-07-08,DeepSeek-V4,DeepSeek,45.0,中,fusion_diagnosis,融合诊断,真实调用正常，但标准能力任务或拨测表现下降,真实调用正常但标准任务下降，可能存在特定能力回退或拨测环境问题,谨慎降权,,,降低当前模型权重，复跑标准任务并观察至少两个评估周期,100.0,85.7386,96.4397,capability_or_probe_issue,真实调用正常但标准任务下降，可能存在特定能力回退或拨测环境问题,性能分78.8/基线79.5；P95 8882ms/基线8417ms；成功率95.95%/基线96.6%；单请求成本0.000800/基线0.000800；主动拨测成功率100.00%；诊断=capability_or_probe_issue,待处置
EVID-00228,2026-07-08,Minimax-M2.5,MiniMax,20.0,低,fusion_diagnosis,融合诊断,真实调用延迟显著高于标准环境，存在业务环境时延差,标准拨测健康但真实调用延迟明显更高，差异更可能来自业务环境,暂不切换,,,保持模型路由，检查请求长度、并发、区域网络和平台排队,100.0,86.2026,97.3152,environment_latency_gap,标准拨测健康但真实调用延迟明显更高，差异更可能来自业务环境,性能分78.5/基线76.7；P95 1987ms/基线2011ms；成功率99.19%/基线97.4%；单请求成本0.001600/基线0.001700；主动拨测成功率100.00%；诊断=environment_latency_gap,待处置
EVID-00229,2026-07-08,Qwen3.6-35B-A3B,Qwen,20.0,低,fusion_diagnosis,融合诊断,真实调用延迟显著高于标准环境，存在业务环境时延差,标准拨测健康但真实调用延迟明显更高，差异更可能来自业务环境,暂不切换,,,保持模型路由，检查请求长度、并发、区域网络和平台排队,100.0,78.039,96.4385,environment_latency_gap,标准拨测健康但真实调用延迟明显更高，差异更可能来自业务环境,性能分72.6/基线71.4；P95 2993ms/基线2696ms；成功率94.83%/基线92.3%；单请求成本0.001100/基线0.001100；主动拨测成功率100.00%；诊断=environment_latency_gap,待处置
EVID-00230,2026-07-09,DeepSeek-V4,DeepSeek,45.0,中,fusion_diagnosis,融合诊断,真实调用正常，但标准能力任务或拨测表现下降,真实调用正常但标准任务下降，可能存在特定能力回退或拨测环境问题,谨慎降权,,,降低当前模型权重，复跑标准任务并观察至少两个评估周期,100.0,85.7386,96.4397,capability_or_probe_issue,真实调用正常但标准任务下降，可能存在特定能力回退或拨测环境问题,性能分79.1/基线79.3；P95 8716ms/基线8510ms；成功率96.57%/基线96.5%；单请求成本0.000800/基线0.000800；主动拨测成功率100.00%；诊断=capability_or_probe_issue,待处置
EVID-00231,2026-07-09,Qwen3.6-35B-A3B,Qwen,20.0,低,fusion_diagnosis,融合诊断,真实调用延迟显著高于标准环境，存在业务环境时延差,标准拨测健康但真实调用延迟明显更高，差异更可能来自业务环境,暂不切换,,,保持模型路由，检查请求长度、并发、区域网络和平台排队,100.0,78.039,96.4385,environment_latency_gap,标准拨测健康但真实调用延迟明显更高，差异更可能来自业务环境,性能分71.5/基线72.6；P95 2961ms/基线2696ms；成功率96.08%/基线92.3%；单请求成本0.001100/基线0.001100；主动拨测成功率100.00%；诊断=environment_latency_gap,待处置
EVID-00232,2026-07-10,DeepSeek-V4,DeepSeek,45.0,中,fusion_diagnosis,融合诊断,真实调用正常，但标准能力任务或拨测表现下降,真实调用正常但标准任务下降，可能存在特定能力回退或拨测环境问题,谨慎降权,,,降低当前模型权重，复跑标准任务并观察至少两个评估周期,100.0,85.7386,96.4397,capability_or_probe_issue,真实调用正常但标准任务下降，可能存在特定能力回退或拨测环境问题,性能分78.2/基线79.3；P95 8990ms/基线8542ms；成功率95.03%/基线96.6%；单请求成本0.000800/基线0.000800；主动拨测成功率100.00%；诊断=capability_or_probe_issue,待处置
EVID-00233,2026-07-10,Qwen3.6-35B-A3B,Qwen,35.0,中,fusion_diagnosis,融合诊断,真实调用表现下降，但固定环境主动拨测仍正常,真实调用下降但标准拨测正常，优先排查用户输入、网络和平台链路,暂不切换,,,保持模型路由，优先排查网关、区域网络、队列和异常业务流量,100.0,78.039,96.4385,platform_or_traffic_issue,真实调用下降但标准拨测正常，优先排查用户输入、网络和平台链路,性能分69.5/基线71.5；P95 3179ms/基线2961ms；成功率90.70%/基线94.1%；单请求成本0.001100/基线0.001100；主动拨测成功率100.00%；诊断=platform_or_traffic_issue,待处置
EVID-00234,2026-07-10,Minimax-M2.5,MiniMax,20.0,低,fusion_diagnosis,融合诊断,真实调用延迟显著高于标准环境，存在业务环境时延差,标准拨测健康但真实调用延迟明显更高，差异更可能来自业务环境,暂不切换,,,保持模型路由，检查请求长度、并发、区域网络和平台排队,100.0,86.2026,97.3152,environment_latency_gap,标准拨测健康但真实调用延迟明显更高，差异更可能来自业务环境,性能分73.7/基线77.0；P95 2331ms/基线1987ms；成功率97.75%/基线99.2%；单请求成本0.001600/基线0.001600；主动拨测成功率100.00%；诊断=environment_latency_gap,待处置
EVID-00235,2026-07-11,Qwen3.6-35B-A3B,Qwen,60.0,高,success_risk,成功率异常,真实调用表现下降，但固定环境主动拨测仍正常,真实调用下降但标准拨测正常，优先排查用户输入、网络和平台链路；同时检查5xx、限流、超时和上游依赖,暂不切换,,,保持模型路由，优先排查网关、区域网络、队列和异常业务流量,100.0,78.039,96.4385,platform_or_traffic_issue,真实调用下降但标准拨测正常，优先排查用户输入、网络和平台链路,性能分66.2/基线71.4；P95 3367ms/基线2993ms；成功率79.41%/基线90.7%；单请求成本0.001100/基线0.001100；主动拨测成功率100.00%；诊断=platform_or_traffic_issue,待处置
EVID-00236,2026-07-11,DeepSeek-V4,DeepSeek,45.0,中,fusion_diagnosis,融合诊断,真实调用正常，但标准能力任务或拨测表现下降,真实调用正常但标准任务下降，可能存在特定能力回退或拨测环境问题,谨慎降权,,,降低当前模型权重，复跑标准任务并观察至少两个评估周期,100.0,85.7386,96.4397,capability_or_probe_issue,真实调用正常但标准任务下降，可能存在特定能力回退或拨测环境问题,性能分78.8/基线79.1；P95 8836ms/基线8709ms；成功率96.34%/基线96.5%；单请求成本0.000800/基线0.000800；主动拨测成功率100.00%；诊断=capability_or_probe_issue,待处置
EVID-00237,2026-07-11,Minimax-M2.5,MiniMax,21.5826,低,success_risk,成功率异常,真实调用延迟显著高于标准环境，存在业务环境时延差,标准拨测健康但真实调用延迟明显更高，差异更可能来自业务环境；同时检查5xx、限流、超时和上游依赖,暂不切换,,,保持模型路由，检查请求长度、并发、区域网络和平台排队,100.0,86.2026,97.3152,environment_latency_gap,标准拨测健康但真实调用延迟明显更高，差异更可能来自业务环境,性能分76.5/基线77.0；P95 1819ms/基线1987ms；成功率96.49%/基线99.2%；单请求成本0.001700/基线0.001600；主动拨测成功率100.00%；诊断=environment_latency_gap,待处置
EVID-00238,2026-07-12,DeepSeek-V4,DeepSeek,45.0,中,fusion_diagnosis,融合诊断,真实调用正常，但标准能力任务或拨测表现下降,真实调用正常但标准任务下降，可能存在特定能力回退或拨测环境问题,谨慎降权,,,降低当前模型权重，复跑标准任务并观察至少两个评估周期,100.0,85.7386,96.4397,capability_or_probe_issue,真实调用正常但标准任务下降，可能存在特定能力回退或拨测环境问题,性能分78.6/基线78.9；P95 9093ms/基线8716ms；成功率95.52%/基线96.5%；单请求成本0.000800/基线0.000800；主动拨测成功率100.00%；诊断=capability_or_probe_issue,待处置
EVID-00239,2026-07-12,Minimax-M2.5,MiniMax,20.0,低,fusion_diagnosis,融合诊断,真实调用延迟显著高于标准环境，存在业务环境时延差,标准拨测健康但真实调用延迟明显更高，差异更可能来自业务环境,暂不切换,,,保持模型路由，检查请求长度、并发、区域网络和平台排队,100.0,86.2026,97.3152,environment_latency_gap,标准拨测健康但真实调用延迟明显更高，差异更可能来自业务环境,性能分70.6/基线76.5；P95 2328ms/基线1987ms；成功率98.33%/基线99.2%；单请求成本0.001700/基线0.001600；主动拨测成功率100.00%；诊断=environment_latency_gap,待处置
EVID-00240,2026-07-12,Qwen3.6-35B-A3B,Qwen,20.0,低,fusion_diagnosis,融合诊断,真实调用延迟显著高于标准环境，存在业务环境时延差,标准拨测健康但真实调用延迟明显更高，差异更可能来自业务环境,暂不切换,,,保持模型路由，检查请求长度、并发、区域网络和平台排队,100.0,78.039,96.4385,environment_latency_gap,标准拨测健康但真实调用延迟明显更高，差异更可能来自业务环境,性能分77.0/基线69.5；P95 2788ms/基线3179ms；成功率96.55%/基线90.7%；单请求成本0.001200/基线0.001100；主动拨测成功率100.00%；诊断=environment_latency_gap,待处置
EVID-00241,2026-07-13,DeepSeek-V4,DeepSeek,45.0,中,fusion_diagnosis,融合诊断,真实调用正常，但标准能力任务或拨测表现下降,真实调用正常但标准任务下降，可能存在特定能力回退或拨测环境问题,谨慎降权,,,降低当前模型权重，复跑标准任务并观察至少两个评估周期,100.0,85.7386,96.4397,capability_or_probe_issue,真实调用正常但标准任务下降，可能存在特定能力回退或拨测环境问题,性能分79.0/基线78.8；P95 9019ms/基线8836ms；成功率95.79%/基线96.3%；单请求成本0.000800/基线0.000800；主动拨测成功率100.00%；诊断=capability_or_probe_issue,待处置
EVID-00242,2026-07-13,Qwen3.6-35B-A3B,Qwen,35.0,中,fusion_diagnosis,融合诊断,真实调用表现下降，但固定环境主动拨测仍正常,真实调用下降但标准拨测正常，优先排查用户输入、网络和平台链路,暂不切换,,,保持模型路由，优先排查网关、区域网络、队列和异常业务流量,100.0,78.039,96.4385,platform_or_traffic_issue,真实调用下降但标准拨测正常，优先排查用户输入、网络和平台链路,性能分76.3/基线69.5；P95 2886ms/基线3179ms；成功率88.64%/基线90.7%；单请求成本0.001100/基线0.001100；主动拨测成功率100.00%；诊断=platform_or_traffic_issue,待处置
EVID-00243,2026-07-13,Minimax-M2.5,MiniMax,20.0,低,fusion_diagnosis,融合诊断,真实调用延迟显著高于标准环境，存在业务环境时延差,标准拨测健康但真实调用延迟明显更高，差异更可能来自业务环境,暂不切换,,,保持模型路由，检查请求长度、并发、区域网络和平台排队,100.0,86.2026,97.3152,environment_latency_gap,标准拨测健康但真实调用延迟明显更高，差异更可能来自业务环境,性能分82.8/基线76.5；P95 1774ms/基线1987ms；成功率98.61%/基线98.3%；单请求成本0.001800/基线0.001600；主动拨测成功率100.00%；诊断=environment_latency_gap,待处置
EVID-00244,2026-07-14,DeepSeek-V4,DeepSeek,80.0,严重,fusion_diagnosis,融合诊断,真实调用与标准拨测同步下降，模型侧健康风险达到切换条件,真实调用与标准环境同步下降，模型服务或模型能力更可能异常,建议切换,,无满足跨供应商、健康和路由角色约束的候选模型,暂停自动扩量，启用兜底策略并人工确认可用替代模型,100.0,85.7386,96.4397,model_side_degradation,真实调用与标准环境同步下降，模型服务或模型能力更可能异常,性能分69.3/基线78.8；P95 11647ms/基线8882ms；成功率89.30%/基线95.9%；单请求成本0.000800/基线0.000800；主动拨测成功率100.00%；诊断=model_side_degradation,待处置
EVID-00245,2026-07-14,Qwen3.6-35B-A3B,Qwen,52.3182,中,performance_risk,性能下降,真实调用表现下降，但固定环境主动拨测仍正常,真实调用下降但标准拨测正常，优先排查用户输入、网络和平台链路；同时检查模型容量、队列、供应商限流和长请求占比,暂不切换,,,保持模型路由，优先排查网关、区域网络、队列和异常业务流量,100.0,78.039,96.4385,platform_or_traffic_issue,真实调用下降但标准拨测正常，优先排查用户输入、网络和平台链路,性能分49.6/基线71.5；P95 5277ms/基线2993ms；成功率91.49%/基线90.7%；单请求成本0.001100/基线0.001100；主动拨测成功率100.00%；诊断=platform_or_traffic_issue,待处置
EVID-00246,2026-07-14,Minimax-M2.5,MiniMax,20.0,低,fusion_diagnosis,融合诊断,真实调用延迟显著高于标准环境，存在业务环境时延差,标准拨测健康但真实调用延迟明显更高，差异更可能来自业务环境,暂不切换,,,保持模型路由，检查请求长度、并发、区域网络和平台排队,100.0,86.2026,97.3152,environment_latency_gap,标准拨测健康但真实调用延迟明显更高，差异更可能来自业务环境,性能分76.4/基线78.5；P95 2026ms/基线1912ms；成功率98.84%/基线98.3%；单请求成本0.001600/基线0.001600；主动拨测成功率98.96%；诊断=environment_latency_gap,待处置
EVID-00247,2026-07-15,DeepSeek-V4,DeepSeek,80.0,严重,fusion_diagnosis,融合诊断,真实调用与标准拨测同步下降，模型侧健康风险达到切换条件,真实调用与标准环境同步下降，模型服务或模型能力更可能异常,建议切换,,无满足跨供应商、健康和路由角色约束的候选模型,暂停自动扩量，启用兜底策略并人工确认可用替代模型,100.0,85.7386,96.4397,model_side_degradation,真实调用与标准环境同步下降，模型服务或模型能力更可能异常,性能分39.1/基线78.8；P95 19876ms/基线8990ms；成功率92.92%/基线95.8%；单请求成本0.000800/基线0.000800；主动拨测成功率100.00%；诊断=model_side_degradation,待处置
EVID-00248,2026-07-15,Qwen3.6-35B-A3B,Qwen,60.0,高,performance_risk,性能下降,真实调用表现下降，但固定环境主动拨测仍正常,真实调用下降但标准拨测正常，优先排查用户输入、网络和平台链路；同时检查模型容量、队列、供应商限流和长请求占比,暂不切换,,,保持模型路由，优先排查网关、区域网络、队列和异常业务流量,100.0,78.039,96.4385,platform_or_traffic_issue,真实调用下降但标准拨测正常，优先排查用户输入、网络和平台链路,性能分39.0/基线71.5；P95 6366ms/基线2993ms；成功率92.68%/基线91.5%；单请求成本0.001100/基线0.001100；主动拨测成功率100.00%；诊断=platform_or_traffic_issue,待处置
EVID-00249,2026-07-15,Minimax-M2.5,MiniMax,20.0,低,fusion_diagnosis,融合诊断,真实调用延迟显著高于标准环境，存在业务环境时延差,标准拨测健康但真实调用延迟明显更高，差异更可能来自业务环境,暂不切换,,,保持模型路由，检查请求长度、并发、区域网络和平台排队,100.0,86.2026,97.3152,environment_latency_gap,标准拨测健康但真实调用延迟明显更高，差异更可能来自业务环境,性能分78.8/基线76.5；P95 1886ms/基线1987ms；成功率100.00%/基线98.3%；单请求成本0.001700/基线0.001600；主动拨测成功率100.00%；诊断=environment_latency_gap,待处置
EVID-00250,2026-07-16,DeepSeek-V4,DeepSeek,80.0,严重,fusion_diagnosis,融合诊断,真实调用与标准拨测同步下降，模型侧健康风险达到切换条件,真实调用与标准环境同步下降，模型服务或模型能力更可能异常,建议切换,,无满足跨供应商、健康和路由角色约束的候选模型,暂停自动扩量，启用兜底策略并人工确认可用替代模型,100.0,85.7386,96.4397,model_side_degradation,真实调用与标准环境同步下降，模型服务或模型能力更可能异常,性能分37.1/基线78.6；P95 20870ms/基线9019ms；成功率93.66%/基线95.5%；单请求成本0.000800/基线0.000800；主动拨测成功率100.00%；诊断=model_side_degradation,待处置
EVID-00251,2026-07-16,Minimax-M2.5,MiniMax,58.1437,中,performance_risk,性能下降,真实调用表现下降，但固定环境主动拨测仍正常,真实调用下降但标准拨测正常，优先排查用户输入、网络和平台链路；同时检查模型容量、队列、供应商限流和长请求占比,暂不切换,,,保持模型路由，优先排查网关、区域网络、队列和异常业务流量,100.0,86.2026,97.3152,platform_or_traffic_issue,真实调用下降但标准拨测正常，优先排查用户输入、网络和平台链路,性能分56.9/基线76.5；P95 2742ms/基线1886ms；成功率90.91%/基线98.3%；单请求成本0.001500/基线0.001700；主动拨测成功率100.00%；诊断=platform_or_traffic_issue,待处置
EVID-00252,2026-07-16,Qwen3.6-35B-A3B,Qwen,42.1585,中,performance_risk,性能下降,真实调用表现下降，但固定环境主动拨测仍正常,真实调用下降但标准拨测正常，优先排查用户输入、网络和平台链路；同时检查模型容量、队列、供应商限流和长请求占比,暂不切换,,,保持模型路由，优先排查网关、区域网络、队列和异常业务流量,100.0,78.039,96.4385,platform_or_traffic_issue,真实调用下降但标准拨测正常，优先排查用户输入、网络和平台链路,性能分52.2/基线69.5；P95 5060ms/基线3179ms；成功率90.74%/基线91.5%；单请求成本0.001100/基线0.001100；主动拨测成功率100.00%；诊断=platform_or_traffic_issue,待处置
EVID-00253,2026-07-17,Minimax-M2.5,MiniMax,60.0,高,performance_risk,性能下降,真实调用表现下降，但固定环境主动拨测仍正常,真实调用下降但标准拨测正常，优先排查用户输入、网络和平台链路；同时检查模型容量、队列、供应商限流和长请求占比,暂不切换,,,保持模型路由，优先排查网关、区域网络、队列和异常业务流量,100.0,86.2026,97.3152,platform_or_traffic_issue,真实调用下降但标准拨测正常，优先排查用户输入、网络和平台链路,性能分46.3/基线76.4；P95 3644ms/基线2026ms；成功率96.77%/基线98.3%；单请求成本0.001700/基线0.001700；主动拨测成功率100.00%；诊断=platform_or_traffic_issue,待处置
EVID-00254,2026-07-17,DeepSeek-V4,DeepSeek,45.0,中,fusion_diagnosis,融合诊断,真实调用正常，但标准能力任务或拨测表现下降,真实调用正常但标准任务下降，可能存在特定能力回退或拨测环境问题,谨慎降权,,,降低当前模型权重，复跑标准任务并观察至少两个评估周期,100.0,85.7386,96.4397,capability_or_probe_issue,真实调用正常但标准任务下降，可能存在特定能力回退或拨测环境问题,性能分79.3/基线78.2；P95 9293ms/基线9093ms；成功率95.75%/基线95.0%；单请求成本0.000800/基线0.000800；主动拨测成功率98.96%；诊断=capability_or_probe_issue,待处置
EVID-00255,2026-07-17,Qwen3.6-35B-A3B,Qwen,35.0,中,fusion_diagnosis,融合诊断,真实调用表现下降，但固定环境主动拨测仍正常,真实调用下降但标准拨测正常，优先排查用户输入、网络和平台链路,暂不切换,,,保持模型路由，优先排查网关、区域网络、队列和异常业务流量,100.0,78.039,96.4385,platform_or_traffic_issue,真实调用下降但标准拨测正常，优先排查用户输入、网络和平台链路,性能分74.5/基线66.2；P95 3651ms/基线3367ms；成功率92.50%/基线90.7%；单请求成本0.001000/基线0.001100；主动拨测成功率100.00%；诊断=platform_or_traffic_issue,待处置
EVID-00256,2026-07-18,DeepSeek-V4,DeepSeek,45.0,中,fusion_diagnosis,融合诊断,真实调用正常，但标准能力任务或拨测表现下降,真实调用正常但标准任务下降，可能存在特定能力回退或拨测环境问题,谨慎降权,,,降低当前模型权重，复跑标准任务并观察至少两个评估周期,100.0,85.7386,96.4397,capability_or_probe_issue,真实调用正常但标准任务下降，可能存在特定能力回退或拨测环境问题,性能分79.8/基线78.6；P95 9372ms/基线9293ms；成功率95.62%/基线95.5%；单请求成本0.000800/基线0.000800；主动拨测成功率100.00%；诊断=capability_or_probe_issue,待处置
EVID-00257,2026-07-18,Qwen3.6-35B-A3B,Qwen,35.0,中,fusion_diagnosis,融合诊断,真实调用表现下降，但固定环境主动拨测仍正常,真实调用下降但标准拨测正常，优先排查用户输入、网络和平台链路,暂不切换,,,保持模型路由，优先排查网关、区域网络、队列和异常业务流量,100.0,78.039,96.4385,platform_or_traffic_issue,真实调用下降但标准拨测正常，优先排查用户输入、网络和平台链路,性能分70.7/基线66.2；P95 3936ms/基线3651ms；成功率90.57%/基线91.5%；单请求成本0.001200/基线0.001100；主动拨测成功率100.00%；诊断=platform_or_traffic_issue,待处置
EVID-00258,2026-07-18,Minimax-M2.5,MiniMax,20.0,低,fusion_diagnosis,融合诊断,真实调用延迟显著高于标准环境，存在业务环境时延差,标准拨测健康但真实调用延迟明显更高，差异更可能来自业务环境,暂不切换,,,保持模型路由，检查请求长度、并发、区域网络和平台排队,100.0,86.2026,97.3152,environment_latency_gap,标准拨测健康但真实调用延迟明显更高，差异更可能来自业务环境,性能分81.5/基线76.4；P95 1775ms/基线2026ms；成功率98.84%/基线98.3%；单请求成本0.001700/基线0.001700；主动拨测成功率100.00%；诊断=environment_latency_gap,待处置
EVID-00259,2026-07-19,DeepSeek-V4,DeepSeek,45.0,中,fusion_diagnosis,融合诊断,真实调用正常，但标准能力任务或拨测表现下降,真实调用正常但标准任务下降，可能存在特定能力回退或拨测环境问题,谨慎降权,,,降低当前模型权重，复跑标准任务并观察至少两个评估周期,100.0,85.7386,96.4397,capability_or_probe_issue,真实调用正常但标准任务下降，可能存在特定能力回退或拨测环境问题,性能分80.6/基线78.6；P95 9118ms/基线9372ms；成功率95.30%/基线95.5%；单请求成本0.000800/基线0.000800；主动拨测成功率100.00%；诊断=capability_or_probe_issue,待处置
EVID-00260,2026-07-19,Minimax-M2.5,MiniMax,35.0,中,fusion_diagnosis,融合诊断,真实调用表现下降，但固定环境主动拨测仍正常,真实调用下降但标准拨测正常，优先排查用户输入、网络和平台链路,暂不切换,,,保持模型路由，优先排查网关、区域网络、队列和异常业务流量,100.0,86.2026,97.3152,platform_or_traffic_issue,真实调用下降但标准拨测正常，优先排查用户输入、网络和平台链路,性能分69.3/基线76.4；P95 2030ms/基线2026ms；成功率95.79%/基线98.6%；单请求成本0.002000/基线0.001700；主动拨测成功率100.00%；诊断=platform_or_traffic_issue,待处置
EVID-00261,2026-07-19,Qwen3.6-35B-A3B,Qwen,35.0,中,fusion_diagnosis,融合诊断,真实调用表现下降，但固定环境主动拨测仍正常,真实调用下降但标准拨测正常，优先排查用户输入、网络和平台链路,暂不切换,,,保持模型路由，优先排查网关、区域网络、队列和异常业务流量,100.0,78.039,96.4385,platform_or_traffic_issue,真实调用下降但标准拨测正常，优先排查用户输入、网络和平台链路,性能分76.1/基线70.7；P95 4066ms/基线3936ms；成功率92.31%/基线91.5%；单请求成本0.001000/基线0.001100；主动拨测成功率100.00%；诊断=platform_or_traffic_issue,待处置
EVID-00262,2026-07-20,DeepSeek-V4,DeepSeek,45.0,中,fusion_diagnosis,融合诊断,真实调用正常，但标准能力任务或拨测表现下降,真实调用正常但标准任务下降，可能存在特定能力回退或拨测环境问题,谨慎降权,,,降低当前模型权重，复跑标准任务并观察至少两个评估周期,100.0,85.7386,96.4397,capability_or_probe_issue,真实调用正常但标准任务下降，可能存在特定能力回退或拨测环境问题,性能分80.1/基线79.0；P95 9488ms/基线9372ms；成功率95.64%/基线95.3%；单请求成本0.000800/基线0.000800；主动拨测成功率100.00%；诊断=capability_or_probe_issue,待处置
EVID-00263,2026-07-20,Qwen3.6-35B-A3B,Qwen,35.0,中,fusion_diagnosis,融合诊断,真实调用表现下降，但固定环境主动拨测仍正常,真实调用下降但标准拨测正常，优先排查用户输入、网络和平台链路,暂不切换,,,保持模型路由，优先排查网关、区域网络、队列和异常业务流量,100.0,78.039,96.4385,platform_or_traffic_issue,真实调用下降但标准拨测正常，优先排查用户输入、网络和平台链路,性能分76.4/基线70.7；P95 3552ms/基线4066ms；成功率91.80%/基线91.5%；单请求成本0.001000/基线0.001100；主动拨测成功率100.00%；诊断=platform_or_traffic_issue,待处置
EVID-00264,2026-07-20,Minimax-M2.5,MiniMax,20.0,低,fusion_diagnosis,融合诊断,真实调用延迟显著高于标准环境，存在业务环境时延差,标准拨测健康但真实调用延迟明显更高，差异更可能来自业务环境,暂不切换,,,保持模型路由，检查请求长度、并发、区域网络和平台排队,100.0,86.2026,97.3152,environment_latency_gap,标准拨测健康但真实调用延迟明显更高，差异更可能来自业务环境,性能分72.6/基线76.4；P95 2044ms/基线2026ms；成功率97.14%/基线98.6%；单请求成本0.001700/基线0.001700；主动拨测成功率100.00%；诊断=environment_latency_gap,待处置
EVID-00265,2026-07-21,DeepSeek-V4,DeepSeek,45.0,中,fusion_diagnosis,融合诊断,真实调用正常，但标准能力任务或拨测表现下降,真实调用正常但标准任务下降，可能存在特定能力回退或拨测环境问题,谨慎降权,,,降低当前模型权重，复跑标准任务并观察至少两个评估周期,100.0,85.7386,96.4397,capability_or_probe_issue,真实调用正常但标准任务下降，可能存在特定能力回退或拨测环境问题,性能分80.4/基线79.3；P95 9459ms/基线9488ms；成功率94.47%/基线95.3%；单请求成本0.000800/基线0.000800；主动拨测成功率100.00%；诊断=capability_or_probe_issue,待处置
EVID-00266,2026-07-21,Qwen3.6-35B-A3B,Qwen,35.0,中,fusion_diagnosis,融合诊断,真实调用表现下降，但固定环境主动拨测仍正常,真实调用下降但标准拨测正常，优先排查用户输入、网络和平台链路,暂不切换,,,保持模型路由，优先排查网关、区域网络、队列和异常业务流量,100.0,78.039,96.4385,platform_or_traffic_issue,真实调用下降但标准拨测正常，优先排查用户输入、网络和平台链路,性能分76.9/基线70.7；P95 3661ms/基线4066ms；成功率90.48%/基线91.8%；单请求成本0.001000/基线0.001100；主动拨测成功率100.00%；诊断=platform_or_traffic_issue,待处置
EVID-00267,2026-07-21,Minimax-M2.5,MiniMax,20.0,低,fusion_diagnosis,融合诊断,真实调用延迟显著高于标准环境，存在业务环境时延差,标准拨测健康但真实调用延迟明显更高，差异更可能来自业务环境,暂不切换,,,保持模型路由，检查请求长度、并发、区域网络和平台排队,100.0,86.2026,97.3152,environment_latency_gap,标准拨测健康但真实调用延迟明显更高，差异更可能来自业务环境,性能分82.8/基线72.6；P95 1699ms/基线2030ms；成功率99.07%/基线97.1%；单请求成本0.001600/基线0.001700；主动拨测成功率100.00%；诊断=environment_latency_gap,待处置
