date,model_id,request_count,total_tokens,estimated_cost,success_rate,p50_latency_ms,p95_latency_ms,p99_latency_ms,cost_per_request,cost_per_1k_tokens,tokens_per_request,stability_bucket_hours,stability_bucket_count,p95_latency_mean_ms,p95_latency_std_ms,success_rate_std_pct,observed_hours,latency_cv,cost_per_request_baseline,cost_per_request_ratio,cost_per_1k_tokens_baseline,cost_per_1k_tokens_ratio,tokens_per_request_baseline,tokens_per_request_ratio,p50_latency_ms_baseline,p50_latency_ratio,p95_latency_ms_baseline,p95_latency_ratio,p99_latency_ms_baseline,p99_latency_ratio,cost_baseline_per_request,cost_baseline_ready,latency_baseline_ready,cost_trend_ratio,success_score,latency_score,stability_score,performance_score,cost_efficiency_score,quality_score,capability_run_count,capability_dimension_count,cost_performance_score,health_score,health_level
2026-04-23,DeepSeek-V4,1702,1165238,1.3983,96.0047,6588.5,9334.0,10668.99,0.000822,0.0012,684.6287,1,24,9112.3708,800.7809,2.4507,24,0.0879,,1.0,,1.0,,1.0,,1.0,,1.0,,1.0,,False,False,1.0,96.9744,80.0,79.6492,79.9649,80.0,93.9236,2880,4,84.1771,85.9235,优秀
2026-04-23,Minimax-M2.5,65,43182,0.1036,90.7692,1682.0,3577.2,3681.0,0.001594,0.0024,664.3385,6,4,2676.6625,765.6386,5.259,20,0.286,,1.0,,1.0,,1.0,,1.0,,1.0,,1.0,,False,False,1.0,91.6861,80.0,44.644,76.4644,80.0,96.5625,2880,4,84.9688,82.3223,健康
2026-04-23,Qwen3.6-35B-A3B,27,18228,0.0292,92.5926,1387.0,2562.4,3019.86,0.00108,0.0016,675.1111,6,4,1846.7,675.0266,13.8193,13,0.3655,,1.0,,1.0,,1.0,,1.0,,1.0,,1.0,,False,False,1.0,93.5279,80.0,16.14,73.614,80.0,93.4722,2880,4,84.0417,81.5418,健康
2026-04-24,DeepSeek-V4,1689,1165959,1.3992,94.849,6602.0,9227.0,10415.96,0.000828,0.0012,690.325,1,24,9054.2208,650.0938,2.5546,24,0.0718,,1.0,,1.0,,1.0,,1.0,,1.0,,1.0,,False,False,1.0,95.8071,80.0,81.1656,80.1166,80.0,93.9236,2880,4,84.1771,85.5908,优秀
2026-04-24,Minimax-M2.5,77,60141,0.1443,96.1039,1727.0,3098.8,3385.84,0.001875,0.0024,781.0519,6,4,2900.225,60.124,6.8851,21,0.0207,,1.0,,1.0,,1.0,,1.0,,1.0,,1.0,,False,False,1.0,97.0746,80.0,69.9756,78.9976,80.0,96.5625,2880,4,84.9688,85.4749,优秀
2026-04-24,Qwen3.6-35B-A3B,31,19907,0.0319,96.7742,1399.0,2352.5,2482.1,0.001027,0.0016,642.1613,6,4,2041.6375,325.5276,3.9365,20,0.1594,,1.0,,1.0,,1.0,,1.0,,1.0,,1.0,,False,False,1.0,97.7517,80.0,65.126,78.5126,80.0,93.4722,2880,4,84.0417,85.4694,优秀
2026-04-25,DeepSeek-V4,1253,858409,1.0301,95.7702,6517.0,9173.4,10544.48,0.000822,0.0012,685.083,1,24,8795.7271,678.9855,3.5469,24,0.0772,,1.0,,1.0,,1.0,,1.0,,1.0,,1.0,,False,False,1.0,96.7376,80.0,76.5484,79.6548,80.0,93.9236,2880,4,84.1771,85.6856,优秀
2026-04-25,Minimax-M2.5,57,40095,0.0962,87.7193,1728.0,3304.6,3607.08,0.001688,0.0024,703.4211,6,4,2686.15,769.2171,5.9841,20,0.2864,,1.0,,1.0,,1.0,,1.0,,1.0,,1.0,,False,False,1.0,88.6054,80.0,41.6956,76.1696,80.0,96.5625,2880,4,84.9688,81.0967,健康
2026-04-25,Qwen3.6-35B-A3B,27,17643,0.0282,92.5926,1295.0,1979.7,1994.1,0.001046,0.0016,653.4444,6,4,1678.975,263.7403,9.6225,15,0.1571,,1.0,,1.0,,1.0,,1.0,,1.0,,1.0,,False,False,1.0,93.5279,80.0,42.658,76.2658,80.0,93.4722,2880,4,84.0417,82.8677,健康
2026-04-26,DeepSeek-V4,1310,903611,1.0843,94.9618,6539.0,8803.05,10655.47,0.000828,0.0012,689.7794,1,24,8633.3646,641.4094,2.8838,24,0.0743,0.000822,1.0069,0.0012,1.0,685.083,1.0069,6588.5,0.9925,9227.0,0.9541,10544.48,1.0105,0.000822,True,True,1.0069,95.921,80.888,79.5488,80.7541,79.6136,93.9236,2880,4,83.9066,85.8914,优秀
2026-04-26,Minimax-M2.5,72,49776,0.1195,94.4444,1839.0,3188.4,3919.31,0.001659,0.0024,691.3333,6,4,2890.7375,216.113,9.6105,21,0.0748,0.001688,0.9829,0.0024,1.0,703.4211,0.9828,1727.0,1.0649,3304.6,0.9648,3607.08,1.0866,0.001688,True,True,0.9829,95.3984,79.189,52.582,76.5283,80.9592,96.5625,2880,4,85.6402,83.7975,健康
2026-04-26,Qwen3.6-35B-A3B,22,13607,0.0218,100.0,1343.5,1980.95,2018.97,0.00099,0.0016,618.5,6,4,1656.1375,339.0824,0.0,14,0.2047,0.001046,0.9466,0.0016,1.0001,653.4444,0.9465,1387.0,0.9686,2352.5,0.8421,2482.1,0.8134,0.001046,True,True,0.9466,100.0,85.338,75.436,84.3478,82.9896,93.4722,2880,4,86.1344,89.6223,优秀
2026-04-27,DeepSeek-V4,1820,1260685,1.5128,95.3846,6495.0,8919.1,10472.81,0.000831,0.0012,692.6841,1,24,8747.6438,733.9968,2.9305,24,0.0839,0.000825,1.0077,0.0012,1.0,687.4312,1.0076,6563.75,0.9895,9200.2,0.9694,10599.975,0.988,0.000825,True,True,1.0077,96.3481,80.837,78.21,80.5743,79.5704,93.9236,2880,4,83.8764,85.9445,优秀
2026-04-27,Minimax-M2.5,71,42209,0.1013,97.1831,1708.0,3141.5,4037.4,0.001427,0.0024,594.493,6,4,2950.6,456.8209,3.3128,22,0.1548,0.001674,0.8525,0.0024,1.0,697.3772,0.8525,1727.5,0.9887,3246.5,0.9677,3644.04,1.1079,0.001674,True,True,0.8525,98.1647,79.68,68.1728,78.5293,88.26,96.5625,2880,4,90.7508,86.8613,优秀
2026-04-27,Qwen3.6-35B-A3B,54,36660,0.0587,94.4444,1297.0,2244.55,2510.67,0.001086,0.0016,678.8889,6,4,1932.875,342.1703,3.2616,20,0.177,0.001037,1.048,0.0016,1.0,647.8029,1.048,1365.25,0.95,2166.725,1.0359,2250.535,1.1156,0.001037,True,True,1.048,95.3984,78.626,65.7136,77.3348,77.312,93.4722,2880,4,82.1601,83.6536,健康
2026-04-28,DeepSeek-V4,1815,1261800,1.5141,96.584,6446.0,9231.2,10493.42,0.000834,0.0012,695.2066,1,24,9026.6937,765.504,1.7526,24,0.0848,0.000828,1.0079,0.0012,1.0,689.7794,1.0079,6539.0,0.9858,9173.4,1.0063,10544.48,0.9952,0.000828,True,True,1.0079,97.5596,80.064,82.8136,80.339,79.5576,93.9236,2880,4,83.8674,86.249,优秀
2026-04-28,Minimax-M2.5,80,59885,0.1437,92.5,1915.5,3224.8,4736.01,0.001797,0.0024,748.5625,3,8,2984.0438,748.6944,8.5598,21,0.2509,0.001659,1.0827,0.0024,1.0,691.3333,1.0828,1727.0,1.1091,3188.4,1.0114,3681.0,1.2866,0.001659,True,True,1.0827,93.4343,75.815,35.6528,71.7988,75.3672,96.5625,2880,4,81.7258,79.9065,健康
2026-04-28,Qwen3.6-35B-A3B,31,21552,0.0345,96.7742,1432.0,2432.5,3122.1,0.001112,0.0016,695.2258,6,3,2120.7667,697.8734,3.9284,16,0.3291,0.001046,1.064,0.0016,1.0,653.4444,1.0639,1343.5,1.0659,2244.55,1.0837,2482.1,1.2578,0.001046,True,True,1.064,97.7517,75.089,44.7944,72.0595,76.4176,93.4722,2880,4,81.534,81.7055,健康
2026-04-29,DeepSeek-V4,1856,1285536,1.5426,95.528,6409.5,9081.75,10410.6,0.000831,0.0012,692.6379,1,24,8724.6729,702.4896,2.4664,24,0.0805,0.000828,1.0037,0.0012,1.0,690.0522,1.0037,6528.0,0.9818,9200.2,0.9871,10518.95,0.9897,0.000828,True,True,1.0037,96.4929,80.543,80.4744,80.5361,79.7928,93.9236,2880,4,84.032,86.0095,优秀
2026-04-29,Minimax-M2.5,76,49924,0.1198,96.0526,1799.5,3002.25,3491.5,0.001577,0.0024,656.8947,6,4,2799.6375,236.4764,2.2293,21,0.0845,0.001674,0.942,0.0024,1.0,697.3772,0.942,1727.5,1.0417,3206.6,0.9363,3800.155,0.9188,0.001674,True,True,0.942,97.0228,81.669,80.9428,81.5964,83.248,96.5625,2880,4,87.2423,87.2434,优秀
2026-04-29,Qwen3.6-35B-A3B,51,35857,0.0574,88.2353,1271.0,2189.5,2548.0,0.001125,0.0016,703.0784,6,4,2156.8875,196.1261,6.8823,19,0.0909,0.001063,1.0584,0.0016,1.0,664.2778,1.0584,1365.25,0.931,2298.525,0.9526,2496.385,1.0207,0.001063,True,True,1.0584,89.1266,81.431,61.5628,79.4442,76.7296,93.4722,2880,4,81.7524,82.4258,健康
2026-04-30,DeepSeek-V4,1616,1092482,1.311,95.1114,6378.0,9014.5,10272.5,0.000811,0.0012,676.0408,1,24,8618.4104,609.5964,4.1807,24,0.0707,0.000828,0.9793,0.0012,1.0,690.325,0.9793,6517.0,0.9787,9173.4,0.9827,10493.42,0.9789,0.000828,True,True,0.9793,96.0721,80.77,74.7932,80.1723,81.1592,93.9236,2880,4,84.9885,85.8853,优秀
2026-04-30,Minimax-M2.5,82,51060,0.1225,97.561,1564.5,2792.65,3487.09,0.001494,0.0024,622.6829,3,8,2602.3375,578.7671,2.7268,24,0.2224,0.001659,0.9007,0.0024,1.0,691.3333,0.9007,1728.0,0.9054,3188.4,0.8759,3681.0,0.9473,0.001659,True,True,0.9007,98.5465,83.955,62.4048,81.8,85.5608,96.5625,2880,4,88.8613,88.2254,优秀
2026-04-30,Qwen3.6-35B-A3B,37,25872,0.0414,89.1892,1350.0,2228.2,2270.6,0.001119,0.0016,699.2432,6,4,1899.8,203.2798,13.8419,15,0.107,0.00108,1.0357,0.0016,1.0,675.1111,1.0357,1343.5,1.0048,2244.55,0.9927,2510.67,0.9044,0.00108,True,True,1.0357,90.0901,81.054,47.16,77.6646,78.0008,93.4722,2880,4,82.6422,82.064,健康
2026-05-01,DeepSeek-V4,1425,975600,1.1707,96.1404,6339.0,8515.2,10195.92,0.000822,0.0012,684.6316,1,24,8422.3792,649.3417,3.3218,24,0.0771,0.000828,0.9918,0.0012,1.0,690.325,0.9918,6495.0,0.976,9081.75,0.9376,10472.81,0.9736,0.000828,True,True,0.9918,97.1115,81.752,77.4608,81.3229,80.4592,93.9236,2880,4,84.4985,86.7194,优秀
2026-05-01,Minimax-M2.5,59,39578,0.095,96.6102,1716.0,2847.6,3700.1,0.00161,0.0024,670.8136,6,4,2645.4,401.3032,2.5124,22,0.1517,0.001659,0.9703,0.0024,1.0,691.3333,0.9703,1728.0,0.9931,3141.5,0.9064,3607.08,1.0258,0.001659,True,True,0.9703,97.5861,81.683,71.7464,80.6893,81.6632,96.5625,2880,4,86.133,86.7493,优秀
2026-05-01,Qwen3.6-35B-A3B,33,21079,0.0337,93.9394,1207.0,1900.4,2620.28,0.001022,0.0016,638.7576,6,4,1877.85,357.4473,7.2169,14,0.1903,0.001086,0.9409,0.0016,1.0,678.8889,0.9409,1343.5,0.8984,2228.2,0.8529,2482.1,1.0557,0.001086,True,True,0.9409,94.8883,83.401,48.2964,79.8905,83.3096,93.4722,2880,4,86.3584,85.6526,优秀
2026-05-02,DeepSeek-V4,942,628478,0.7542,91.189,4582.0,6016.5,6978.47,0.000801,0.0012,667.1741,1,24,5756.5729,519.6368,4.637,24,0.0903,0.000828,0.9672,0.0012,1.0,689.7794,0.9672,6446.0,0.7108,9014.5,0.6674,10472.81,0.6663,0.000828,True,True,0.9672,92.1101,92.881,70.616,90.6545,81.8368,93.9236,2880,4,85.4628,89.8413,优秀
2026-05-02,Minimax-M2.5,40,26688,0.0641,95.0,1509.5,3169.15,4050.01,0.001601,0.0024,667.2,6,4,3043.3,519.9254,5.8362,20,0.1708,0.00161,0.9947,0.0024,1.0,670.8136,0.9946,1728.0,0.8736,3141.5,1.0088,3700.1,1.0946,0.00161,True,True,0.9947,95.9596,80.142,56.1592,77.7437,80.2984,96.5625,2880,4,85.1776,84.5025,健康
2026-05-02,Qwen3.6-35B-A3B,20,12475,0.02,100.0,1267.0,1873.5,1941.9,0.000998,0.0016,623.75,6,4,1793.45,88.0899,0.0,13,0.0491,0.001086,0.9189,0.0016,1.0001,678.8889,0.9188,1297.0,0.9769,2189.5,0.8557,2510.67,0.7735,0.001086,True,True,0.9189,100.0,85.382,94.108,86.2546,84.5408,93.4722,2880,4,87.2202,90.8084,优秀
2026-05-03,DeepSeek-V4,1072,719544,0.8635,96.0821,6258.0,8985.9,10032.05,0.000805,0.0012,671.2164,1,24,8346.9479,799.1269,2.6639,24,0.0957,0.000828,0.9731,0.0012,1.0,689.7794,0.9731,6409.5,0.9764,8919.1,1.0075,10410.6,0.9636,0.000828,True,True,0.9731,97.0526,80.45,77.8604,80.191,81.5064,93.9236,2880,4,85.2316,86.2899,优秀
2026-05-03,Minimax-M2.5,51,32968,0.0791,92.1569,1613.0,2423.5,2955.5,0.001551,0.0024,646.4314,6,4,2216.8875,245.4977,3.9445,20,0.1107,0.001601,0.9688,0.0024,1.0,667.2,0.9689,1716.0,0.94,3141.5,0.7714,3919.31,0.7541,0.001601,True,True,0.9688,93.0878,87.631,70.938,85.9617,81.7456,96.5625,2880,4,86.1907,87.8234,优秀
2026-05-03,Qwen3.6-35B-A3B,30,18772,0.03,100.0,1449.0,2717.85,3812.84,0.001001,0.0016,625.7333,6,4,2366.9,657.1371,0.0,15,0.2776,0.001086,0.9216,0.0016,0.9999,678.8889,0.9217,1297.0,1.1172,2189.5,1.2413,2510.67,1.5187,0.001086,True,True,0.9216,100.0,68.815,66.688,68.6023,84.3912,93.4722,2880,4,87.1155,81.9598,健康
2026-05-04,DeepSeek-V4,1812,1231856,1.4782,96.0265,6227.0,8782.15,9990.89,0.000816,0.0012,679.8322,1,24,8377.1771,767.8205,2.4436,24,0.0917,0.000822,0.993,0.0012,1.0,684.6316,0.993,6378.0,0.9763,8985.9,0.9773,10272.5,0.9726,0.000822,True,True,0.993,96.9965,80.965,79.2216,80.7907,80.392,93.9236,2880,4,84.4515,86.4029,优秀
2026-05-04,Minimax-M2.5,89,63042,0.1513,96.6292,1685.0,3059.4,4944.44,0.0017,0.0024,708.3371,3,8,2993.2062,884.107,16.3936,22,0.2954,0.001577,1.0783,0.0024,1.0,656.8947,1.0783,1708.0,0.9865,3002.25,1.019,3700.1,1.3363,0.001577,True,True,1.0783,97.6053,76.392,24.552,71.208,75.6152,96.5625,2880,4,81.8994,81.1081,健康
2026-05-04,Qwen3.6-35B-A3B,41,29926,0.0479,95.122,1321.0,1963.0,2292.6,0.001168,0.0016,729.9024,6,3,2010.0,202.2745,6.2854,16,0.1006,0.001086,1.0751,0.0016,1.0,678.8889,1.0751,1297.0,1.0185,2228.2,0.881,2548.0,0.8998,0.001086,True,True,1.0751,96.0828,83.197,62.7864,81.1559,75.7944,93.4722,2880,4,81.0977,85.5761,优秀
2026-05-05,DeepSeek-V4,1748,1204924,1.4459,92.2769,12422.0,21762.1,24505.77,0.000827,0.0012,689.3158,1,24,20918.6167,1504.7559,2.6213,24,0.0719,0.000816,1.0139,0.0012,1.0,679.8322,1.0139,6339.0,1.9596,8985.9,2.4218,10195.92,2.4035,0.000816,True,True,1.0139,93.209,27.933,80.8868,33.2284,79.2216,93.9236,2880,4,83.6322,61.1206,需关注
2026-05-05,Minimax-M2.5,88,61687,0.148,97.7273,1526.0,2726.15,2898.45,0.001682,0.0024,700.9886,3,8,2333.5125,357.5194,6.7924,22,0.1532,0.001601,1.0506,0.0024,1.0,667.2,1.0506,1685.0,0.9056,3002.25,0.908,3700.1,0.7833,0.001601,True,True,1.0506,98.7144,84.951,54.4464,81.9005,77.1664,96.5625,2880,4,82.9852,87.0753,优秀
2026-05-05,Qwen3.6-35B-A3B,45,29351,0.047,91.1111,1375.0,2644.2,3518.76,0.001044,0.0016,652.2444,6,4,2232.8875,815.6305,4.0988,19,0.3653,0.001112,0.9382,0.0016,1.0,695.2258,0.9382,1321.0,1.0409,2189.5,1.2077,2548.0,1.381,0.001112,True,True,0.9382,92.0314,71.627,39.7688,68.4412,83.4608,93.4722,2880,4,86.4642,78.9507,健康
2026-05-06,DeepSeek-V4,1944,1334308,1.6012,94.0844,14829.0,26458.15,31312.46,0.000824,0.0012,686.3724,1,24,25955.1646,1921.059,3.1171,24,0.074,0.000816,1.0096,0.0012,1.0,679.8322,1.0096,6339.0,2.3393,8985.9,2.9444,10195.92,3.0711,0.000816,True,True,1.0096,95.0347,7.719,78.6516,14.8123,79.4624,93.9236,2880,4,83.8008,52.5877,需关注
2026-05-06,Minimax-M2.5,76,53497,0.1284,94.7368,1643.0,3112.0,3367.75,0.001689,0.0024,703.9079,6,4,2942.45,193.7315,3.3918,22,0.0658,0.001601,1.055,0.0024,1.0,667.2,1.055,1613.0,1.0186,2847.6,1.0929,3491.5,0.9646,0.001601,True,True,1.055,95.6937,78.31,78.5368,78.3327,76.92,96.5625,2880,4,82.8127,84.1971,健康
2026-05-06,Qwen3.6-35B-A3B,48,32433,0.0519,95.8333,1327.0,2330.1,2882.97,0.001081,0.0016,675.6875,6,4,1962.7875,387.6002,2.5675,19,0.1975,0.001044,1.036,0.0016,1.0001,652.2444,1.0359,1321.0,1.0045,2189.5,1.0642,2548.0,1.1315,0.001044,True,True,1.036,96.8013,77.356,66.03,76.2234,77.9832,93.4722,2880,4,82.6299,83.6896,健康
2026-05-07,DeepSeek-V4,1727,1183923,1.4207,91.8935,11746.0,20429.0,23787.94,0.000823,0.0012,685.5373,1,24,19716.2396,1671.9077,2.8892,24,0.0848,0.000816,1.0084,0.0012,1.0,679.8322,1.0084,6339.0,1.853,8985.9,2.2735,10195.92,2.3331,0.000816,True,True,1.0084,92.8217,32.669,78.2672,37.2288,79.5296,93.9236,2880,4,83.8478,63.0315,需关注
2026-05-07,Minimax-M2.5,89,64891,0.1557,95.5056,1599.0,2745.8,4694.72,0.00175,0.0024,729.1124,3,8,2675.7812,793.1639,5.8524,22,0.2964,0.00161,1.0869,0.0024,1.0,670.8136,1.0869,1613.0,0.9913,2847.6,0.9643,3487.09,1.3463,0.00161,True,True,1.0869,96.4703,77.338,41.0224,73.7064,75.1336,96.5625,2880,4,81.5623,81.8879,健康
2026-05-07,Qwen3.6-35B-A3B,42,30403,0.0486,100.0,1238.0,2257.1,2495.57,0.001158,0.0016,723.881,6,4,1990.85,241.2079,0.0,19,0.1212,0.001044,1.1098,0.0016,1.0,652.2444,1.1098,1327.0,0.9329,2228.2,1.013,2620.28,0.9524,0.001044,True,True,1.1098,100.0,80.887,85.456,81.3439,73.8512,93.4722,2880,4,79.7375,86.7496,优秀
2026-05-08,DeepSeek-V4,1575,1089181,1.307,95.9365,6082.0,8411.3,9474.3,0.00083,0.0012,691.5435,1,24,8073.7792,587.9337,2.7321,24,0.0728,0.000822,1.0101,0.0012,1.0,684.6316,1.0101,6339.0,0.9595,8985.9,0.9361,10195.92,0.9292,0.000822,True,True,1.0101,96.9056,82.391,80.3356,82.1855,79.4344,93.9236,2880,4,83.7812,86.9248,优秀
2026-05-08,Minimax-M2.5,76,50839,0.122,94.7368,1539.0,2620.5,3223.75,0.001605,0.0024,668.9342,6,4,2402.5875,433.3857,6.002,20,0.1804,0.001682,0.9543,0.0024,1.0,700.9886,0.9543,1613.0,0.9541,2847.6,0.9202,3700.1,0.8713,0.001682,True,True,0.9543,95.6937,83.342,54.344,80.4422,82.5592,96.5625,2880,4,86.7602,86.0978,优秀
2026-05-08,Qwen3.6-35B-A3B,45,27924,0.0447,100.0,1353.0,2050.4,2539.76,0.000993,0.0016,620.5333,6,4,2052.625,274.9927,0.0,20,0.134,0.001044,0.9513,0.0016,1.0,652.2444,0.9514,1321.0,1.0242,2257.1,0.9084,2620.28,0.9693,0.001044,True,True,0.9513,100.0,81.897,83.92,82.0993,82.7256,93.4722,2880,4,85.9496,88.4585,优秀
2026-05-09,DeepSeek-V4,1172,795975,0.9552,96.5017,5998.5,7936.1,9440.38,0.000815,0.0012,679.1596,1,24,7601.8292,682.7641,2.5319,24,0.0898,0.000823,0.9907,0.0012,1.0,685.5373,0.9907,6258.0,0.9585,8985.9,0.8832,10032.05,0.941,0.000823,True,True,0.9907,97.4765,83.341,79.0964,82.9165,80.5208,93.9236,2880,4,84.5416,87.6532,优秀
2026-05-09,Minimax-M2.5,63,42238,0.1014,85.7143,1577.0,2601.3,2808.4,0.001609,0.0024,670.4444,6,4,2407.75,325.5655,18.0021,19,0.1352,0.001682,0.9564,0.0024,1.0,700.9886,0.9564,1599.0,0.9862,2745.8,0.9474,3367.75,0.8339,0.001682,True,True,0.9564,86.5801,82.851,43.776,78.9435,82.4416,96.5625,2880,4,86.6779,82.141,健康
2026-05-09,Qwen3.6-35B-A3B,34,29157,0.0466,88.2353,1191.5,2153.45,2702.63,0.001372,0.0016,857.5588,6,4,1801.925,482.6532,6.4403,16,0.2679,0.001044,1.3147,0.0016,1.0,652.2444,1.3148,1327.0,0.8979,2257.1,0.9541,2539.76,1.0641,0.001044,True,True,1.3147,89.1266,81.298,42.0908,77.3773,62.3752,93.4722,2880,4,71.7043,79.2392,健康
2026-05-10,DeepSeek-V4,1259,866748,1.0401,96.108,6003.0,8244.6,9341.86,0.000826,0.0012,688.4416,1,24,7857.6667,529.7598,2.9852,24,0.0674,0.000823,1.0042,0.0012,1.0,685.5373,1.0042,6258.0,0.9593,8985.9,0.9175,10032.05,0.9312,0.000823,True,True,1.0042,97.0788,82.745,79.9712,82.4676,79.7648,93.9236,2880,4,84.0124,87.1761,优秀
2026-05-10,Minimax-M2.5,44,28630,0.0687,88.6364,1694.5,2842.8,4119.04,0.001562,0.0024,650.6818,6,4,2823.9375,416.9755,8.2131,21,0.1477,0.001682,0.9282,0.0024,1.0,700.9886,0.9282,1599.0,1.0597,2726.15,1.0428,3223.75,1.2777,0.001682,True,True,0.9282,89.5317,75.77,49.4236,73.1354,84.0208,96.5625,2880,4,87.7833,80.5069,健康
2026-05-10,Qwen3.6-35B-A3B,24,14652,0.0234,91.6667,1444.0,2045.9,2729.37,0.000977,0.0016,610.5,6,4,1984.0875,442.3171,6.4476,15,0.2229,0.001081,0.9035,0.0016,1.0,675.6875,0.9035,1327.0,1.0882,2257.1,0.9064,2702.63,1.0099,0.001081,True,True,0.9035,92.5926,80.891,47.4616,77.5481,85.404,93.4722,2880,4,87.8245,83.992,健康
2026-05-11,DeepSeek-V4,2749,1889175,2.267,96.617,5981.0,8229.4,9337.6,0.000825,0.0012,687.2226,1,24,8050.3542,590.2696,1.8984,24,0.0733,0.000824,1.0012,0.0012,1.0,686.3724,1.0012,6227.0,0.9605,8782.15,0.9371,9990.89,0.9346,0.000824,True,True,1.0012,97.5929,82.307,83.6104,82.4373,79.9328,93.9236,2880,4,84.13,87.3661,优秀
2026-05-11,Minimax-M2.5,121,77330,0.1856,88.4298,1544.0,2662.0,3208.8,0.001534,0.0024,639.0909,3,8,2355.65,454.9908,6.0803,21,0.1931,0.001682,0.9117,0.0024,1.0,700.9886,0.9117,1599.0,0.9656,2745.8,0.9695,3367.75,0.9528,0.001682,True,True,0.9117,89.323,81.426,52.5068,78.5341,84.9448,96.5625,2880,4,88.4301,83.2718,健康
2026-05-11,Qwen3.6-35B-A3B,80,56233,0.09,95.0,1210.0,2471.35,3302.4,0.001125,0.0016,702.9125,3,8,1986.2125,555.63,5.2132,21,0.2797,0.001081,1.0402,0.0016,0.9999,675.6875,1.0403,1327.0,0.9118,2153.45,1.1476,2702.63,1.2219,0.001081,True,True,1.0402,95.9596,75.711,45.5832,72.6982,77.7496,93.4722,2880,4,82.4664,81.5974,健康
2026-05-12,DeepSeek-V4,1657,1137196,1.3646,96.0772,5958.0,8141.0,9229.04,0.000824,0.0012,686.2981,1,24,7755.3083,541.3871,2.5696,24,0.0698,0.000825,0.9987,0.0012,1.0,687.2226,0.9987,6082.0,0.9796,8411.3,0.9679,9474.3,0.9741,0.000825,True,True,0.9987,97.0477,81.105,81.3456,81.1291,80.0728,93.9236,2880,4,84.228,86.5421,优秀
2026-05-12,Minimax-M2.5,78,53520,0.1284,93.5897,1449.5,2410.55,3166.9,0.001647,0.0024,686.1538,6,4,2141.3875,457.1666,8.0188,21,0.2135,0.001609,1.0234,0.0024,1.0,670.4444,1.0234,1577.0,0.9192,2726.15,0.8842,3223.75,0.9824,0.001609,True,True,1.0234,94.5351,83.3,42.3048,79.2005,78.6896,96.5625,2880,4,84.0515,84.4909,健康
2026-05-12,Qwen3.6-35B-A3B,45,29946,0.0479,93.3333,1375.0,2399.0,2565.88,0.001065,0.0016,665.4667,6,4,2132.6875,372.7401,3.3054,18,0.1748,0.001081,0.9848,0.0016,0.9999,675.6875,0.9849,1327.0,1.0362,2257.1,1.0629,2729.37,0.9401,0.001081,True,True,0.9848,94.2761,78.979,65.8024,77.6613,80.852,93.4722,2880,4,84.6381,83.9551,健康
2026-05-13,DeepSeek-V4,1619,1134146,1.361,96.9734,5975.0,8084.6,9130.28,0.000841,0.0012,700.5225,1,24,7760.3521,555.6168,2.164,24,0.0716,0.000824,1.0206,0.0012,1.0,686.3724,1.0206,6003.0,0.9953,8244.6,0.9806,9440.38,0.9672,0.000824,True,True,1.0206,97.9529,80.763,82.752,80.9619,78.8464,93.9236,2880,4,83.3696,86.5914,优秀
2026-05-13,Minimax-M2.5,69,44331,0.1064,92.7536,1456.0,2704.8,4365.12,0.001542,0.0024,642.4783,6,4,2409.9875,609.4658,19.6822,18,0.2529,0.001609,0.9583,0.0024,1.0,670.4444,0.9583,1577.0,0.9233,2662.0,1.0161,3223.75,1.3541,0.001609,True,True,0.9583,93.6905,76.904,29.652,72.1788,82.3352,96.5625,2880,4,86.6034,81.2314,健康
2026-05-13,Qwen3.6-35B-A3B,51,39308,0.0629,96.0784,1007.0,1626.5,1926.5,0.001233,0.0016,770.7451,6,4,1537.5875,164.3467,6.8041,17,0.1069,0.001081,1.1406,0.0016,1.0,675.6875,1.1407,1327.0,0.7589,2257.1,0.7206,2702.63,0.7128,0.001081,True,True,1.1406,97.0489,90.871,59.9556,87.7795,72.1248,93.4722,2880,4,78.529,88.6756,优秀
2026-05-14,DeepSeek-V4,1787,1242893,1.4915,97.258,5995.0,8226.3,9300.22,0.000835,0.0012,695.5193,1,24,8084.8479,439.6887,1.9535,24,0.0544,0.000825,1.0121,0.0012,1.0,687.2226,1.0121,5998.5,0.9994,8229.4,0.9996,9341.86,0.9955,0.000825,True,True,1.0121,98.2404,80.059,85.658,80.6189,79.3224,93.9236,2880,4,83.7028,86.592,优秀
2026-05-14,Minimax-M2.5,86,56603,0.1359,97.6744,1588.0,2472.0,2601.75,0.00158,0.0024,658.1744,3,8,2249.6688,256.1965,10.9393,22,0.1139,0.001605,0.984,0.0024,1.0,668.9342,0.9839,1544.0,1.0285,2662.0,0.9286,3223.75,0.8071,0.001605,True,True,0.984,98.661,83.072,46.332,79.398,80.8976,96.5625,2880,4,85.5971,86.365,优秀
2026-05-14,Qwen3.6-35B-A3B,46,29231,0.0468,82.6087,943.5,1590.5,3534.65,0.001017,0.0016,635.4565,6,4,1528.2875,95.1542,8.4743,19,0.0623,0.001125,0.9041,0.0016,1.0,702.9125,0.904,1238.0,0.7621,2153.45,0.7386,2565.88,1.3776,0.001125,True,True,0.9041,83.4431,83.831,58.6268,81.3106,85.372,93.4722,2880,4,87.8021,82.6662,健康
2026-05-15,DeepSeek-V4,1788,1227110,1.4725,96.7002,5964.0,8291.8,9505.69,0.000824,0.0012,686.3031,1,24,8000.6146,700.1649,4.2513,24,0.0875,0.000826,0.9969,0.0012,1.0,688.4416,0.9969,5995.0,0.9948,8226.3,1.008,9337.6,1.018,0.000826,True,True,0.9969,97.677,79.712,72.4948,78.9903,80.1736,93.9236,2880,4,84.2986,85.7081,优秀
2026-05-15,Minimax-M2.5,85,53580,0.1286,96.4706,1356.0,2152.0,2451.12,0.001513,0.0024,630.3529,3,8,2062.0375,158.042,8.6996,22,0.0766,0.00158,0.9577,0.0024,1.0,658.1744,0.9577,1544.0,0.8782,2620.5,0.8212,3208.8,0.7639,0.00158,True,True,0.9577,97.4451,87.155,56.0096,84.0405,82.3688,96.5625,2880,4,86.6269,88.4813,优秀
2026-05-15,Qwen3.6-35B-A3B,36,24136,0.0386,91.6667,912.5,1793.25,2498.25,0.001073,0.0016,670.4444,6,4,1636.4625,438.3478,6.837,15,0.2679,0.001065,1.0075,0.0016,1.0,665.4667,1.0075,1210.0,0.7541,2050.4,0.8746,2702.63,0.9244,0.001065,True,True,1.0075,92.5926,85.723,40.504,81.2011,79.58,93.4722,2880,4,83.7477,84.945,健康
2026-05-16,DeepSeek-V4,1330,908646,1.0904,96.391,5987.0,8126.95,9297.65,0.00082,0.0012,683.1925,1,24,7756.6812,637.1669,2.289,24,0.0821,0.000825,0.9941,0.0012,1.0,687.2226,0.9941,5981.0,1.001,8226.3,0.9879,9337.6,0.9957,0.000825,True,True,0.9941,97.3646,80.275,80.992,80.3467,80.3304,93.9236,2880,4,84.4084,86.3005,优秀
2026-05-16,Minimax-M2.5,53,36676,0.088,94.3396,1435.0,2987.4,3483.48,0.001661,0.0024,692.0,6,4,2632.65,527.362,7.8705,20,0.2003,0.001562,1.0635,0.0024,1.0,650.6818,1.0635,1544.0,0.9294,2601.3,1.1484,3166.9,1.1,0.001562,True,True,1.0635,95.2925,76.738,44.482,73.5124,76.444,96.5625,2880,4,82.4796,81.5752,健康
2026-05-16,Qwen3.6-35B-A3B,49,36473,0.0584,100.0,1140.0,1937.0,2269.36,0.001191,0.0016,744.3469,6,4,1954.6875,206.2572,0.0,18,0.1055,0.001073,1.1102,0.0016,1.0,670.4444,1.1102,1191.5,0.9568,2045.9,0.9468,2702.63,0.8397,0.001073,True,True,1.1102,100.0,83.099,87.34,83.5231,73.8288,93.4722,2880,4,79.7218,87.8359,优秀
2026-05-17,DeepSeek-V4,1454,979980,1.176,96.1486,6002.5,8375.05,9492.69,0.000809,0.0012,673.989,1,24,8016.7875,540.2124,1.9223,24,0.0674,0.000825,0.9807,0.0012,1.0,687.2226,0.9807,5981.0,1.0036,8226.3,1.0181,9300.22,1.0207,0.000825,True,True,0.9807,97.1198,79.395,84.2228,79.8778,81.0808,93.9236,2880,4,84.9336,86.0929,优秀
2026-05-17,Minimax-M2.5,63,40310,0.0967,95.2381,1475.0,2223.0,2913.7,0.001536,0.0024,639.8413,6,4,1835.675,333.1838,4.4794,19,0.1815,0.001562,0.9834,0.0024,1.0,650.6818,0.9833,1456.0,1.013,2662.0,0.8351,3208.8,0.908,0.001562,True,True,0.9834,96.2001,84.088,60.3024,81.7094,80.9312,96.5625,2880,4,85.6206,86.6644,优秀
2026-05-17,Qwen3.6-35B-A3B,29,17790,0.0285,96.5517,1303.0,2087.6,2322.24,0.000982,0.0016,613.4483,6,4,1768.8625,434.1642,4.8113,17,0.2454,0.001073,0.9151,0.0016,1.0001,670.4444,0.915,1140.0,1.143,1937.0,1.0777,2565.88,0.905,0.001073,True,True,0.9151,97.527,77.966,51.3068,75.3001,84.7536,93.4722,2880,4,87.3692,84.4975,健康
2026-05-18,DeepSeek-V4,2350,1602846,1.9234,97.1915,6018.0,8348.0,9442.0,0.000818,0.0012,682.0621,1,24,8057.975,689.7286,2.303,24,0.0856,0.000824,0.9938,0.0012,1.0,686.3031,0.9938,5981.0,1.0062,8226.3,1.0148,9300.22,1.0152,0.000824,True,True,0.9938,98.1732,79.49,80.516,79.5926,80.3472,93.9236,2880,4,84.4201,86.209,优秀
2026-05-18,Minimax-M2.5,118,73779,0.1771,95.7627,1364.5,2327.5,2878.12,0.001501,0.0024,625.2458,3,8,1995.4875,518.5181,32.1245,22,0.2598,0.001542,0.9732,0.0024,1.0,642.4783,0.9732,1456.0,0.9372,2472.0,0.9415,3166.9,0.9088,0.001542,True,True,0.9732,96.73,82.71,28.824,77.3214,81.5008,96.5625,2880,4,86.0193,84.7413,健康
2026-05-18,Qwen3.6-35B-A3B,57,38760,0.062,92.9825,1198.0,2091.2,2432.68,0.001088,0.0016,680.0,6,4,1965.625,124.4781,5.8069,20,0.0633,0.001073,1.0143,0.0016,1.0,670.4444,1.0143,1140.0,1.0509,1937.0,1.0796,2498.25,0.9738,0.001073,True,True,1.0143,93.9217,78.161,69.1764,77.2625,79.1992,93.4722,2880,4,83.4811,83.3838,健康
2026-05-19,DeepSeek-V4,1951,1340466,1.6086,93.2342,6188.0,25570.0,31602.0,0.000824,0.0012,687.0661,1,24,10059.6062,7121.085,5.5676,24,0.7079,0.000824,1.0011,0.0012,1.0,686.2981,1.0011,5987.0,1.0336,8226.3,3.1083,9300.22,3.398,0.000824,True,True,1.0011,94.176,19.664,17.7296,19.4706,79.9384,93.9236,2880,4,84.134,54.6876,需关注
2026-05-19,Minimax-M2.5,91,60861,0.1461,96.7033,1418.0,2270.5,2976.0,0.001605,0.0024,668.8022,3,8,2022.05,337.254,3.6572,22,0.1668,0.001542,1.041,0.0024,1.0,642.4783,1.041,1449.5,0.9783,2410.55,0.9419,2913.7,1.0214,0.001542,True,True,1.041,97.6801,81.165,65.3552,79.584,77.704,96.5625,2880,4,83.3615,85.6356,优秀
2026-05-19,Qwen3.6-35B-A3B,51,37650,0.0602,94.1176,1331.0,2545.5,3164.0,0.001181,0.0016,738.2353,6,4,2201.9,403.0892,3.9331,18,0.1831,0.001073,1.1012,0.0016,1.0,670.4444,1.1011,1140.0,1.1675,1937.0,1.3141,2432.68,1.3006,0.001073,True,True,1.1012,95.0683,69.037,62.2956,68.3629,74.3344,93.4722,2880,4,80.0757,78.6055,健康
2026-05-20,DeepSeek-V4,1836,1267896,1.5215,96.4052,6085.5,8530.0,9372.8,0.000829,0.0012,690.5752,1,24,8277.9229,559.0946,3.0686,24,0.0675,0.000824,1.0062,0.0012,1.0,686.3031,1.0062,5995.0,1.0151,8291.8,1.0287,9442.0,0.9927,0.000824,True,True,1.0062,97.379,79.348,79.6256,79.3758,79.6528,93.9236,2880,4,83.934,85.7184,优秀
2026-05-20,Minimax-M2.5,95,67762,0.1626,98.9474,2048.0,3900.3,5806.96,0.001712,0.0024,713.2842,3,7,3616.4786,716.6303,1.944,19,0.1982,0.001542,1.1102,0.0024,1.0,642.4783,1.1102,1435.0,1.4272,2327.5,1.6757,2913.7,1.993,0.001542,True,True,1.1102,99.9469,52.284,68.44,53.8996,73.8288,96.5625,2880,4,80.6489,73.0055,健康
2026-05-20,Qwen3.6-35B-A3B,49,39542,0.0633,89.7959,1226.0,2405.6,2522.72,0.001291,0.0016,806.9796,6,4,1925.925,517.794,7.3309,20,0.2689,0.001088,1.1867,0.0016,1.0,680.0,1.1867,1140.0,1.0754,1937.0,1.2419,2432.68,1.037,0.001088,True,True,1.1867,90.7029,74.038,38.4084,70.475,69.5448,93.4722,2880,4,76.723,77.4153,健康
2026-05-21,DeepSeek-V4,1892,1271006,1.5252,96.7759,6104.5,8441.25,9501.55,0.000806,0.0012,671.7791,1,24,8097.2583,673.6994,2.2386,24,0.0832,0.000824,0.9788,0.0012,1.0,686.3031,0.9788,6002.5,1.017,8348.0,1.0112,9442.0,1.0063,0.000824,True,True,0.9788,97.7534,79.543,81.0616,79.6949,81.1872,93.9236,2880,4,85.0081,86.2392,优秀
2026-05-21,Minimax-M2.5,80,51618,0.1239,91.25,1420.0,2640.75,3288.11,0.001549,0.0024,645.225,3,8,2406.875,466.1286,7.3689,23,0.1937,0.00158,0.9803,0.0024,1.0,658.1744,0.9803,1435.0,0.9895,2327.5,1.1346,2913.7,1.1285,0.00158,True,True,0.9803,92.1717,76.128,47.2804,73.2432,81.1032,96.5625,2880,4,85.741,81.0472,健康
2026-05-21,Qwen3.6-35B-A3B,50,35329,0.0565,98.0,1282.5,2122.9,2986.1,0.00113,0.0016,706.58,6,4,2238.0875,462.9778,2.7063,20,0.2069,0.001088,1.039,0.0016,1.0,680.0,1.0391,1198.0,1.0705,2087.6,1.0169,2498.25,1.1953,0.001088,True,True,1.039,98.9899,77.004,64.3468,75.7383,77.8144,93.4722,2880,4,82.5117,84.1878,健康
2026-05-22,DeepSeek-V4,1454,966663,1.16,95.1169,6161.5,8429.55,9701.47,0.000798,0.0012,664.8301,1,24,8199.125,670.6924,3.2886,24,0.0818,0.00082,0.9731,0.0012,1.0,683.1925,0.9731,6018.0,1.0238,8375.05,1.0065,9492.69,1.022,0.00082,True,True,0.9731,96.0777,79.412,77.0296,79.1738,81.5064,93.9236,2880,4,85.2316,85.44,优秀
2026-05-22,Minimax-M2.5,69,45715,0.1097,97.1014,2503.0,4275.2,5186.32,0.00159,0.0024,662.5362,6,4,3957.325,400.0126,2.5844,22,0.1011,0.001549,1.0268,0.0024,1.0,645.225,1.0268,1420.0,1.7627,2327.5,1.8368,2976.0,1.7427,0.001549,True,True,1.0268,98.0822,48.21,77.5304,51.142,78.4992,96.5625,2880,4,83.9182,71.6747,健康
2026-05-22,Qwen3.6-35B-A3B,35,24232,0.0388,91.4286,1451.0,2877.9,3873.0,0.001108,0.0016,692.3429,6,4,2248.425,873.3121,3.9522,16,0.3884,0.00113,0.9798,0.0016,1.0,706.58,0.9799,1226.0,1.1835,2091.2,1.3762,2498.25,1.5503,0.00113,True,True,0.9798,92.3521,65.138,37.5832,62.3825,81.1296,93.4722,2880,4,84.8324,75.6839,健康
2026-05-23,DeepSeek-V4,1043,724503,0.8694,96.6443,6194.0,8652.6,9759.78,0.000834,0.0012,694.6337,1,24,8242.9354,682.0781,2.233,24,0.0827,0.000818,1.0184,0.0012,1.0,682.0621,1.0184,6085.5,1.0178,8429.55,1.0265,9492.69,1.0281,0.000818,True,True,1.0184,97.6205,79.011,81.144,79.2243,78.9696,93.9236,2880,4,83.4558,85.6248,优秀
2026-05-23,Minimax-M2.5,47,31591,0.0758,91.4894,2431.0,5228.0,5837.48,0.001613,0.0024,672.1489,6,4,4165.725,1148.5605,7.7837,20,0.2757,0.00159,1.0145,0.0024,1.0,662.5362,1.0145,1435.0,1.6941,2640.75,1.9797,3288.11,1.7753,0.00159,True,True,1.0145,92.4135,45.712,35.7812,44.7189,79.188,96.5625,2880,4,84.4004,66.5824,需关注
2026-05-23,Qwen3.6-35B-A3B,29,18010,0.0288,93.1034,1191.0,1865.2,1950.56,0.000994,0.0016,621.0345,6,4,1666.675,208.0366,5.9232,17,0.1248,0.00113,0.879,0.0016,1.0001,706.58,0.8789,1282.5,0.9287,2122.9,0.8786,2522.72,0.7732,0.00113,True,True,0.879,94.0438,85.409,61.3312,83.0012,86.7752,93.4722,2880,4,88.7843,87.4322,优秀
2026-05-24,DeepSeek-V4,1187,812366,0.9749,96.8829,6236.0,8375.3,9914.68,0.000821,0.0012,684.3858,1,24,8109.65,717.8969,2.36,24,0.0885,0.000818,1.0034,0.0012,1.0,682.0621,1.0034,6104.5,1.0215,8441.25,0.9922,9501.55,1.0435,0.000818,True,True,1.0034,97.8615,79.506,79.94,79.5494,79.8096,93.9236,2880,4,84.0438,85.9977,优秀
2026-05-24,Minimax-M2.5,40,29760,0.0714,97.5,2707.5,5175.85,6123.03,0.001786,0.0024,744.0,6,4,4438.825,830.1989,3.3309,19,0.187,0.00159,1.123,0.0024,1.0,662.5362,1.123,1475.0,1.8356,2640.75,1.96,3288.11,1.8622,0.00159,True,True,1.123,98.4848,43.822,64.2364,45.8634,73.112,96.5625,2880,4,80.1472,68.3682,需关注
2026-05-24,Qwen3.6-35B-A3B,34,22609,0.0362,94.1176,1360.0,2486.85,2960.99,0.001064,0.0016,664.9706,6,4,1957.15,493.161,5.8362,15,0.252,0.001108,0.9605,0.0016,1.0,692.3429,0.9605,1282.5,1.0604,2122.9,1.1714,2522.72,1.1737,0.001108,True,True,0.9605,95.0683,74.231,46.4152,71.4494,82.212,93.4722,2880,4,85.5901,81.3304,健康
2026-05-25,DeepSeek-V4,1672,1144961,1.3739,95.5742,6267.0,8647.45,10065.51,0.000822,0.0012,684.7853,1,24,8382.8729,720.5585,3.0467,24,0.086,0.000821,1.0006,0.0012,1.0,684.3858,1.0006,6161.5,1.0171,8441.25,1.0244,9701.47,1.0375,0.000821,True,True,1.0006,96.5396,78.966,77.4932,78.8187,79.9664,93.9236,2880,4,84.1536,85.1932,优秀
2026-05-25,Minimax-M2.5,68,47825,0.1148,95.5882,2637.0,3739.85,4966.18,0.001688,0.0024,703.3088,6,4,3801.275,471.6482,3.2571,23,0.1241,0.001605,1.0516,0.0024,1.0,668.8022,1.0516,2048.0,1.2876,3900.3,0.9589,5186.32,0.9576,0.001605,True,True,1.0516,96.5537,78.37,72.0796,77.741,77.1104,96.5625,2880,4,82.946,84.2308,健康
2026-05-25,Qwen3.6-35B-A3B,31,17251,0.0276,87.0968,1305.0,2291.5,2416.5,0.00089,0.0016,556.4839,6,4,2071.2875,252.8845,15.0043,14,0.1221,0.001108,0.8038,0.0016,1.0,692.3429,0.8038,1282.5,1.0175,2405.6,0.9526,2960.99,0.8161,0.001108,True,True,0.8038,87.9766,82.612,45.348,78.8856,90.9872,93.4722,2880,4,91.7327,83.8827,健康
2026-05-26,DeepSeek-V4,1700,1169602,1.4035,96.4118,6295.5,8720.95,10195.97,0.000826,0.0012,688.0012,1,24,8595.8854,708.3447,3.5375,24,0.0824,0.000822,1.0047,0.0012,1.0,684.7853,1.0047,6188.0,1.0174,8530.0,1.0224,9759.78,1.0447,0.000822,True,True,1.0047,97.3857,78.931,75.962,78.6341,79.7368,93.9236,2880,4,83.9928,85.3625,优秀
2026-05-26,Minimax-M2.5,70,47245,0.1134,98.5714,1410.5,2501.05,2730.93,0.00162,0.0024,674.9286,6,4,2354.05,200.4469,2.5471,23,0.0851,0.001613,1.0042,0.0024,1.0,672.1489,1.0041,2431.0,0.5802,3900.3,0.6412,5186.32,0.5266,0.001613,True,True,1.0042,99.5671,96.108,79.5996,94.4572,79.7664,96.5625,2880,4,84.8052,94.042,优秀
2026-05-26,Qwen3.6-35B-A3B,36,26689,0.0427,100.0,1434.5,2771.0,4017.0,0.001186,0.0016,741.3611,6,4,2388.3,545.098,0.0,17,0.2282,0.001108,1.0708,0.0016,1.0,692.3429,1.0708,1305.0,1.0992,2405.6,1.1519,2960.99,1.3566,0.001108,True,True,1.0708,100.0,72.404,72.616,72.4252,76.0352,93.4722,2880,4,81.2663,82.6179,健康
2026-05-27,DeepSeek-V4,1720,1174900,1.4099,94.8256,6379.0,8923.7,10406.91,0.00082,0.0012,683.0814,1,24,8650.9312,797.1262,3.5735,24,0.0921,0.000822,0.9975,0.0012,1.0,684.7853,0.9975,6194.0,1.0299,8530.0,1.0462,9759.78,1.0663,0.000822,True,True,0.9975,95.7834,78.114,74.654,77.768,80.14,93.9236,2880,4,84.2751,84.4292,健康
2026-05-27,Minimax-M2.5,68,43399,0.1042,91.1765,1420.0,2351.2,2769.03,0.001532,0.0024,638.2206,6,4,2172.3375,279.6529,7.0916,19,0.1287,0.00162,0.9456,0.0024,1.0,674.9286,0.9456,2431.0,0.5841,3900.3,0.6028,5186.32,0.5339,0.00162,True,True,0.9456,92.0975,96.764,56.1896,92.7066,83.0464,96.5625,2880,4,87.1012,91.0444,优秀
2026-05-27,Qwen3.6-35B-A3B,53,38457,0.0615,96.2264,1637.0,2788.6,3261.48,0.001161,0.0016,725.6038,6,4,2448.4,411.4703,4.8113,21,0.1681,0.001108,1.0481,0.0016,1.0,692.3429,1.048,1305.0,1.2544,2405.6,1.1592,2960.99,1.1015,0.001108,True,True,1.0481,97.1984,73.257,60.5828,71.9896,77.308,93.4722,2880,4,82.1573,81.6104,健康
2026-05-28,DeepSeek-V4,1787,1215985,1.4592,96.4186,6392.0,8708.4,10300.56,0.000817,0.0012,680.4617,1,24,8577.5417,560.1528,2.6702,24,0.0653,0.000821,0.9943,0.0012,1.0,684.3858,0.9943,6236.0,1.025,8647.45,1.007,9914.68,1.0389,0.000821,True,True,0.9943,97.3925,79.221,81.4832,79.4472,80.3192,93.9236,2880,4,84.4005,85.8589,优秀
2026-05-28,Minimax-M2.5,74,52027,0.1249,93.2432,1541.5,2618.35,3127.68,0.001687,0.0024,703.0676,6,4,2281.1,424.3841,3.1639,19,0.186,0.001613,1.046,0.0024,1.0,672.1489,1.046,2431.0,0.6341,3739.85,0.7001,4966.18,0.6298,0.001613,True,True,1.046,94.1851,93.359,65.0244,90.5255,77.424,96.5625,2880,4,83.1656,89.8411,优秀
2026-05-28,Qwen3.6-35B-A3B,41,28547,0.0457,92.6829,1508.0,2464.0,3091.6,0.001114,0.0016,696.2683,6,4,2240.4375,353.721,9.2439,20,0.1579,0.001108,1.0057,0.0016,1.0,692.3429,1.0057,1360.0,1.1088,2486.85,0.9908,2986.1,1.0353,0.001108,True,True,1.0057,93.6191,78.743,44.0764,75.2763,79.6808,93.4722,2880,4,83.8182,82.357,健康
2026-05-29,DeepSeek-V4,1872,1290790,1.5489,95.9402,6464.5,9219.85,10398.06,0.000827,0.0012,689.5246,1,24,8894.9625,556.5116,2.56,24,0.0626,0.000821,1.0075,0.0012,1.0,684.3858,1.0075,6267.0,1.0315,8652.6,1.0656,10065.51,1.033,0.000821,True,True,1.0075,96.9093,78.043,82.248,78.4635,79.58,93.9236,2880,4,83.8831,85.087,优秀
2026-05-29,Minimax-M2.5,65,47353,0.1136,95.3846,1568.0,2767.8,4162.96,0.001748,0.0024,728.5077,6,4,2910.4625,717.3275,10.2192,22,0.2465,0.00162,1.0794,0.0024,1.0,674.9286,1.0794,2431.0,0.645,3739.85,0.7401,4966.18,0.8383,0.00162,True,True,1.0794,96.3481,90.365,30.42,84.3705,75.5536,96.5625,2880,4,81.8563,87.2401,优秀
2026-05-29,Qwen3.6-35B-A3B,51,37522,0.06,88.2353,1447.0,2483.0,3031.0,0.001177,0.0016,735.7255,6,4,2287.8375,234.3376,7.3659,22,0.1024,0.001108,1.0627,0.0016,1.0,692.3429,1.0627,1434.5,1.0087,2486.85,0.9985,3091.6,0.9804,0.001108,True,True,1.0627,89.1266,80.139,58.2484,77.9499,76.4888,93.4722,2880,4,81.5838,81.6426,健康
2026-05-30,DeepSeek-V4,1241,872533,1.047,95.2458,6511.0,9259.0,10611.2,0.000844,0.0012,703.0886,1,24,8888.3646,730.1216,3.9089,24,0.0821,0.000822,1.0267,0.0012,1.0,684.7853,1.0267,6295.5,1.0342,8708.4,1.0632,10195.97,1.0407,0.000822,True,True,1.0267,96.2079,77.987,74.5124,77.6395,78.5048,93.9236,2880,4,83.1304,84.2682,健康
2026-05-30,Minimax-M2.5,49,37788,0.0907,93.8776,1468.0,3089.0,3870.2,0.001851,0.0024,771.1837,6,4,2762.5625,315.5105,5.1892,19,0.1142,0.001687,1.0969,0.0024,1.0,703.0676,1.0969,1568.0,0.9362,2767.8,1.116,4162.96,0.9297,0.001687,True,True,1.0969,94.8259,79.021,65.5392,77.6728,74.5736,96.5625,2880,4,81.1703,83.2115,健康
2026-05-30,Qwen3.6-35B-A3B,40,27126,0.0434,85.0,1500.5,3178.2,3509.79,0.001085,0.0016,678.15,6,4,2778.925,610.5735,12.4904,21,0.2197,0.001114,0.974,0.0016,1.0,696.2683,0.974,1434.5,1.046,2483.0,1.28,3031.0,1.158,0.001114,True,True,0.974,85.8586,72.36,33.636,68.4876,81.456,93.4722,2880,4,85.0609,76.5127,健康
2026-05-31,DeepSeek-V4,1060,727533,0.8731,94.9057,6469.0,9067.35,10435.46,0.000824,0.0012,686.3519,1,24,8822.5083,796.4263,4.7392,24,0.0903,0.000822,1.0023,0.0012,1.0,684.7853,1.0023,6379.0,1.0141,8720.95,1.0397,10300.56,1.0131,0.000822,True,True,1.0023,95.8643,78.934,70.2072,78.0613,79.8712,93.9236,2880,4,84.0869,84.5639,健康
2026-05-31,Minimax-M2.5,49,30135,0.0723,95.9184,1583.0,2642.6,2957.6,0.001476,0.0024,615.0,6,3,2567.85,121.591,2.4163,18,0.0474,0.001688,0.8745,0.0024,1.0,703.3088,0.8744,1541.5,1.0269,2767.8,0.9548,3870.2,0.7642,0.001688,True,True,0.8745,96.8873,82.993,84.6468,83.1584,87.0296,96.5625,2880,4,89.8895,88.5442,优秀
2026-05-31,Qwen3.6-35B-A3B,34,19796,0.0317,85.2941,1615.5,2284.2,2698.99,0.000932,0.0016,582.2353,6,4,2064.025,381.2455,7.6715,16,0.1847,0.001114,0.8363,0.0016,1.0,696.2683,0.8362,1447.0,1.1164,2486.85,0.9185,3091.6,0.873,0.001114,True,True,0.8363,86.1557,81.736,47.15,78.2774,89.1688,93.4722,2880,4,90.4598,82.6685,健康
2026-06-01,DeepSeek-V4,1804,1223268,1.4679,95.5654,6544.0,9466.95,10742.71,0.000814,0.0012,678.0865,1,24,8949.1667,749.751,2.5679,24,0.0838,0.000824,0.9879,0.0012,1.0,686.3519,0.988,6392.0,1.0238,8923.7,1.0609,10398.06,1.0331,0.000824,True,True,0.9879,96.5307,78.213,79.6724,78.3589,80.676,93.9236,2880,4,84.6503,85.0666,优秀
2026-06-01,Minimax-M2.5,73,47494,0.114,94.5205,1470.0,2653.2,3318.52,0.001561,0.0024,650.6027,6,4,2686.7125,406.2699,5.6221,22,0.1512,0.001687,0.9254,0.0024,1.0,703.0676,0.9254,1541.5,0.9536,2642.6,1.004,3127.68,1.061,0.001687,True,True,0.9254,95.4753,79.774,59.3676,77.7334,84.1776,96.5625,2880,4,87.8931,84.9097,健康
2026-06-01,Qwen3.6-35B-A3B,41,28952,0.0463,90.2439,1502.0,3040.0,3306.8,0.00113,0.0016,706.1463,6,4,2686.6125,377.5126,6.1059,16,0.1405,0.001114,1.0142,0.0016,1.0,696.2683,1.0142,1500.5,1.001,2483.0,1.2243,3091.6,1.0696,0.001114,True,True,1.0142,91.1555,74.808,58.7164,73.1988,79.2048,93.4722,2880,4,83.485,80.3845,健康
2026-06-02,DeepSeek-V4,1805,1208599,1.4503,95.2355,6561.0,9045.4,10852.0,0.000804,0.0012,669.5839,1,24,8970.2042,738.334,4.0306,24,0.0823,0.000824,0.9756,0.0012,1.0,686.3519,0.9756,6464.5,1.0149,9067.35,0.9976,10406.91,1.0428,0.000824,True,True,0.9756,96.1975,79.471,74.0016,78.9241,81.3664,93.9236,2880,4,85.1336,85.3361,优秀
2026-06-02,Minimax-M2.5,71,43284,0.1039,94.3662,1540.0,3069.5,3812.7,0.001463,0.0024,609.6338,6,4,2715.625,425.6575,8.5467,21,0.1567,0.00162,0.9032,0.0024,1.0,674.9286,0.9033,1470.0,1.0476,2642.6,1.1615,3127.68,1.219,0.00162,True,True,0.9032,95.3194,74.104,47.0092,71.3945,85.4192,96.5625,2880,4,88.7622,81.8719,健康
2026-06-02,Qwen3.6-35B-A3B,41,29160,0.0467,90.2439,1556.0,3385.0,3898.6,0.001138,0.0016,711.2195,6,4,2592.675,627.015,11.1389,17,0.2418,0.00113,1.0071,0.0016,1.0,706.1463,1.0072,1502.0,1.036,2771.0,1.2216,3261.48,1.1953,0.00113,True,True,1.0071,91.1555,73.255,30.984,69.0279,79.6008,93.4722,2880,4,83.7622,78.3585,健康
2026-06-03,DeepSeek-V4,1473,997177,1.1966,96.4019,6624.0,9424.0,10550.6,0.000812,0.0012,676.9701,1,24,9024.1,659.5673,2.7247,24,0.0731,0.00082,0.9911,0.0012,1.0,683.0814,0.9911,6469.0,1.024,9067.35,1.0393,10435.46,1.011,0.00082,True,True,0.9911,97.3757,78.864,80.3292,79.0105,80.4984,93.9236,2880,4,84.526,85.6615,优秀
2026-06-03,Minimax-M2.5,81,58932,0.1414,95.0617,1508.0,2742.0,3706.2,0.001746,0.0024,727.5556,3,8,2352.2062,660.7167,5.5479,22,0.2809,0.001561,1.1182,0.0024,1.0,650.6027,1.1183,1540.0,0.9792,2653.2,1.0335,3318.52,1.1168,0.001561,True,True,1.1182,96.0219,78.37,44.1004,74.943,73.3792,96.5625,2880,4,80.3342,82.0861,健康
2026-06-03,Qwen3.6-35B-A3B,26,14640,0.0234,80.7692,1542.5,3158.75,4346.5,0.000901,0.0016,563.0769,6,3,2878.7667,888.203,8.3148,13,0.3085,0.00113,0.7974,0.0016,1.0,706.1463,0.7974,1508.0,1.0229,2788.6,1.1327,3261.48,1.3327,0.00113,True,True,0.7974,81.5851,73.79,29.7208,69.3831,91.3456,93.4722,2880,4,91.9836,76.9481,健康
2026-06-04,DeepSeek-V4,1448,994764,1.1937,95.5801,6625.5,9584.85,10887.66,0.000824,0.0012,686.9917,1,24,9161.7688,931.669,3.7891,24,0.1017,0.000817,1.0096,0.0012,1.0,680.4617,1.0096,6511.0,1.0176,9219.85,1.0396,10550.6,1.0319,0.000817,True,True,1.0096,96.5456,78.713,72.6396,78.1057,79.4624,93.9236,2880,4,83.8008,84.7631,健康
2026-06-04,Minimax-M2.5,65,45289,0.1087,96.9231,1487.0,3858.4,4167.92,0.001672,0.0024,696.7538,6,4,3110.75,652.2246,2.207,20,0.2097,0.001687,0.991,0.0024,1.0,703.0676,0.991,1540.0,0.9656,2742.0,1.4071,3706.2,1.1246,0.001687,True,True,0.991,97.9021,70.956,66.008,70.4612,80.504,96.5625,2880,4,85.3216,81.5719,健康
2026-06-04,Qwen3.6-35B-A3B,30,20249,0.0324,90.0,1510.0,2105.3,2281.09,0.00108,0.0016,674.9667,6,4,1821.8625,402.1705,7.439,19,0.2207,0.001114,0.9693,0.0016,0.9999,696.2683,0.9694,1508.0,1.0013,3040.0,0.6925,3306.8,0.6898,0.001114,True,True,0.9693,90.9091,89.239,43.76,84.6911,81.72,93.4722,2880,4,85.2457,86.4217,优秀
2026-06-05,DeepSeek-V4,1687,1137040,1.3644,94.9022,6604.0,9198.7,10785.86,0.000809,0.0012,674.0012,1,24,9068.1646,765.1998,2.124,24,0.0844,0.000824,0.982,0.0012,1.0,686.3519,0.982,6544.0,1.0092,9259.0,0.9935,10611.2,1.0165,0.000824,True,True,0.982,95.8608,79.873,81.376,80.0233,81.008,93.9236,2880,4,84.8827,85.7141,优秀
2026-06-05,Minimax-M2.5,77,53096,0.1274,93.5065,1518.0,2617.0,3578.0,0.001655,0.0024,689.5584,6,4,2622.475,394.2712,1.2317,22,0.1503,0.001672,0.9897,0.0024,1.0,696.7538,0.9897,1508.0,1.0066,2767.8,0.9455,3812.7,0.9384,0.001672,True,True,0.9897,94.451,81.64,77.0372,81.1797,80.5768,96.5625,2880,4,85.3725,85.7342,优秀
2026-06-05,Qwen3.6-35B-A3B,41,28926,0.0463,90.2439,1405.0,2214.0,3124.8,0.001129,0.0016,705.5122,6,4,2240.75,272.7316,7.9291,19,0.1217,0.001085,1.0404,0.0016,1.0001,678.15,1.0403,1510.0,0.9305,3040.0,0.7283,3306.8,0.945,0.001085,True,True,1.0404,91.1555,86.679,53.6796,83.3791,77.7368,93.4722,2880,4,82.4574,85.2545,优秀
2026-06-06,DeepSeek-V4,913,615827,0.739,95.8379,6655.0,9726.2,10690.04,0.000809,0.0012,674.5093,1,24,9032.3833,1063.1866,3.8486,24,0.1177,0.000814,0.9947,0.0012,1.0,678.0865,0.9947,6561.0,1.0143,9259.0,1.0505,10742.71,0.9951,0.000814,True,True,0.9947,96.806,78.896,70.4816,78.0546,80.2968,93.9236,2880,4,84.3848,84.9539,健康
2026-06-06,Minimax-M2.5,30,27485,0.066,90.0,1389.0,2093.65,2622.32,0.002199,0.0024,916.1667,6,4,1981.7625,214.9167,8.3333,16,0.1084,0.001655,1.3286,0.0024,1.0,689.5584,1.3286,1508.0,0.9211,2742.0,0.7635,3706.2,0.7075,0.001655,True,True,1.3286,90.9091,88.444,53.6588,84.9655,61.5984,96.5625,2880,4,72.0876,83.5407,健康
2026-06-06,Qwen3.6-35B-A3B,13,7111,0.0114,84.6154,1233.0,2587.2,3013.44,0.000875,0.0016,547.0,6,4,2261.0375,367.7855,14.1421,8,0.1627,0.001085,0.8066,0.0016,1.0,678.15,0.8066,1510.0,0.8166,3040.0,0.8511,3306.8,0.9113,0.001085,True,True,0.8066,85.4701,85.699,40.476,81.1767,90.8304,93.4722,2880,4,91.6229,84.1274,健康
2026-06-07,DeepSeek-V4,1263,838371,1.0061,94.9327,6550.0,9142.1,10745.76,0.000797,0.0012,663.7933,1,24,8897.3604,770.3905,3.273,24,0.0866,0.000812,0.9806,0.0012,1.0,676.9701,0.9805,6604.0,0.9918,9424.0,0.9701,10742.71,1.0003,0.000812,True,True,0.9806,95.8916,80.677,76.516,80.2609,81.088,93.9236,2880,4,84.9387,85.8557,优秀
2026-06-07,Minimax-M2.5,56,42077,0.101,94.6429,1475.0,2524.0,3147.35,0.001803,0.0024,751.375,6,4,2389.4625,136.7201,6.837,19,0.0572,0.001655,1.0897,0.0024,1.0,689.5584,1.0896,1508.0,0.9781,2653.2,0.9513,3578.0,0.8796,0.001655,True,True,1.0897,95.5989,82.397,65.788,80.7361,74.9784,96.5625,2880,4,81.4536,85.0744,优秀
2026-06-07,Qwen3.6-35B-A3B,32,19847,0.0318,100.0,1692.5,3010.25,3906.43,0.000992,0.0016,620.2188,6,4,2501.5125,649.635,0.0,18,0.2597,0.00108,0.9191,0.0016,1.0001,674.9667,0.9189,1510.0,1.1209,2587.2,1.1635,3124.8,1.2501,0.00108,True,True,0.9191,100.0,73.02,68.836,72.6016,84.5312,93.4722,2880,4,87.2135,83.9805,健康
2026-06-08,DeepSeek-V4,1649,1119367,1.3432,96.5434,6564.0,9372.2,10545.56,0.000815,0.0012,678.8156,1,24,9057.3792,816.6178,1.9829,24,0.0902,0.000809,1.0064,0.0012,1.0,674.5093,1.0064,6604.0,0.9939,9424.0,0.9945,10745.76,0.9814,0.000809,True,True,1.0064,97.5186,80.357,81.2444,80.4457,79.6416,93.9236,2880,4,83.9262,86.3006,优秀
2026-06-08,Minimax-M2.5,75,51848,0.1244,97.3333,1467.0,3362.4,4423.84,0.001659,0.0024,691.3067,6,4,2930.3875,846.8199,2.7063,22,0.289,0.001672,0.9922,0.0024,1.0,696.7538,0.9922,1487.0,0.9866,2653.2,1.2673,3578.0,1.2364,0.001672,True,True,0.9922,98.3165,72.424,54.4948,70.6311,80.4368,96.5625,2880,4,85.2745,81.7918,健康
2026-06-08,Qwen3.6-35B-A3B,36,25321,0.0405,91.6667,1761.5,2796.25,2879.3,0.001125,0.0016,703.3611,6,4,2382.075,537.5356,5.8032,15,0.2257,0.00108,1.0421,0.0016,1.0,674.9667,1.0421,1510.0,1.1666,3010.25,0.9289,3306.8,0.8707,0.00108,True,True,1.0421,92.5926,81.049,49.7032,77.9144,77.6424,93.4722,2880,4,82.3913,83.011,健康
2026-06-09,DeepSeek-V4,1663,1155082,1.3861,96.2718,6546.0,9288.2,10421.64,0.000833,0.0012,694.5773,1,24,8864.8062,815.1818,3.7625,24,0.092,0.000809,1.0297,0.0012,1.0,674.5093,1.0298,6604.0,0.9912,9372.2,0.991,10745.76,0.9698,0.000809,True,True,1.0297,97.2442,80.57,73.91,79.904,78.3352,93.9236,2880,4,83.0117,85.7378,优秀
2026-06-09,Minimax-M2.5,68,46581,0.1118,98.5294,1470.0,2764.8,2988.11,0.001644,0.0024,685.0147,6,4,2469.025,317.6742,1.5465,20,0.1287,0.001672,0.9832,0.0024,1.0,696.7538,0.9832,1487.0,0.9886,2742.0,1.0083,3706.2,0.8062,0.001672,True,True,0.9832,99.5246,81.886,78.37,81.5344,80.9408,96.5625,2880,4,85.6273,87.7419,优秀
2026-06-09,Qwen3.6-35B-A3B,40,24609,0.0394,97.5,1790.5,2731.65,3379.16,0.000984,0.0016,615.225,6,4,2692.625,188.8829,8.6603,18,0.0701,0.00108,0.9116,0.0016,1.0,674.9667,0.9115,1542.5,1.1608,2796.25,0.9769,3124.8,1.0814,0.00108,True,True,0.9116,98.4848,78.04,56.9468,75.9307,84.952,93.4722,2880,4,87.5081,85.1778,优秀
2026-06-10,DeepSeek-V4,1658,1134422,1.3613,95.959,6546.0,9121.3,10537.08,0.000821,0.0012,684.2111,1,24,8775.0417,615.3992,2.3737,24,0.0701,0.000812,1.0107,0.0012,1.0,676.9701,1.0107,6604.0,0.9912,9372.2,0.9732,10690.04,0.9857,0.000812,True,True,1.0107,96.9283,80.767,82.0932,80.8996,79.4008,93.9236,2880,4,83.7576,86.2848,优秀
2026-06-10,Minimax-M2.5,87,68209,0.1637,90.8046,1439.0,2870.8,3310.02,0.001882,0.0024,784.0115,3,8,2296.9937,383.3945,9.7834,22,0.1669,0.001672,1.1253,0.0024,1.0,696.7538,1.1252,1475.0,0.9756,2742.0,1.047,3578.0,0.9251,0.001672,True,True,1.1253,91.7218,80.053,40.8384,76.1315,72.9848,96.5625,2880,4,80.0581,81.1161,健康
2026-06-10,Qwen3.6-35B-A3B,33,22886,0.0366,84.8485,1452.0,2865.0,2922.44,0.00111,0.0016,693.5152,6,4,2529.8125,184.9705,13.6216,18,0.0731,0.000992,1.1181,0.0016,1.0,620.2188,1.1182,1542.5,0.9413,2731.65,1.0488,3124.8,0.9352,0.000992,True,True,1.1181,85.7056,80.259,51.228,77.3559,73.3848,93.4722,2880,4,79.411,79.6826,健康
2026-06-11,DeepSeek-V4,2103,1446308,1.7355,95.2924,6473.0,9051.9,10502.3,0.000825,0.0012,687.7356,1,24,8869.0917,652.5389,2.0704,24,0.0736,0.000815,1.0131,0.0012,1.0,678.8156,1.0131,6564.0,0.9861,9288.2,0.9746,10690.04,0.9824,0.000815,True,True,1.0131,96.2549,80.823,82.8864,81.0293,79.2664,93.9236,2880,4,83.6636,86.0939,优秀
2026-06-11,Minimax-M2.5,119,81656,0.196,98.3193,1375.0,2546.6,3539.44,0.001647,0.0024,686.1849,3,8,2325.4562,432.3199,4.7141,24,0.1859,0.001672,0.9848,0.0024,1.0,696.7538,0.9848,1470.0,0.9354,2764.8,0.9211,3310.02,1.0693,0.001672,True,True,0.9848,99.3124,81.531,58.8356,79.2615,80.8512,96.5625,2880,4,85.5646,86.5178,优秀
2026-06-11,Qwen3.6-35B-A3B,57,37680,0.0603,91.2281,1629.0,2781.6,3516.92,0.001058,0.0016,661.0526,6,4,2313.6625,442.8154,8.3828,18,0.1914,0.00108,0.9795,0.0016,1.0,674.9667,0.9794,1510.0,1.0788,2731.65,1.0183,3013.44,1.1671,0.00108,True,True,0.9795,92.1496,77.175,43.5008,73.8076,81.1496,93.4722,2880,4,84.8464,81.3286,健康
2026-06-12,DeepSeek-V4,2072,1422010,1.7064,96.0907,6443.5,9064.3,10454.21,0.000824,0.0012,686.2983,1,24,8909.2604,569.2088,3.4797,24,0.0639,0.000815,1.011,0.0012,1.0,678.8156,1.011,6550.0,0.9837,9198.7,0.9854,10545.56,0.9913,0.000815,True,True,1.011,97.0613,80.542,78.4132,80.3291,79.384,93.9236,2880,4,83.7459,86.0436,优秀
2026-06-12,Minimax-M2.5,120,82084,0.197,98.3333,1422.5,2387.6,2545.62,0.001642,0.0024,684.0333,3,8,2236.9688,353.5746,2.8292,23,0.1581,0.001659,0.9895,0.0024,1.0,691.3067,0.9895,1467.0,0.9697,2617.0,0.9123,3310.02,0.7691,0.001659,True,True,0.9895,99.3266,84.366,69.7112,82.9005,80.588,96.5625,2880,4,85.3803,88.3028,优秀
2026-06-12,Qwen3.6-35B-A3B,46,30839,0.0493,93.4783,1971.5,4204.5,5087.3,0.001073,0.0016,670.413,6,4,3818.125,509.4121,7.6414,18,0.1334,0.001058,1.0142,0.0016,1.0,661.0526,1.0142,1629.0,1.2103,2781.6,1.5115,3124.8,1.628,0.001058,True,True,1.0142,94.4225,61.387,53.4264,60.5909,79.2048,93.4722,2880,4,83.485,75.2241,健康
2026-06-13,DeepSeek-V4,1772,1191091,1.4293,96.6704,6437.5,9097.5,10358.74,0.000807,0.0012,672.1733,1,24,8856.9833,643.6127,1.9564,24,0.0727,0.000821,0.9824,0.0012,1.0,684.2111,0.9824,6546.0,0.9834,9142.1,0.9951,10537.08,0.9831,0.000821,True,True,0.9824,97.6469,80.433,83.4504,80.7347,80.9856,93.9236,2880,4,84.867,86.6916,优秀
2026-06-13,Minimax-M2.5,78,57869,0.1389,97.4359,1415.0,2664.05,4480.7,0.001781,0.0024,741.9103,6,4,3016.05,722.0164,4.5538,23,0.2394,0.001659,1.0732,0.0024,1.0,691.3067,1.0732,1439.0,0.9833,2546.6,1.0461,3147.35,1.4236,0.001659,True,True,1.0732,98.4201,75.009,53.0568,72.8138,75.9008,96.5625,2880,4,82.0993,82.239,健康
2026-06-13,Qwen3.6-35B-A3B,42,27672,0.0443,100.0,2396.5,4792.4,5287.54,0.001054,0.0016,658.8571,6,4,4491.525,193.6987,0.0,17,0.0431,0.001058,0.9967,0.0016,1.0001,661.0526,0.9967,1692.5,1.416,2796.25,1.7139,3379.16,1.5647,0.001058,True,True,0.9967,100.0,55.915,94.828,59.8063,80.1824,93.4722,2880,4,84.1693,76.9305,健康
2026-06-14,DeepSeek-V4,1579,1069478,1.2834,96.6434,6367.0,9025.7,10431.14,0.000813,0.0012,677.3135,1,24,8629.9625,651.2603,2.2642,24,0.0755,0.000821,0.9899,0.0012,1.0,684.2111,0.9899,6546.0,0.9727,9121.3,0.9895,10502.3,0.9932,0.000821,True,True,0.9899,97.6196,80.551,81.8832,80.6842,80.5656,93.9236,2880,4,84.573,86.5938,优秀
2026-06-14,Minimax-M2.5,68,48294,0.1159,98.5294,1349.5,2780.75,3296.55,0.001705,0.0024,710.2059,6,4,2322.05,375.9509,1.5465,20,0.1619,0.001659,1.0273,0.0024,1.0,691.3067,1.0273,1439.0,0.9378,2664.05,1.0438,3310.02,0.9959,0.001659,True,True,1.0273,99.5246,79.787,74.386,79.2469,78.4712,96.5625,2880,4,83.8986,86.2278,优秀
2026-06-14,Qwen3.6-35B-A3B,42,28260,0.0452,100.0,1459.5,2759.5,3445.65,0.001077,0.0016,672.8571,6,4,2499.425,797.167,0.0,17,0.3189,0.001058,1.0178,0.0016,1.0,661.0526,1.0179,1761.5,0.8286,2865.0,0.9632,3516.92,0.9797,0.001058,True,True,1.0178,100.0,82.653,61.732,80.5609,79.0016,93.4722,2880,4,83.3428,87.1307,优秀
2026-06-15,DeepSeek-V4,2186,1515256,1.8183,96.3861,6337.5,8797.75,9906.75,0.000832,0.0012,693.1638,1,24,8536.3333,598.8228,2.639,24,0.0701,0.000821,1.0131,0.0012,1.0,684.2111,1.0131,6473.0,0.9791,9097.5,0.9671,10454.21,0.9476,0.000821,True,True,1.0131,97.3597,81.391,81.032,81.3551,79.2664,93.9236,2880,4,83.6636,86.6434,优秀
2026-06-15,Minimax-M2.5,111,80264,0.1926,97.2973,1319.0,2129.5,3147.1,0.001735,0.0024,723.0991,3,8,1809.5,343.1265,2.1919,22,0.1896,0.001659,1.0459,0.0024,1.0,691.3067,1.046,1422.5,0.9272,2764.8,0.7702,3310.02,0.9508,0.001659,True,True,1.0459,98.2801,85.816,68.4804,84.0824,77.428,96.5625,2880,4,83.1684,88.0535,优秀
2026-06-15,Qwen3.6-35B-A3B,56,35720,0.0572,83.9286,1284.5,2440.75,2755.8,0.001021,0.0016,637.8571,6,4,2209.55,277.3201,9.9487,21,0.1255,0.001073,0.9514,0.0016,1.0,670.413,0.9514,1761.5,0.7292,2796.25,0.8729,3445.65,0.7998,0.001073,True,True,0.9514,84.7764,87.252,45.1452,83.0413,82.7216,93.4722,2880,4,85.9468,83.6006,健康
2026-06-16,DeepSeek-V4,1634,1411522,1.6938,95.716,6288.5,8837.9,10129.71,0.001037,0.0012,863.8446,1,24,8348.0125,719.5562,2.9786,24,0.0862,0.000824,1.2587,0.0012,1.0,686.2983,1.2587,6443.5,0.9759,9064.3,0.975,10431.14,0.9711,0.000824,True,True,1.2587,96.6828,81.03,77.7416,80.7012,65.5128,93.9236,2880,4,74.036,84.0165,健康
2026-06-16,Minimax-M2.5,68,50312,0.1207,94.1176,1347.0,2311.55,2488.23,0.001776,0.0024,739.8824,6,4,2265.5375,102.8578,3.8767,21,0.0454,0.001705,1.0418,0.0024,1.0,710.2059,1.0418,1415.0,0.9519,2664.05,0.8677,3296.55,0.7548,0.001705,True,True,1.0418,95.0683,85.579,79.0452,84.9256,77.6592,96.5625,2880,4,83.3302,87.3856,优秀
2026-06-16,Qwen3.6-35B-A3B,42,32163,0.0515,88.0952,1412.0,2659.05,3629.23,0.001225,0.0016,765.7857,6,4,2556.8625,617.2758,9.9926,20,0.2414,0.001058,1.1584,0.0016,1.0,661.0526,1.1584,1629.0,0.8668,2781.6,0.9559,3445.65,1.0533,0.001058,True,True,1.1584,88.9851,81.681,31.0616,76.6191,71.1296,93.4722,2880,4,77.8324,80.1237,健康
2026-06-17,DeepSeek-V4,1768,1189693,1.4277,96.5498,6235.5,8972.15,9999.32,0.000807,0.0012,672.9033,1,24,8535.4229,643.1688,2.4978,24,0.0754,0.000824,0.9805,0.0012,1.0,686.2983,0.9805,6437.5,0.9686,9051.9,0.9912,10431.14,0.9586,0.000824,True,True,0.9805,97.5251,80.904,80.9608,80.9097,81.092,93.9236,2880,4,84.9415,86.7524,优秀
2026-06-17,Minimax-M2.5,88,54463,0.1307,97.7273,1178.5,2432.75,2977.17,0.001485,0.0024,618.8977,3,8,2035.8312,437.8338,2.223,23,0.2151,0.001735,0.8559,0.0024,1.0,723.0991,0.8559,1375.0,0.8571,2546.6,0.9553,3296.55,0.9031,0.001735,True,True,0.8559,98.7144,83.292,65.296,81.4924,88.0696,96.5625,2880,4,90.6175,88.5067,优秀
2026-06-17,Qwen3.6-35B-A3B,37,23710,0.0379,86.4865,1280.0,2269.8,2401.8,0.001025,0.0016,640.8108,6,4,1976.2,324.7652,38.7567,14,0.1643,0.001073,0.9559,0.0016,1.0001,670.413,0.9558,1459.5,0.877,2781.6,0.816,3516.92,0.6829,0.001073,True,True,0.9559,87.3601,88.081,40.284,83.3013,82.4688,93.4722,2880,4,85.7698,84.597,健康
2026-06-18,DeepSeek-V4,1401,931022,1.1172,95.7887,6220.0,8596.0,9927.0,0.000797,0.0012,664.541,1,24,8123.55,797.984,2.8361,24,0.0982,0.000824,0.9683,0.0012,1.0,686.2983,0.9683,6367.0,0.9769,9025.7,0.9524,10358.74,0.9583,0.000824,True,True,0.9683,96.7563,81.6,76.8716,81.1272,81.7752,93.9236,2880,4,85.4197,86.6946,优秀
2026-06-18,Minimax-M2.5,56,36198,0.0869,96.4286,1367.0,2352.25,2767.15,0.001551,0.0024,646.3929,6,4,2002.875,450.284,3.1495,18,0.2248,0.001705,0.9101,0.0024,1.0,710.2059,0.9101,1349.5,1.013,2432.75,0.9669,3147.1,0.8793,0.001705,True,True,0.9101,97.4026,81.739,60.426,79.6077,85.0344,96.5625,2880,4,88.4928,86.6499,优秀
2026-06-18,Qwen3.6-35B-A3B,22,13501,0.0216,100.0,1440.0,2394.2,2459.04,0.000982,0.0016,613.6818,6,4,2173.95,183.5881,0.0,14,0.0844,0.001058,0.9283,0.0016,0.9999,661.0526,0.9283,1459.5,0.9866,2759.5,0.8676,3516.92,0.6992,0.001058,True,True,0.9283,100.0,85.79,89.872,86.1982,84.0176,93.4722,2880,4,86.854,90.7017,优秀
2026-06-19,DeepSeek-V4,1875,1280049,1.5361,96.64,6157.0,8749.9,9596.56,0.000819,0.0012,682.6928,1,24,8374.6458,584.4399,2.3959,24,0.0698,0.000813,1.008,0.0012,1.0,677.3135,1.0079,6337.5,0.9715,8972.15,0.9752,10129.71,0.9474,0.000813,True,True,1.008,97.6162,81.307,82.0404,81.3803,79.5536,93.9236,2880,4,83.8646,86.7889,优秀
2026-06-19,Minimax-M2.5,83,62426,0.1498,93.9759,1254.0,2201.6,2460.4,0.001805,0.0024,752.1205,3,8,1906.4375,311.8697,5.5306,22,0.1636,0.001705,1.059,0.0024,1.0,710.2059,1.059,1349.5,0.9292,2387.6,0.9221,2977.17,0.8264,0.001705,True,True,1.059,94.9252,84.002,58.2456,81.4264,76.696,96.5625,2880,4,82.6559,85.4414,优秀
2026-06-19,Qwen3.6-35B-A3B,48,31086,0.0497,87.5,1598.5,2903.75,3530.02,0.001036,0.0016,647.625,6,4,2380.5875,510.0131,7.9813,19,0.2142,0.001054,0.9829,0.0016,1.0,658.8571,0.983,1440.0,1.1101,2659.05,1.092,3445.65,1.0245,0.001054,True,True,0.9829,88.3838,76.814,42.3708,73.3697,80.956,93.4722,2880,4,84.7109,79.7626,健康
2026-06-20,DeepSeek-V4,1224,817142,0.9806,96.732,6125.5,8587.4,9665.25,0.000801,0.0012,667.5997,1,24,8067.9167,767.4532,2.1424,24,0.0951,0.000813,0.9857,0.0012,1.0,677.3135,0.9857,6288.5,0.9741,8837.9,0.9717,9999.32,0.9666,0.000813,True,True,0.9857,97.7091,81.159,80.0184,81.0449,80.8008,93.9236,2880,4,84.7376,86.8408,优秀
2026-06-20,Minimax-M2.5,46,30017,0.072,100.0,1181.5,2240.0,3008.75,0.001566,0.0024,652.5435,6,4,2288.4125,532.6739,0.0,19,0.2328,0.001735,0.9024,0.0024,1.0,723.0991,0.9024,1347.0,0.8771,2352.25,0.9523,2977.17,1.0106,0.001735,True,True,0.9024,100.0,82.077,72.064,81.0757,85.4656,96.5625,2880,4,88.7947,88.3577,优秀
2026-06-20,Qwen3.6-35B-A3B,32,21692,0.0347,93.75,1739.5,2519.85,2675.88,0.001085,0.0016,677.875,6,4,2431.05,181.3914,16.6667,17,0.0746,0.001036,1.0468,0.0016,1.0001,647.625,1.0467,1440.0,1.208,2659.05,0.9477,3445.65,0.7766,0.001036,True,True,1.0468,94.697,81.2,51.048,78.1848,77.3784,93.4722,2880,4,82.2065,83.8431,健康
2026-06-21,DeepSeek-V4,1186,818946,0.9827,97.2175,6084.5,8600.25,9468.6,0.000829,0.0012,690.511,1,24,8049.1896,651.3351,2.6443,24,0.0809,0.000813,1.0195,0.0012,1.0,677.3135,1.0195,6235.5,0.9758,8797.75,0.9776,9927.0,0.9538,0.000813,True,True,1.0195,98.1995,81.152,79.7148,81.0083,78.908,93.9236,2880,4,83.4127,86.7102,优秀
2026-06-21,Minimax-M2.5,51,36449,0.0875,98.0392,1149.0,2295.0,2789.0,0.001715,0.0024,714.6863,6,4,1898.2625,254.601,3.3309,20,0.1341,0.001705,1.0063,0.0024,1.0,710.2059,1.0063,1319.0,0.8711,2311.55,0.9928,2977.17,0.9368,0.001705,True,True,1.0063,99.0295,82.065,70.5844,80.9169,79.6472,96.5625,2880,4,84.7218,87.0659,优秀
2026-06-21,Qwen3.6-35B-A3B,32,21773,0.0348,93.75,1826.5,3180.7,3844.5,0.001089,0.0016,680.4062,6,4,2913.7875,343.5285,5.694,16,0.1179,0.001036,1.0506,0.0016,1.0,647.625,1.0506,1440.0,1.2684,2519.85,1.2623,2755.8,1.3951,0.001036,True,True,1.0506,94.697,68.119,63.076,67.6147,77.1664,93.4722,2880,4,82.0581,78.5262,健康
2026-06-22,DeepSeek-V4,1670,1174057,1.4089,95.8683,6087.0,8447.6,9514.2,0.000844,0.0012,703.0281,1,24,8060.7229,572.2092,2.9532,24,0.071,0.000819,1.0298,0.0012,1.0,682.6928,1.0298,6220.0,0.9786,8749.9,0.9655,9906.75,0.9604,0.000819,True,True,1.0298,96.8367,81.3,79.6672,81.1367,78.3312,93.9236,2880,4,83.0089,86.2109,优秀
2026-06-22,Minimax-M2.5,80,55117,0.1323,97.5,1148.0,2019.85,2695.97,0.001653,0.0024,688.9625,3,8,1671.5875,515.7735,16.3748,23,0.3086,0.001715,0.964,0.0024,1.0,714.6863,0.964,1254.0,0.9155,2295.0,0.8801,2789.0,0.9666,0.001715,True,True,0.964,98.4848,83.577,22.968,77.5161,82.016,96.5625,2880,4,86.3799,85.5301,优秀
2026-06-22,Qwen3.6-35B-A3B,32,19475,0.0312,93.75,1506.0,2301.55,3301.34,0.000974,0.0016,608.5938,6,4,2172.8375,335.339,7.439,16,0.1543,0.001036,0.9397,0.0016,1.0,647.625,0.9397,1440.0,1.0458,2519.85,0.9134,2755.8,1.198,0.001036,True,True,0.9397,94.697,79.294,51.728,76.5374,83.3768,93.4722,2880,4,86.4054,83.9192,健康
2026-06-23,DeepSeek-V4,1592,1097239,1.3167,96.8593,6032.5,8352.3,9289.7,0.000827,0.0012,689.2205,1,24,8145.2708,676.4079,2.9196,24,0.083,0.000819,1.0096,0.0012,1.0,682.6928,1.0096,6157.0,0.9798,8600.25,0.9712,9665.25,0.9611,0.000819,True,True,1.0096,97.8377,81.167,78.3616,80.8865,79.4624,93.9236,2880,4,83.8008,86.6058,优秀
2026-06-23,Minimax-M2.5,64,42577,0.1022,98.4375,1205.0,1790.05,2003.88,0.001597,0.0024,665.2656,6,4,1730.675,115.2859,3.3309,21,0.0666,0.001653,0.9656,0.0024,1.0,688.9625,0.9656,1181.5,1.0199,2295.0,0.78,2767.15,0.7242,0.001653,True,True,0.9656,99.4318,86.959,78.6844,86.1315,81.9264,96.5625,2880,4,86.3172,90.1559,优秀
2026-06-23,Qwen3.6-35B-A3B,36,24272,0.0388,88.8889,1532.0,3088.5,4562.5,0.001079,0.0016,674.2222,6,4,2729.3,1061.7737,13.7163,18,0.389,0.001036,1.041,0.0016,1.0,647.625,1.0411,1506.0,1.0173,2519.85,1.2257,3301.34,1.382,0.001036,True,True,1.041,89.7868,71.493,13.32,65.6757,77.7024,93.4722,2880,4,82.4333,75.9186,健康
2026-06-24,DeepSeek-V4,2364,1627471,1.953,91.709,5584.0,7841.0,8676.74,0.000826,0.0012,688.4395,1,24,7557.4708,562.9116,2.8946,24,0.0745,0.000819,1.0084,0.0012,1.0,682.6928,1.0084,6125.5,0.9116,8596.0,0.9122,9596.56,0.9042,0.000819,True,True,1.0084,92.6354,83.598,79.4816,83.1864,79.5296,93.9236,2880,4,83.8478,85.945,优秀
2026-06-24,Minimax-M2.5,100,72384,0.1737,98.0,1188.0,2269.25,2996.3,0.001737,0.0024,723.84,3,8,1940.2,432.0698,2.5049,21,0.2227,0.001597,1.0881,0.0024,1.0,665.2656,1.088,1181.5,1.0055,2240.0,1.0131,2767.15,1.0828,0.001597,True,True,1.0881,98.9899,78.855,63.2564,77.2951,75.068,96.5625,2880,4,81.5163,84.5542,健康
2026-06-24,Qwen3.6-35B-A3B,61,39502,0.0632,98.3607,1489.0,2653.0,3283.2,0.001036,0.0016,647.5738,6,4,2316.45,440.0028,1.4434,18,0.1899,0.001036,1.0,0.0016,1.0,647.625,0.9999,1532.0,0.9719,2519.85,1.0528,3301.34,0.9945,0.001036,True,True,1.0,99.3542,79.28,71.4384,78.4958,80.0016,93.4722,2880,4,84.0428,86.0221,优秀
2026-06-25,DeepSeek-V4,1818,1248082,1.4977,91.4191,5565.0,7413.8,8544.62,0.000824,0.0012,686.5138,1,24,7173.8979,576.461,3.6978,24,0.0804,0.000826,0.9972,0.0012,1.0,688.4395,0.9972,6087.0,0.9142,8587.4,0.8633,9514.2,0.8981,0.000826,True,True,0.9972,92.3425,84.611,75.5608,83.706,80.1568,93.9236,2880,4,84.2868,86.1964,优秀
2026-06-25,Minimax-M2.5,73,47942,0.1151,100.0,1091.0,1866.4,2338.48,0.001576,0.0024,656.7397,6,4,1729.6875,338.1311,0.0,23,0.1955,0.001653,0.9532,0.0024,1.0,688.9625,0.9532,1188.0,0.9184,2240.0,0.8332,2767.15,0.8451,0.001653,True,True,0.9532,100.0,85.701,76.54,84.7849,82.6208,96.5625,2880,4,86.8033,89.7856,优秀
2026-06-25,Qwen3.6-35B-A3B,41,28494,0.0456,97.561,1644.0,2754.0,2794.6,0.001112,0.0016,694.9756,6,4,2399.4,277.3495,2.7063,21,0.1156,0.001036,1.0731,0.0016,1.0,647.625,1.0731,1532.0,1.0731,2653.0,1.0381,3301.34,0.8465,0.001036,True,True,1.0731,98.5465,80.042,75.3028,79.5681,75.9064,93.4722,2880,4,81.1761,85.6613,优秀
2026-06-26,DeepSeek-V4,1710,1163360,1.396,96.3158,5973.0,7956.35,9227.31,0.000816,0.0012,680.3275,1,24,7778.3667,556.0826,3.5626,24,0.0715,0.000826,0.9882,0.0012,1.0,688.4395,0.9882,6084.5,0.9817,8447.6,0.9418,9468.6,0.9745,0.000826,True,True,0.9882,97.2887,81.602,77.1696,81.1588,80.6608,93.9236,2880,4,84.6396,86.7295,优秀
2026-06-26,Minimax-M2.5,78,57489,0.138,88.4615,1282.0,3001.8,3758.98,0.001769,0.0024,737.0385,6,4,2656.525,359.6685,7.3824,19,0.1354,0.001653,1.0698,0.0024,1.0,688.9625,1.0698,1181.5,1.0851,2201.6,1.3635,2695.97,1.3943,0.001653,True,True,1.0698,89.3551,67.936,54.2224,66.5646,76.0912,96.5625,2880,4,82.2326,75.9703,健康
2026-06-26,Qwen3.6-35B-A3B,40,26571,0.0425,95.0,1409.5,2644.55,3196.43,0.001063,0.0016,664.275,6,4,2142.7,417.1788,14.4338,21,0.1947,0.001079,0.9854,0.0016,1.0001,674.2222,0.9852,1598.5,0.8818,2754.0,0.9603,3301.34,0.9682,0.001079,True,True,0.9854,95.9596,82.294,36.636,77.7282,80.8184,93.4722,2880,4,84.6145,84.5727,健康
2026-06-27,DeepSeek-V4,1182,814195,0.977,92.3012,9178.5,14847.5,17688.13,0.000827,0.0012,688.8283,1,24,14208.4229,1164.0244,4.8062,24,0.0819,0.000826,1.0005,0.0012,1.0,688.4395,1.0006,6032.5,1.5215,8352.3,1.7777,9289.7,1.9041,0.000826,True,True,1.0005,93.2335,50.19,70.9472,52.2657,79.9704,93.9236,2880,4,84.1564,70.7602,健康
2026-06-27,Minimax-M2.5,50,45373,0.1089,96.0,1161.0,1950.55,2356.02,0.002178,0.0024,907.46,6,4,1682.675,378.6457,3.3309,20,0.225,0.001653,1.3172,0.0024,1.0,688.9625,1.3171,1181.5,0.9826,2240.0,0.8708,2789.0,0.8448,0.001653,True,True,1.3172,96.9697,84.31,59.6764,81.8466,62.2384,96.5625,2880,4,72.5356,84.1985,健康
2026-06-27,Qwen3.6-35B-A3B,26,18417,0.0295,96.1538,1792.5,2736.0,2972.25,0.001133,0.0016,708.3462,6,4,2416.7,318.1445,3.9365,16,0.1316,0.001079,1.0507,0.0016,1.0,674.2222,1.0506,1532.0,1.17,2653.0,1.0313,3283.2,0.9053,0.001079,True,True,1.0507,97.1251,78.621,68.462,77.6051,77.1624,93.4722,2880,4,82.0553,84.3707,健康
2026-06-28,DeepSeek-V4,1173,802625,0.9631,97.0162,5983.0,8297.0,9443.84,0.000821,0.0012,684.2498,1,24,7782.7604,828.9233,3.0084,24,0.1065,0.000827,0.9933,0.0012,1.0,688.8283,0.9934,6032.5,0.9918,8352.3,0.9934,9289.7,1.0166,0.000827,True,True,0.9933,97.9962,80.048,75.1864,79.5618,80.3736,93.9236,2880,4,84.4386,86.1356,优秀
2026-06-28,Minimax-M2.5,48,33704,0.0809,100.0,1123.5,1709.1,3104.43,0.001685,0.0024,702.1667,6,4,1725.0375,421.7261,0.0,18,0.2445,0.001715,0.9825,0.0024,1.0,714.6863,0.9825,1161.0,0.9677,2019.85,0.8462,2695.97,1.1515,0.001715,True,True,0.9825,100.0,81.884,70.66,80.7616,80.98,96.5625,2880,4,85.6547,87.5278,优秀
2026-06-28,Qwen3.6-35B-A3B,31,21832,0.0349,87.0968,1488.0,3367.0,4190.2,0.001127,0.0016,704.2581,6,4,2991.875,288.3819,28.2843,18,0.0964,0.001079,1.0446,0.0016,1.0,674.2222,1.0445,1532.0,0.9713,2736.0,1.2306,3283.2,1.2763,0.001079,True,True,1.0446,87.9766,72.912,48.432,70.464,77.504,93.4722,2880,4,82.2945,77.6494,健康
2026-06-29,DeepSeek-V4,1677,1120123,1.3442,97.0185,5957.0,8377.4,9135.4,0.000802,0.0012,667.9326,1,24,7826.5937,625.7436,3.6571,24,0.08,0.000826,0.9702,0.0012,1.0,688.4395,0.9702,5983.0,0.9957,8297.0,1.0097,9289.7,0.9834,0.000826,True,True,0.9702,97.9985,80.015,75.7716,79.5907,81.6688,93.9236,2880,4,85.3452,86.3451,优秀
2026-06-29,Minimax-M2.5,70,48233,0.1158,97.1429,1083.0,2099.75,2801.14,0.001654,0.0024,689.0429,6,4,2071.2625,544.7232,5.1126,20,0.263,0.001685,0.9813,0.0024,1.0,702.1667,0.9813,1161.0,0.9328,1950.55,1.0765,2695.97,1.039,0.001685,True,True,0.9813,98.1241,78.752,47.9896,75.6758,81.0472,96.5625,2880,4,85.7018,84.3384,健康
2026-06-29,Qwen3.6-35B-A3B,40,23238,0.0372,95.0,1591.5,2550.4,2759.91,0.000929,0.0016,580.95,6,4,2195.4,375.5233,3.8691,19,0.1711,0.001079,0.8616,0.0016,0.9999,674.2222,0.8617,1506.0,1.0568,2736.0,0.9322,3283.2,0.8406,0.001079,True,True,0.8616,95.9596,82.382,63.9916,80.543,87.7512,93.4722,2880,4,89.4675,87.02,优秀
2026-06-30,DeepSeek-V4,1760,1188881,1.4267,95.7955,5996.0,8113.15,9279.66,0.000811,0.0012,675.5006,1,24,7963.3,561.4652,2.9031,24,0.0705,0.000824,0.984,0.0012,1.0,686.5138,0.984,5973.0,1.0039,8297.0,0.9778,9227.31,1.0057,0.000824,True,True,0.984,96.7631,80.348,79.9276,80.306,80.896,93.9236,2880,4,84.8043,86.1545,优秀
2026-06-30,Minimax-M2.5,89,60889,0.1461,98.8764,1144.0,2116.8,2772.96,0.001642,0.0024,684.1461,3,8,1908.1688,611.7161,2.756,21,0.3206,0.001685,0.9743,0.0024,1.0,702.1667,0.9743,1161.0,0.9854,1950.55,1.0852,2801.14,0.9899,0.001685,True,True,0.9743,99.8752,78.543,50.504,75.7391,81.4392,96.5625,2880,4,85.9762,85.0417,优秀
2026-06-30,Qwen3.6-35B-A3B,41,28118,0.045,85.3659,1774.0,3373.0,3595.0,0.001097,0.0016,685.8049,6,4,3062.9125,352.1801,9.6638,18,0.115,0.001079,1.0172,0.0016,1.0,674.2222,1.0172,1532.0,1.158,2736.0,1.2328,3196.43,1.1247,0.001079,True,True,1.0172,86.2282,72.517,47.5448,70.0198,79.0368,93.4722,2880,4,83.3674,77.0453,健康
2026-07-01,DeepSeek-V4,1667,1136293,1.3636,97.0006,6010.0,8108.7,9178.68,0.000818,0.0012,681.6395,1,24,7852.7625,445.2207,1.8821,24,0.0567,0.000821,0.9962,0.0012,1.0,684.2498,0.9962,5973.0,1.0062,8113.15,0.9995,9227.31,0.9947,0.000821,True,True,0.9962,97.9804,80.001,85.6676,80.5677,80.2128,93.9236,2880,4,84.326,86.6089,优秀
2026-07-01,Minimax-M2.5,70,49245,0.1182,97.1429,1156.0,2011.1,2385.19,0.001688,0.0024,703.5,6,4,1910.3125,96.1059,3.6084,22,0.0503,0.001685,1.0019,0.0024,1.0,702.1667,1.0019,1144.0,1.0105,2099.75,0.9578,2801.14,0.8515,0.001685,True,True,1.0019,98.1241,82.224,79.5304,81.9546,79.8936,96.5625,2880,4,84.8943,87.3048,优秀
2026-07-01,Qwen3.6-35B-A3B,38,27676,0.0443,94.7368,1745.5,3487.6,4136.5,0.001165,0.0016,728.3158,6,4,2594.3125,1076.154,7.2169,17,0.4148,0.001097,1.062,0.0016,1.0,685.8049,1.062,1591.5,1.0968,2736.0,1.2747,3196.43,1.2941,0.001097,True,True,1.062,95.6937,70.597,21.3564,65.6729,76.528,93.4722,2880,4,81.6113,77.8085,健康
2026-07-02,DeepSeek-V4,1730,1199643,1.4396,95.6647,6037.5,8416.8,9500.27,0.000832,0.0012,693.4353,1,24,8010.4875,630.5061,2.73,24,0.0787,0.000818,1.0173,0.0012,1.0,681.6395,1.0173,5983.0,1.0091,8113.15,1.0374,9227.31,1.0296,0.000818,True,True,1.0173,96.631,78.865,79.636,78.9421,79.0312,93.9236,2880,4,83.4989,85.1466,优秀
2026-07-02,Minimax-M2.5,76,48276,0.1159,94.7368,1077.0,1872.5,2269.5,0.001524,0.0024,635.2105,6,4,1781.2875,272.1823,4.3685,21,0.1528,0.001685,0.9046,0.0024,1.0,702.1667,0.9046,1144.0,0.9414,2011.1,0.9311,2772.96,0.8184,0.001685,True,True,0.9046,95.6937,83.78,64.19,81.821,85.3424,96.5625,2880,4,88.7084,87.2047,优秀
2026-07-02,Qwen3.6-35B-A3B,39,31015,0.0496,92.3077,1212.0,1896.1,2042.7,0.001272,0.0016,795.2564,6,3,1774.3333,196.685,6.2861,16,0.1109,0.001112,1.1443,0.0016,1.0,694.9756,1.1443,1644.0,0.7372,2754.0,0.6885,3196.43,0.6391,0.001112,True,True,1.1443,93.2401,92.467,61.5476,89.3751,71.9192,93.4722,2880,4,78.3851,88.1094,优秀
2026-07-03,DeepSeek-V4,2319,1587679,1.9052,96.5502,6077.0,8284.7,9370.96,0.000822,0.0012,684.6395,1,24,8143.8479,625.3272,1.9794,24,0.0768,0.000818,1.0044,0.0012,1.0,681.6395,1.0044,5996.0,1.0135,8297.0,0.9985,9279.66,1.0098,0.000818,True,True,1.0044,97.5255,79.797,82.8664,80.1039,79.7536,93.9236,2880,4,84.0046,86.1489,优秀
2026-07-03,Minimax-M2.5,117,81874,0.1965,97.4359,1174.0,2246.4,2696.64,0.001679,0.0024,699.7778,3,8,2100.5688,446.3635,3.6084,23,0.2125,0.001685,0.9966,0.0024,1.0,702.1667,0.9966,1144.0,1.0262,2011.1,1.117,2772.96,0.9725,0.001685,True,True,0.9966,98.4201,77.673,60.0664,75.9123,80.1904,96.5625,2880,4,85.102,84.4318,健康
2026-07-03,Qwen3.6-35B-A3B,51,35596,0.057,94.1176,1178.0,2106.0,2532.5,0.001117,0.0016,697.9608,6,4,1968.0625,167.9044,5.1962,19,0.0853,0.001127,0.9911,0.0016,1.0,704.2581,0.9911,1591.5,0.7402,2736.0,0.7697,3196.43,0.7923,0.001127,True,True,0.9911,95.0683,89.281,68.9792,87.2508,80.4984,93.4722,2880,4,84.3905,88.9741,优秀
2026-07-04,DeepSeek-V4,1832,1277393,1.5329,96.3974,6106.5,8338.65,9671.69,0.000837,0.0012,697.2669,1,24,8023.6688,632.7928,2.6273,24,0.0789,0.000821,1.019,0.0012,1.0,684.2498,1.019,6010.0,1.0161,8297.0,1.005,9370.96,1.0321,0.000821,True,True,1.019,97.3711,79.418,80.0228,79.4785,78.936,93.9236,2880,4,83.4323,85.6595,优秀
2026-07-04,Minimax-M2.5,85,58349,0.14,96.4706,1037.0,1899.4,2482.48,0.001648,0.0024,686.4588,3,8,1752.9937,226.9334,11.9564,23,0.1295,0.001679,0.981,0.0024,1.0,699.7778,0.981,1144.0,0.9065,2011.1,0.9445,2696.64,0.9206,0.001679,True,True,0.981,97.4451,82.839,44.46,79.0011,81.064,96.5625,2880,4,85.7136,85.7659,优秀
2026-07-04,Qwen3.6-35B-A3B,50,33128,0.053,86.0,1199.0,2130.3,2407.54,0.00106,0.0016,662.56,6,4,1775.85,499.5683,6.5349,19,0.2813,0.001127,0.9408,0.0016,1.0,704.2581,0.9408,1591.5,0.7534,2736.0,0.7786,2972.25,0.81,0.001127,True,True,0.9408,86.8687,88.794,40.1044,83.925,83.3152,93.4722,2880,4,86.3623,84.8638,健康
2026-07-05,DeepSeek-V4,1878,1284247,1.5411,96.6454,6154.0,8709.1,9682.67,0.000821,0.0012,683.8376,1,24,8327.9042,559.3996,2.2298,24,0.0672,0.000821,0.9994,0.0012,1.0,684.2498,0.9994,6010.0,1.024,8297.0,1.0497,9370.96,1.0333,0.000821,True,True,0.9994,97.6216,78.433,83.0168,78.8914,80.0336,93.9236,2880,4,84.2006,85.6183,优秀
2026-07-05,Minimax-M2.5,77,53261,0.1278,100.0,2049.0,3578.0,5308.04,0.00166,0.0024,691.7013,6,4,3631.825,776.9811,0.0,21,0.2139,0.001654,1.0039,0.0024,1.0,689.0429,1.0039,1123.5,1.8238,2011.1,1.7791,2696.64,1.9684,0.001654,True,True,1.0039,100.0,46.496,74.332,49.2796,79.7816,96.5625,2880,4,84.8159,71.607,健康
2026-07-05,Qwen3.6-35B-A3B,46,28731,0.046,95.6522,1609.5,2696.0,3407.15,0.000999,0.0016,624.587,6,4,2440.875,374.2298,5.8523,17,0.1533,0.001117,0.8949,0.0016,1.0,697.9608,0.8949,1488.0,1.0817,2550.4,1.0571,2759.91,1.2345,0.001117,True,True,0.8949,96.6184,75.696,58.1948,73.9459,85.8856,93.4722,2880,4,88.1616,83.6722,健康
2026-07-06,DeepSeek-V4,2516,1723873,2.0686,96.4626,6179.0,8510.0,9750.0,0.000822,0.0012,685.1641,1,24,8347.4312,662.1283,2.0805,24,0.0793,0.000821,1.0019,0.0012,1.0,683.8376,1.0019,6037.5,1.0234,8338.65,1.0205,9370.96,1.0404,0.000821,True,True,1.0019,97.437,78.952,82.162,79.273,79.8936,93.9236,2880,4,84.1026,85.7235,优秀
2026-07-06,Minimax-M2.5,121,85817,0.206,99.1736,2044.0,3782.0,4170.2,0.001702,0.0024,709.2314,3,8,3088.1,691.8808,2.067,21,0.224,0.001654,1.0293,0.0024,1.0,689.0429,1.0293,1144.0,1.7867,2099.75,1.8012,2696.64,1.5464,0.001654,True,True,1.0293,100.0,50.645,64.852,52.0657,78.3592,96.5625,2880,4,83.8202,72.7867,健康
2026-07-06,Qwen3.6-35B-A3B,66,46992,0.0752,81.8182,1733.5,3511.75,3664.35,0.001139,0.0016,712.0,6,4,3430.75,88.6207,15.5444,22,0.0258,0.001097,1.0383,0.0016,1.0001,685.8049,1.0382,1591.5,1.0892,2550.4,1.3769,2759.91,1.3277,0.001097,True,True,1.0383,82.6446,68.293,56.904,67.1541,77.8544,93.4722,2880,4,82.5397,74.1808,健康
2026-07-07,DeepSeek-V4,2861,1968502,2.3622,96.6096,6210.0,8542.0,9753.4,0.000826,0.0012,688.0468,1,24,8310.1708,656.2453,1.6584,24,0.079,0.000822,1.005,0.0012,1.0,684.6395,1.005,6077.0,1.0219,8338.65,1.0244,9500.27,1.0266,0.000822,True,True,1.005,97.5855,79.027,83.8864,79.5129,79.72,93.9236,2880,4,83.9811,85.8694,优秀
2026-07-07,Minimax-M2.5,121,83047,0.1993,99.1736,1116.0,1912.0,2590.8,0.001647,0.0024,686.3388,3,8,2001.4375,364.2211,2.2048,22,0.182,0.00166,0.9923,0.0024,1.0,691.7013,0.9922,1156.0,0.9654,2116.8,0.9033,2696.64,0.9608,0.00166,True,True,0.9923,100.0,82.672,69.3408,81.3389,80.4328,96.5625,2880,4,85.2717,87.7344,优秀
2026-07-07,Qwen3.6-35B-A3B,69,46771,0.0748,89.8551,2046.0,3228.8,3724.2,0.001085,0.0016,677.8406,6,4,3130.1,217.7713,6.1169,22,0.0696,0.001117,0.9712,0.0016,1.0,697.9608,0.9712,1609.5,1.2712,2696.0,1.1976,3407.15,1.0931,0.001117,True,True,0.9712,90.7627,72.405,67.1804,71.8825,81.6128,93.4722,2880,4,85.1706,79.9501,健康
2026-07-08,DeepSeek-V4,2714,1871527,2.2458,95.9469,6296.0,8882.1,10002.09,0.000827,0.0012,689.5825,1,24,8702.0104,434.6463,2.4424,24,0.0499,0.000822,1.0065,0.0012,1.0,685.1641,1.0064,6106.5,1.031,8416.8,1.0553,9671.69,1.0342,0.000822,True,True,1.0065,96.9161,78.242,84.2424,78.842,79.6376,93.9236,2880,4,83.9234,85.2873,优秀
2026-07-08,Minimax-M2.5,123,83573,0.2006,99.187,1107.0,1987.4,2349.7,0.001631,0.0024,679.4553,3,8,1683.225,417.0286,2.3623,23,0.2478,0.00166,0.9823,0.0024,1.0,691.7013,0.9823,1156.0,0.9576,2011.1,0.9882,2590.8,0.9069,0.00166,True,True,0.9823,100.0,81.591,60.8148,79.5134,80.9912,96.5625,2880,4,85.6626,86.9054,优秀
2026-07-08,Qwen3.6-35B-A3B,58,40235,0.0644,94.8276,1862.5,2993.45,3155.57,0.00111,0.0016,693.7069,6,4,2655.2,415.1124,5.833,17,0.1563,0.001117,0.9939,0.0016,1.0,697.9608,0.9939,1609.5,1.1572,2696.0,1.1103,3407.15,0.9262,0.001117,True,True,0.9939,95.7855,76.96,57.912,75.0552,80.3416,93.4722,2880,4,84.2808,83.1037,健康
2026-07-09,DeepSeek-V4,1838,1235853,1.483,96.5724,6298.0,8715.7,10050.56,0.000807,0.0012,672.3901,1,24,8440.3708,598.3986,2.6553,24,0.0709,0.000826,0.9772,0.0012,1.0,688.0468,0.9772,6154.0,1.0234,8510.0,1.0242,9682.67,1.038,0.000826,True,True,0.9772,97.5479,78.902,80.8708,79.0989,81.2768,93.9236,2880,4,85.0708,85.8827,优秀
2026-07-09,Minimax-M2.5,77,52618,0.1263,96.1039,1023.0,1748.8,2170.24,0.00164,0.0024,683.3506,6,4,1576.3625,394.1114,3.397,22,0.25,0.001648,0.9954,0.0024,1.0,686.4588,0.9955,1116.0,0.9167,1987.4,0.8799,2590.8,0.8377,0.001648,True,True,0.9954,97.0746,84.858,56.412,82.0134,80.256,96.5625,2880,4,85.148,87.0212,优秀
2026-07-09,Qwen3.6-35B-A3B,51,34863,0.0558,96.0784,1774.0,2961.0,3316.0,0.001094,0.0016,683.5882,6,4,2911.0,215.3102,6.8374,19,0.074,0.00111,0.9853,0.0016,0.9999,693.7069,0.9854,1609.5,1.1022,2696.0,1.0983,3155.57,1.0508,0.00111,True,True,0.9853,97.0489,76.504,63.7704,75.2306,80.824,93.4722,2880,4,84.6185,83.706,健康
2026-07-10,DeepSeek-V4,1892,1298674,1.5584,95.0317,6368.0,8990.35,10177.62,0.000824,0.0012,686.4027,1,24,8696.725,636.1739,3.276,24,0.0732,0.000822,1.0018,0.0012,1.0,685.1641,1.0018,6179.0,1.0306,8542.0,1.0525,9750.0,1.0439,0.000822,True,True,1.0018,95.9916,78.205,78.112,78.1957,79.8992,93.9236,2880,4,84.1065,84.6798,健康
2026-07-10,Minimax-M2.5,89,60682,0.1456,97.7528,1106.0,2331.4,2498.56,0.001636,0.0024,681.8202,3,8,1848.2687,466.5383,3.1382,23,0.2524,0.001648,0.9932,0.0024,1.0,686.4588,0.9932,1116.0,0.991,1987.4,1.1731,2590.8,0.9644,0.001648,True,True,0.9932,98.7402,76.984,57.1592,75.0015,80.3808,96.5625,2880,4,85.2353,84.117,健康
2026-07-10,Qwen3.6-35B-A3B,43,30102,0.0482,90.6977,1812.0,3179.2,4130.36,0.00112,0.0016,700.0465,6,4,3159.625,754.8044,6.1614,18,0.2389,0.001094,1.0242,0.0016,1.0001,683.5882,1.0241,1733.5,1.0453,2961.0,1.0737,3316.0,1.2456,0.001094,True,True,1.0242,91.6138,75.617,46.6864,72.7239,78.644,93.4722,2880,4,83.0925,80.2234,健康
2026-07-11,DeepSeek-V4,1338,916695,1.1,96.3378,6409.5,8836.5,10522.82,0.000822,0.0012,685.1233,1,24,8704.1,635.8558,2.5571,24,0.0731,0.000824,0.9981,0.0012,1.0,686.4027,0.9981,6210.0,1.0321,8709.1,1.0146,9753.4,1.0789,0.000824,True,True,0.9981,97.3109,78.598,80.9996,78.8382,80.1064,93.9236,2880,4,84.2516,85.4939,优秀
2026-07-11,Minimax-M2.5,57,39240,0.0942,96.4912,992.0,1819.0,2486.0,0.001652,0.0024,688.4211,6,4,1602.425,303.7081,3.5355,22,0.1895,0.001647,1.003,0.0024,0.9999,686.3388,1.003,1107.0,0.8961,1987.4,0.9153,2498.56,0.995,0.001647,True,True,1.003,97.4659,82.783,63.118,80.8165,79.8344,96.5625,2880,4,84.8528,86.4965,优秀
2026-07-11,Qwen3.6-35B-A3B,34,22965,0.0367,79.4118,1935.5,3366.7,5008.84,0.001081,0.0016,675.4412,6,4,3425.8875,1140.7559,2.2673,18,0.333,0.001094,0.9881,0.0016,1.0,683.5882,0.9881,1774.0,1.091,2993.45,1.1247,3407.15,1.4701,0.001094,True,True,0.9881,80.2139,71.895,50.9708,69.8026,80.6664,93.4722,2880,4,84.5081,75.0761,健康
2026-07-12,DeepSeek-V4,1273,857037,1.0284,95.5224,6437.0,9093.0,10301.16,0.000808,0.0012,673.2419,1,24,8826.9333,788.791,2.6753,24,0.0894,0.000822,0.9826,0.0012,1.0,685.1641,0.9826,6296.0,1.0224,8715.7,1.0433,10002.09,1.0299,0.000822,True,True,0.9826,96.4873,78.611,78.5708,78.607,80.9744,93.9236,2880,4,84.8592,85.2202,优秀
2026-07-12,Minimax-M2.5,60,41438,0.0995,98.3333,1097.5,2327.9,3006.91,0.001658,0.0024,690.6333,6,4,2074.0,184.1699,1.8827,20,0.0888,0.001647,1.0063,0.0024,1.0,686.3388,1.0063,1107.0,0.9914,1987.4,1.1713,2498.56,1.2035,0.001647,True,True,1.0063,99.3266,74.625,81.8132,75.3438,79.6472,96.5625,2880,4,84.7218,84.3833,健康
2026-07-12,Qwen3.6-35B-A3B,29,21285,0.0341,96.5517,1771.0,2788.2,3500.6,0.001174,0.0016,733.9655,6,4,2262.375,708.5989,7.2169,17,0.3132,0.001094,1.0738,0.0016,1.0,683.5882,1.0737,1812.0,0.9774,3179.2,0.877,3664.35,0.9553,0.001094,True,True,1.0738,97.527,83.133,33.5484,78.1745,75.8688,93.4722,2880,4,81.1498,84.602,健康
2026-07-13,DeepSeek-V4,1899,1330050,1.596,95.7873,6478.0,9019.4,10314.04,0.00084,0.0012,700.3949,1,24,8791.2208,686.1557,2.9309,24,0.0781,0.000822,1.0222,0.0012,1.0,685.1641,1.0222,6298.0,1.0286,8836.5,1.0207,10050.56,1.0262,0.000822,True,True,1.0222,96.7548,79.038,78.9044,79.0246,78.7568,93.9236,2880,4,83.3068,85.19,优秀
2026-07-13,Minimax-M2.5,72,53904,0.1294,98.6111,1028.0,1773.5,1932.1,0.001797,0.0024,748.6667,6,4,1637.7125,156.2517,1.5465,22,0.0954,0.001647,1.0908,0.0024,1.0,686.3388,1.0908,1106.0,0.9295,1987.4,0.8924,2498.56,0.7733,0.001647,True,True,1.0908,99.6072,85.124,82.366,84.8482,74.9152,96.5625,2880,4,81.4094,88.5239,优秀
2026-07-13,Qwen3.6-35B-A3B,44,30175,0.0483,88.6364,1800.5,2885.5,3701.71,0.001097,0.0016,685.7955,6,4,2964.75,534.0958,8.3653,19,0.1801,0.00111,0.9886,0.0016,1.0,693.7069,0.9886,1812.0,0.9937,3179.2,0.9076,3664.35,1.0102,0.00111,True,True,0.9886,89.5317,81.809,44.9268,78.1208,80.6384,93.4722,2880,4,84.4885,82.4923,健康
2026-07-14,DeepSeek-V4,1888,1276333,1.5316,89.3008,7461.0,11646.9,13309.62,0.000811,0.0012,676.0238,1,24,11224.0583,980.5463,4.235,24,0.0874,0.000824,0.9849,0.0012,1.0,686.4027,0.9849,6368.0,1.1716,8882.1,1.3113,10177.62,1.3077,0.000824,True,True,0.9849,90.2028,68.981,72.572,69.3401,80.8456,93.9236,2880,4,84.769,78.3679,健康
2026-07-14,Minimax-M2.5,86,59025,0.1417,98.8372,1059.5,2025.75,2396.9,0.001647,0.0024,686.3372,3,7,1665.0214,434.643,1.6663,20,0.261,0.001647,1.0,0.0024,1.0,686.3388,1.0,1097.5,0.9654,1912.0,1.0595,2486.0,0.9642,0.001647,True,True,1.0,99.8356,79.514,62.0148,77.7641,80.0,96.5625,2880,4,84.9688,85.8245,优秀
2026-07-14,Qwen3.6-35B-A3B,47,31741,0.0508,91.4894,2834.0,5277.2,5902.22,0.00108,0.0016,675.3404,6,4,5027.35,322.7814,6.9256,23,0.0642,0.001097,0.9847,0.0016,0.9999,685.7955,0.9848,1812.0,1.564,2993.45,1.7629,3701.71,1.5945,0.001097,True,True,0.9847,92.4135,53.157,64.5936,54.3007,80.8576,93.4722,2880,4,84.642,71.6237,健康
2026-07-15,DeepSeek-V4,1794,1250629,1.5008,92.9208,11803.5,19876.25,23180.82,0.000837,0.0012,697.1176,1,24,19558.8875,1467.2017,3.4656,24,0.075,0.000822,1.0175,0.0012,1.0,685.1233,1.0175,6409.5,1.8416,8990.35,2.2108,10301.16,2.2503,0.000822,True,True,1.0175,93.8594,34.865,77.1376,39.0923,79.02,93.9236,2880,4,83.4911,64.2499,需关注
2026-07-15,Minimax-M2.5,81,56925,0.1366,100.0,1133.0,1886.0,2475.6,0.001687,0.0024,702.7778,3,8,1598.4188,347.3582,0.0,20,0.2173,0.001647,1.024,0.0024,1.0,686.3372,1.024,1059.5,1.0694,1987.4,0.949,2396.9,1.0328,0.001647,True,True,1.024,100.0,79.998,73.924,79.3906,78.656,96.5625,2880,4,84.028,86.4937,优秀
2026-07-15,Qwen3.6-35B-A3B,41,29372,0.047,92.6829,3227.0,6366.0,6874.8,0.001146,0.0016,716.3902,6,3,5904.7833,403.7689,6.6771,15,0.0684,0.001097,1.0446,0.0016,1.0,685.7955,1.0446,1812.0,1.7809,2993.45,2.1266,3701.71,1.8572,0.001097,True,True,1.0446,93.6191,41.087,65.0836,43.4867,77.5024,93.4722,2880,4,82.2933,66.1354,需关注
2026-07-16,DeepSeek-V4,1830,1261189,1.5134,93.6612,11794.5,20870.05,23637.11,0.000827,0.0012,689.1743,1,24,19904.8562,1704.4815,2.859,24,0.0856,0.000822,1.0059,0.0012,1.0,685.1233,1.0059,6437.0,1.8323,9019.4,2.3139,10314.04,2.2917,0.000822,True,True,1.0059,94.6073,32.482,78.292,37.063,79.6696,93.9236,2880,4,83.9458,63.5945,需关注
2026-07-16,Minimax-M2.5,77,49662,0.1192,90.9091,1762.0,2742.2,3674.6,0.001548,0.0024,644.961,6,4,2735.8,210.3276,7.8355,21,0.0769,0.001652,0.9369,0.0024,1.0,688.4211,0.9369,1059.5,1.663,1886.0,1.454,2475.6,1.4843,0.001652,True,True,0.9369,91.8274,59.447,59.43,59.4453,83.5336,96.5625,2880,4,87.4423,74.3923,健康
2026-07-16,Qwen3.6-35B-A3B,54,37764,0.0604,90.7407,3353.0,5060.0,6192.58,0.001119,0.0016,699.3333,6,4,4975.7,633.1723,7.336,18,0.1273,0.001097,1.0196,0.0016,0.9999,685.7955,1.0197,1812.0,1.8504,3179.2,1.5916,4130.36,1.4993,0.001097,True,True,1.0196,91.6573,54.671,55.38,54.7419,78.9032,93.4722,2880,4,83.2739,71.2865,健康
2026-07-17,DeepSeek-V4,1904,1307743,1.5693,95.7458,6603.0,9293.15,10801.82,0.000824,0.0012,686.8398,1,24,9100.3646,699.6082,2.3862,24,0.0769,0.000824,1.0006,0.0012,1.0,686.4027,1.0006,6478.0,1.0193,9093.0,1.022,10522.82,1.0265,0.000824,True,True,1.0006,96.7129,79.102,81.2272,79.3145,79.9664,93.9236,2880,4,84.1536,85.5017,优秀
2026-07-17,Minimax-M2.5,93,64312,0.1544,96.7742,1733.0,3643.6,4832.08,0.00166,0.0024,691.5269,3,8,2878.1625,958.4118,6.0163,23,0.333,0.001652,1.0046,0.0024,1.0,688.4211,1.0045,1097.5,1.579,2025.75,1.7986,2486.0,1.9437,0.001652,True,True,1.0046,97.7517,48.801,35.9748,47.5184,79.744,96.5625,2880,4,84.7895,69.9339,需关注
2026-07-17,Qwen3.6-35B-A3B,40,24385,0.039,92.5,1815.0,3650.9,4186.25,0.000975,0.0016,609.625,6,4,2983.4375,899.9255,7.171,19,0.3016,0.001119,0.8718,0.0016,1.0,699.3333,0.8717,1935.5,0.9377,3366.7,1.0844,5008.84,0.8358,0.001119,True,True,0.8718,93.4343,80.577,35.124,76.0317,87.1808,93.4722,2880,4,89.0682,83.795,健康
2026-07-18,DeepSeek-V4,1893,1289341,1.5472,95.6154,6569.0,9372.0,10916.8,0.000817,0.0012,681.1099,1,24,9111.8833,741.5291,2.5127,24,0.0814,0.000824,0.9917,0.0012,1.0,686.8398,0.9917,6603.0,0.9949,9293.15,1.0085,10801.82,1.0106,0.000824,True,True,0.9917,96.5812,79.775,80.1812,79.8156,80.4648,93.9236,2880,4,84.5024,85.781,优秀
2026-07-18,Minimax-M2.5,86,61740,0.1482,98.8372,1104.5,1774.75,2093.4,0.001723,0.0024,717.907,3,8,1534.5125,258.1355,1.5033,19,0.1682,0.001658,1.0395,0.0024,1.0,690.6333,1.0395,1097.5,1.0064,2025.75,0.8761,2486.0,0.8421,0.001658,True,True,1.0395,99.8356,83.993,73.8028,82.974,77.788,96.5625,2880,4,83.4203,88.0976,优秀
2026-07-18,Qwen3.6-35B-A3B,53,41286,0.0661,90.566,2205.0,3936.2,5408.92,0.001246,0.0016,778.9811,6,4,3987.0875,314.0054,6.0982,18,0.0788,0.001097,1.1359,0.0016,1.0,685.7955,1.1359,1935.5,1.1392,3650.9,1.0781,5008.84,1.0799,0.001097,True,True,1.1359,91.4808,76.247,66.1512,75.2374,72.3896,93.4722,2880,4,78.7144,80.4954,健康
2026-07-19,DeepSeek-V4,2106,1425935,1.7111,95.2991,6595.0,9117.5,10767.85,0.000812,0.0012,677.0821,1,24,8992.0042,654.7594,2.9247,24,0.0728,0.000824,0.9858,0.0012,1.0,686.8398,0.9858,6603.0,0.9988,9372.0,0.9728,10916.8,0.9864,0.000824,True,True,0.9858,96.2617,80.692,79.5652,80.5793,80.7952,93.9236,2880,4,84.7337,86.1005,优秀
2026-07-19,Minimax-M2.5,95,77497,0.186,95.7895,1047.0,2030.3,3623.98,0.001958,0.0024,815.7579,3,8,1992.7562,638.0565,8.5523,24,0.3202,0.00166,1.1796,0.0024,1.0,691.5269,1.1796,1104.5,0.9479,2025.75,1.0022,2475.6,1.4639,0.00166,True,True,1.1796,96.7571,75.838,27.3668,70.9909,69.9424,96.5625,2880,4,77.9284,79.8518,健康
2026-07-19,Qwen3.6-35B-A3B,39,25265,0.0404,92.3077,1925.0,4066.5,4482.08,0.001037,0.0016,647.8205,6,4,3724.45,458.507,6.3781,17,0.1231,0.001119,0.9264,0.0016,1.0,699.3333,0.9263,2205.0,0.873,3936.2,1.0331,5408.92,0.8286,0.001119,True,True,0.9264,93.2401,82.322,59.7156,80.0614,84.1232,93.4722,2880,4,86.9279,85.2832,优秀
2026-07-20,DeepSeek-V4,2475,1666382,1.9996,95.6364,6610.0,9488.3,10746.5,0.000808,0.0012,673.2857,1,24,9260.2125,677.203,2.2549,24,0.0731,0.000824,0.9803,0.0012,1.0,686.8398,0.9803,6603.0,1.0011,9372.0,1.0124,10916.8,0.9844,0.000824,True,True,0.9803,96.6024,79.897,82.2084,80.1281,81.1032,93.9236,2880,4,84.9493,86.0404,优秀
2026-07-20,Minimax-M2.5,105,74520,0.1789,97.1429,1084.0,2043.8,2625.24,0.001703,0.0024,709.7143,3,8,1905.2437,504.2756,4.7322,24,0.2647,0.001687,1.0099,0.0024,1.0,702.7778,1.0099,1104.5,0.9814,2025.75,1.0089,2475.6,1.0604,0.001687,True,True,1.0099,98.1241,79.404,49.3072,76.3943,79.4456,96.5625,2880,4,84.5807,84.4574,健康
2026-07-20,Qwen3.6-35B-A3B,61,36380,0.0582,91.8033,2087.0,3552.0,5083.2,0.000954,0.0016,596.3934,6,3,3294.7833,219.3778,1.7774,16,0.0666,0.001097,0.8696,0.0016,1.0,685.7955,0.8696,2205.0,0.9465,4066.5,0.8735,5408.92,0.9398,0.001097,True,True,0.8696,92.7306,83.667,84.8984,83.7901,87.3024,93.4722,2880,4,89.1533,87.4461,优秀
2026-07-21,DeepSeek-V4,2422,1670377,2.0045,94.4674,6619.5,9458.8,10809.9,0.000828,0.0012,689.6685,1,24,9145.6604,777.9283,1.7936,24,0.0851,0.000817,1.0126,0.0012,1.0,681.1099,1.0126,6610.0,1.0014,9488.3,0.9969,10916.8,0.9902,0.000817,True,True,1.0126,95.4216,80.146,82.6136,80.3928,79.2944,93.9236,2880,4,83.6832,85.4881,优秀
2026-07-21,Minimax-M2.5,107,70539,0.1693,99.0654,1045.0,1698.8,2330.38,0.001582,0.0024,659.243,3,8,1635.675,269.8389,1.5033,22,0.165,0.001687,0.9381,0.0024,1.0,702.7778,0.9381,1104.5,0.9461,2030.3,0.8367,2625.24,0.8877,0.001687,True,True,0.9381,100.0,84.928,74.1868,83.8539,83.4664,96.5625,2880,4,87.3952,89.4469,优秀
2026-07-21,Qwen3.6-35B-A3B,63,38780,0.062,90.4762,1958.0,3661.4,5068.48,0.000985,0.0016,615.5556,6,4,3311.55,359.4191,5.3754,18,0.1085,0.00108,0.9115,0.0016,1.0,675.3404,0.9115,2205.0,0.888,4066.5,0.9004,5408.92,0.9371,0.00108,True,True,0.9115,91.3901,83.741,65.4784,81.9147,84.956,93.4722,2880,4,87.5109,85.6873,优秀
