date,model_id,provider,success_rate,probe_http_success_rate,success_gap_pct,p95_latency_ms,probe_p95_latency_ms,latency_gap_ratio,performance_score,probe_performance_score,performance_gap_score,stability_score,probe_consistency_score,health_score,probe_quality_score,diagnosis_type,diagnosis_severity,diagnosis_reason,switch_recommendation,recommended_action
2026-04-23,DeepSeek-V4,DeepSeek,96.0047,100.0,3.9953,9334.0,4737.25,1.9703,79.9649,80.2601,0.2952,79.6492,82.6007,85.9235,96.875,capability_or_probe_issue,medium,真实调用正常但标准任务下降，可能存在特定能力回退或拨测环境问题,谨慎降权,复跑失败任务并核对评测器；确认能力回退后限制相关场景流量
2026-04-23,Minimax-M2.5,MiniMax,90.7692,100.0,9.2308,3577.2,631.75,5.6624,76.4644,82.0,5.5356,44.644,100.0,82.3223,100.0,platform_or_traffic_issue,medium,真实调用下降但标准拨测正常，优先排查用户输入、网络和平台链路,暂不切换,检查网关、区域网络、队列和异常客户流量，再决定是否调整模型
2026-04-23,Qwen3.6-35B-A3B,Qwen,92.5926,100.0,7.4074,2562.4,671.25,3.8174,73.614,82.0,8.386,16.14,100.0,81.5418,100.0,platform_or_traffic_issue,medium,真实调用下降但标准拨测正常，优先排查用户输入、网络和平台链路,暂不切换,检查网关、区域网络、队列和异常客户流量，再决定是否调整模型
2026-04-24,DeepSeek-V4,DeepSeek,94.849,100.0,5.151,9227.0,4696.25,1.9648,80.1166,79.0852,-1.0314,81.1656,70.8519,85.5908,90.625,capability_or_probe_issue,medium,真实调用正常但标准任务下降，可能存在特定能力回退或拨测环境问题,谨慎降权,复跑失败任务并核对评测器；确认能力回退后限制相关场景流量
2026-04-24,Minimax-M2.5,MiniMax,96.1039,100.0,3.8961,3098.8,600.25,5.1625,78.9976,82.0,3.0024,69.9756,100.0,85.4749,100.0,environment_latency_gap,low,标准拨测健康但真实调用延迟明显更高，差异更可能来自业务环境,暂不切换,检查请求长度、并发、区域网络和平台排队，不直接归因于模型
2026-04-24,Qwen3.6-35B-A3B,Qwen,96.7742,100.0,3.2258,2352.5,640.5,3.6729,78.5126,82.0,3.4874,65.126,100.0,85.4694,100.0,environment_latency_gap,low,标准拨测健康但真实调用延迟明显更高，差异更可能来自业务环境,暂不切换,检查请求长度、并发、区域网络和平台排队，不直接归因于模型
2026-04-25,DeepSeek-V4,DeepSeek,95.7702,100.0,4.2298,9173.4,4715.5,1.9454,79.6548,79.5794,-0.0754,76.5484,75.7939,85.6856,93.75,capability_or_probe_issue,medium,真实调用正常但标准任务下降，可能存在特定能力回退或拨测环境问题,谨慎降权,复跑失败任务并核对评测器；确认能力回退后限制相关场景流量
2026-04-25,Minimax-M2.5,MiniMax,87.7193,100.0,12.2807,3304.6,628.75,5.2558,76.1696,80.2601,4.0905,41.6956,82.6007,81.0967,96.875,platform_or_traffic_issue,medium,真实调用下降但标准拨测正常，优先排查用户输入、网络和平台链路,暂不切换,检查网关、区域网络、队列和异常客户流量，再决定是否调整模型
2026-04-25,Qwen3.6-35B-A3B,Qwen,92.5926,100.0,7.4074,1979.7,644.0,3.0741,76.2658,79.0852,2.8194,42.658,70.8519,82.8677,90.625,platform_or_traffic_issue,medium,真实调用下降但标准拨测正常，优先排查用户输入、网络和平台链路,暂不切换,检查网关、区域网络、队列和异常客户流量，再决定是否调整模型
2026-04-26,DeepSeek-V4,DeepSeek,94.9618,100.0,5.0382,8803.05,4701.0,1.8726,80.7541,82.1478,1.3937,79.5488,100.0,85.8914,100.0,capability_or_probe_issue,medium,真实调用正常但标准任务下降，可能存在特定能力回退或拨测环境问题,谨慎降权,复跑失败任务并核对评测器；确认能力回退后限制相关场景流量
2026-04-26,Minimax-M2.5,MiniMax,94.4444,100.0,5.5556,3188.4,611.5,5.2141,76.5283,79.6392,3.1109,52.582,70.8519,83.7975,90.625,environment_latency_gap,low,标准拨测健康但真实调用延迟明显更高，差异更可能来自业务环境,暂不切换,检查请求长度、并发、区域网络和平台排队，不直接归因于模型
2026-04-26,Qwen3.6-35B-A3B,Qwen,100.0,100.0,0.0,1980.95,672.0,2.9478,84.3478,78.8909,-5.4569,75.436,82.6007,89.6223,96.875,environment_latency_gap,low,标准拨测健康但真实调用延迟明显更高，差异更可能来自业务环境,暂不切换,检查请求长度、并发、区域网络和平台排队，不直接归因于模型
2026-04-27,DeepSeek-V4,DeepSeek,95.3846,100.0,4.6154,8919.1,4676.0,1.9074,80.5743,80.4355,-0.1388,78.21,82.6007,85.9445,96.875,capability_or_probe_issue,medium,真实调用正常但标准任务下降，可能存在特定能力回退或拨测环境问题,谨慎降权,复跑失败任务并核对评测器；确认能力回退后限制相关场景流量
2026-04-27,Minimax-M2.5,MiniMax,97.1831,100.0,2.8169,3141.5,612.5,5.129,78.5293,79.6803,1.151,68.1728,75.7939,86.8613,93.75,environment_latency_gap,low,标准拨测健康但真实调用延迟明显更高，差异更可能来自业务环境,暂不切换,检查请求长度、并发、区域网络和平台排队，不直接归因于模型
2026-04-27,Qwen3.6-35B-A3B,Qwen,94.4444,100.0,5.5556,2244.55,602.25,3.7269,77.3348,82.14,4.8052,65.7136,75.7939,83.6536,93.75,environment_latency_gap,low,标准拨测健康但真实调用延迟明显更高，差异更可能来自业务环境,暂不切换,检查请求长度、并发、区域网络和平台排队，不直接归因于模型
2026-04-28,DeepSeek-V4,DeepSeek,96.584,100.0,3.416,9231.2,4691.0,1.9679,80.339,79.6356,-0.7034,82.8136,75.7939,86.249,93.75,capability_or_probe_issue,medium,真实调用正常但标准任务下降，可能存在特定能力回退或拨测环境问题,谨慎降权,复跑失败任务并核对评测器；确认能力回退后限制相关场景流量
2026-04-28,Minimax-M2.5,MiniMax,92.5,100.0,7.5,3224.8,649.5,4.9651,71.7988,78.6825,6.8837,35.6528,82.6007,79.9065,96.875,platform_or_traffic_issue,medium,真实调用下降但标准拨测正常，优先排查用户输入、网络和平台链路,暂不切换,检查网关、区域网络、队列和异常客户流量，再决定是否调整模型
2026-04-28,Qwen3.6-35B-A3B,Qwen,96.7742,100.0,3.2258,2432.5,704.75,3.4516,72.0595,79.0992,7.0397,44.7944,100.0,81.7055,100.0,environment_latency_gap,low,标准拨测健康但真实调用延迟明显更高，差异更可能来自业务环境,暂不切换,检查请求长度、并发、区域网络和平台排队，不直接归因于模型
2026-04-29,DeepSeek-V4,DeepSeek,95.528,100.0,4.472,9081.75,4717.5,1.9251,80.5361,77.8692,-2.6669,80.4744,58.6601,86.0095,78.125,capability_or_probe_issue,medium,真实调用正常但标准任务下降，可能存在特定能力回退或拨测环境问题,谨慎降权,复跑失败任务并核对评测器；确认能力回退后限制相关场景流量
2026-04-29,Minimax-M2.5,MiniMax,96.0526,100.0,3.9474,3002.25,646.75,4.6421,81.5964,81.0372,-0.5592,80.9428,100.0,87.2434,100.0,environment_latency_gap,low,标准拨测健康但真实调用延迟明显更高，差异更可能来自业务环境,暂不切换,检查请求长度、并发、区域网络和平台排队，不直接归因于模型
2026-04-29,Qwen3.6-35B-A3B,Qwen,88.2353,100.0,11.7647,2189.5,708.25,3.0914,79.4442,76.7215,-2.7227,61.5628,70.8519,82.4258,90.625,platform_or_traffic_issue,medium,真实调用下降但标准拨测正常，优先排查用户输入、网络和平台链路,暂不切换,检查网关、区域网络、队列和异常客户流量，再决定是否调整模型
2026-04-30,DeepSeek-V4,DeepSeek,95.1114,100.0,4.8886,9014.5,4684.75,1.9242,80.1723,79.665,-0.5073,74.7932,75.7939,85.8853,93.75,capability_or_probe_issue,medium,真实调用正常但标准任务下降，可能存在特定能力回退或拨测环境问题,谨慎降权,复跑失败任务并核对评测器；确认能力回退后限制相关场景流量
2026-04-30,Minimax-M2.5,MiniMax,97.561,100.0,2.439,2792.65,599.75,4.6564,81.8,82.0496,0.2496,62.4048,82.6007,88.2254,96.875,environment_latency_gap,low,标准拨测健康但真实调用延迟明显更高，差异更可能来自业务环境,暂不切换,检查请求长度、并发、区域网络和平台排队，不直接归因于模型
2026-04-30,Qwen3.6-35B-A3B,Qwen,89.1892,100.0,10.8108,2228.2,637.75,3.4938,77.6646,81.5788,3.9142,47.16,75.7939,82.064,93.75,platform_or_traffic_issue,medium,真实调用下降但标准拨测正常，优先排查用户输入、网络和平台链路,暂不切换,检查网关、区域网络、队列和异常客户流量，再决定是否调整模型
2026-05-01,DeepSeek-V4,DeepSeek,96.1404,100.0,3.8596,8515.2,4735.75,1.7981,81.3229,80.1091,-1.2138,77.4608,82.6007,86.7194,96.875,capability_or_probe_issue,medium,真实调用正常但标准任务下降，可能存在特定能力回退或拨测环境问题,谨慎降权,复跑失败任务并核对评测器；确认能力回退后限制相关场景流量
2026-05-01,Minimax-M2.5,MiniMax,96.6102,100.0,3.3898,2847.6,602.5,4.7263,80.6893,80.9827,0.2934,71.7464,82.6007,86.7493,96.875,environment_latency_gap,low,标准拨测健康但真实调用延迟明显更高，差异更可能来自业务环境,暂不切换,检查请求长度、并发、区域网络和平台排队，不直接归因于模型
2026-05-01,Qwen3.6-35B-A3B,Qwen,93.9394,100.0,6.0606,1900.4,611.5,3.1078,79.8905,81.0764,1.1859,48.2964,75.7939,85.6526,93.75,platform_or_traffic_issue,medium,真实调用下降但标准拨测正常，优先排查用户输入、网络和平台链路,暂不切换,检查网关、区域网络、队列和异常客户流量，再决定是否调整模型
2026-05-02,DeepSeek-V4,DeepSeek,91.189,100.0,8.811,6016.5,4727.5,1.2727,90.6545,79.0143,-11.6402,70.616,70.8519,89.8413,90.625,model_side_degradation,high,真实调用与标准环境同步下降，模型服务或模型能力更可能异常,建议切换,降低当前模型路由权重，启用候选模型并复核供应商状态与能力维度
2026-05-02,Minimax-M2.5,MiniMax,95.0,100.0,5.0,3169.15,607.25,5.2189,77.7437,79.3143,1.5706,56.1592,75.7939,84.5025,93.75,environment_latency_gap,low,标准拨测健康但真实调用延迟明显更高，差异更可能来自业务环境,暂不切换,检查请求长度、并发、区域网络和平台排队，不直接归因于模型
2026-05-02,Qwen3.6-35B-A3B,Qwen,100.0,100.0,0.0,1873.5,662.25,2.829,86.2546,80.1803,-6.0743,94.108,75.7939,90.8084,93.75,environment_latency_gap,low,标准拨测健康但真实调用延迟明显更高，差异更可能来自业务环境,暂不切换,检查请求长度、并发、区域网络和平台排队，不直接归因于模型
2026-05-03,DeepSeek-V4,DeepSeek,96.0821,100.0,3.9179,8985.9,4691.25,1.9155,80.191,80.2153,0.0243,77.8604,82.6007,86.2899,96.875,capability_or_probe_issue,medium,真实调用正常但标准任务下降，可能存在特定能力回退或拨测环境问题,谨慎降权,复跑失败任务并核对评测器；确认能力回退后限制相关场景流量
2026-05-03,Minimax-M2.5,MiniMax,92.1569,98.9583,6.8014,2423.5,620.75,3.9041,85.9617,80.0266,-5.9351,70.938,82.6007,87.8234,96.875,platform_or_traffic_issue,medium,真实调用下降但标准拨测正常，优先排查用户输入、网络和平台链路,暂不切换,检查网关、区域网络、队列和异常客户流量，再决定是否调整模型
2026-05-03,Qwen3.6-35B-A3B,Qwen,100.0,100.0,0.0,2717.85,649.75,4.1829,68.6023,78.9964,10.3941,66.688,63.6908,81.9598,84.375,platform_or_traffic_issue,medium,真实调用下降但标准拨测正常，优先排查用户输入、网络和平台链路,暂不切换,检查网关、区域网络、队列和异常客户流量，再决定是否调整模型
2026-05-04,DeepSeek-V4,DeepSeek,96.0265,100.0,3.9735,8782.15,4737.5,1.8538,80.7907,78.8314,-1.9593,79.2216,70.8519,86.4029,90.625,capability_or_probe_issue,medium,真实调用正常但标准任务下降，可能存在特定能力回退或拨测环境问题,谨慎降权,复跑失败任务并核对评测器；确认能力回退后限制相关场景流量
2026-05-04,Minimax-M2.5,MiniMax,96.6292,100.0,3.3708,3059.4,606.0,5.0485,71.208,80.7007,9.4927,24.552,82.6007,81.1081,96.875,environment_latency_gap,low,标准拨测健康但真实调用延迟明显更高，差异更可能来自业务环境,暂不切换,检查请求长度、并发、区域网络和平台排队，不直接归因于模型
2026-05-04,Qwen3.6-35B-A3B,Qwen,95.122,98.9583,3.8363,1963.0,675.5,2.906,81.1559,77.2858,-3.8701,62.7864,70.8519,85.5761,90.625,environment_latency_gap,low,标准拨测健康但真实调用延迟明显更高，差异更可能来自业务环境,暂不切换,检查请求长度、并发、区域网络和平台排队，不直接归因于模型
2026-05-05,DeepSeek-V4,DeepSeek,92.2769,100.0,7.7231,21762.1,4702.75,4.6275,33.2284,78.3776,45.1492,80.8868,63.6908,61.1206,84.375,model_side_degradation,high,真实调用与标准环境同步下降，模型服务或模型能力更可能异常,建议切换,降低当前模型路由权重，启用候选模型并复核供应商状态与能力维度
2026-05-05,Minimax-M2.5,MiniMax,97.7273,100.0,2.2727,2726.15,595.25,4.5798,81.9005,81.0787,-0.8218,54.4464,82.6007,87.0753,96.875,environment_latency_gap,low,标准拨测健康但真实调用延迟明显更高，差异更可能来自业务环境,暂不切换,检查请求长度、并发、区域网络和平台排队，不直接归因于模型
2026-05-05,Qwen3.6-35B-A3B,Qwen,91.1111,100.0,8.8889,2644.2,661.75,3.9958,68.4412,79.2626,10.8214,39.7688,75.7939,78.9507,93.75,platform_or_traffic_issue,medium,真实调用下降但标准拨测正常，优先排查用户输入、网络和平台链路,暂不切换,检查网关、区域网络、队列和异常客户流量，再决定是否调整模型
2026-05-06,DeepSeek-V4,DeepSeek,94.0844,100.0,5.9156,26458.15,4715.5,5.6109,14.8123,78.8832,64.0709,78.6516,70.8519,52.5877,90.625,model_side_degradation,high,真实调用与标准环境同步下降，模型服务或模型能力更可能异常,建议切换,降低当前模型路由权重，启用候选模型并复核供应商状态与能力维度
2026-05-06,Minimax-M2.5,MiniMax,94.7368,100.0,5.2632,3112.0,596.75,5.2149,78.3327,79.3124,0.9797,78.5368,70.8519,84.1971,90.625,environment_latency_gap,low,标准拨测健康但真实调用延迟明显更高，差异更可能来自业务环境,暂不切换,检查请求长度、并发、区域网络和平台排队，不直接归因于模型
2026-05-06,Qwen3.6-35B-A3B,Qwen,95.8333,98.9583,3.125,2330.1,613.5,3.798,76.2234,81.6595,5.4361,66.03,75.7939,83.6896,93.75,environment_latency_gap,low,标准拨测健康但真实调用延迟明显更高，差异更可能来自业务环境,暂不切换,检查请求长度、并发、区域网络和平台排队，不直接归因于模型
2026-05-07,DeepSeek-V4,DeepSeek,91.8935,100.0,8.1065,20429.0,4703.5,4.3434,37.2288,79.0716,41.8428,78.2672,70.8519,63.0315,90.625,model_side_degradation,high,真实调用与标准环境同步下降，模型服务或模型能力更可能异常,建议切换,降低当前模型路由权重，启用候选模型并复核供应商状态与能力维度
2026-05-07,Minimax-M2.5,MiniMax,95.5056,100.0,4.4944,2745.8,613.5,4.4756,73.7064,81.0207,7.3143,41.0224,100.0,81.8879,100.0,environment_latency_gap,low,标准拨测健康但真实调用延迟明显更高，差异更可能来自业务环境,暂不切换,检查请求长度、并发、区域网络和平台排队，不直接归因于模型
2026-05-07,Qwen3.6-35B-A3B,Qwen,100.0,100.0,0.0,2257.1,641.75,3.5171,81.3439,79.5614,-1.7825,85.456,70.8519,86.7496,90.625,environment_latency_gap,low,标准拨测健康但真实调用延迟明显更高，差异更可能来自业务环境,暂不切换,检查请求长度、并发、区域网络和平台排队，不直接归因于模型
2026-05-08,DeepSeek-V4,DeepSeek,95.9365,100.0,4.0635,8411.3,17768.0,0.4734,82.1855,24.6409,-57.5446,80.3356,66.9281,86.9248,87.5,capability_or_probe_issue,medium,真实调用正常但标准任务下降，可能存在特定能力回退或拨测环境问题,谨慎降权,复跑失败任务并核对评测器；确认能力回退后限制相关场景流量
2026-05-08,Minimax-M2.5,MiniMax,94.7368,100.0,5.2632,2620.5,633.0,4.1398,80.4422,78.4356,-2.0066,54.344,75.7939,86.0978,93.75,environment_latency_gap,low,标准拨测健康但真实调用延迟明显更高，差异更可能来自业务环境,暂不切换,检查请求长度、并发、区域网络和平台排队，不直接归因于模型
2026-05-08,Qwen3.6-35B-A3B,Qwen,100.0,100.0,0.0,2050.4,666.75,3.0752,82.0993,77.3124,-4.7869,83.92,63.6908,88.4585,84.375,environment_latency_gap,low,标准拨测健康但真实调用延迟明显更高，差异更可能来自业务环境,暂不切换,检查请求长度、并发、区域网络和平台排队，不直接归因于模型
2026-05-09,DeepSeek-V4,DeepSeek,96.5017,100.0,3.4983,7936.1,4697.75,1.6893,82.9165,79.6443,-3.2722,79.0964,75.7939,87.6532,93.75,capability_or_probe_issue,medium,真实调用正常但标准任务下降，可能存在特定能力回退或拨测环境问题,谨慎降权,复跑失败任务并核对评测器；确认能力回退后限制相关场景流量
2026-05-09,Minimax-M2.5,MiniMax,85.7143,100.0,14.2857,2601.3,587.0,4.4315,78.9435,81.3249,2.3814,43.776,82.6007,82.141,96.875,platform_or_traffic_issue,medium,真实调用下降但标准拨测正常，优先排查用户输入、网络和平台链路,暂不切换,检查网关、区域网络、队列和异常客户流量，再决定是否调整模型
2026-05-09,Qwen3.6-35B-A3B,Qwen,88.2353,100.0,11.7647,2153.45,653.5,3.2953,77.3773,79.0308,1.6535,42.0908,70.8519,79.2392,90.625,platform_or_traffic_issue,medium,真实调用下降但标准拨测正常，优先排查用户输入、网络和平台链路,暂不切换,检查网关、区域网络、队列和异常客户流量，再决定是否调整模型
2026-05-10,DeepSeek-V4,DeepSeek,96.108,100.0,3.892,8244.6,4691.75,1.7573,82.4676,80.3858,-2.0818,79.9712,82.6007,87.1761,96.875,capability_or_probe_issue,medium,真实调用正常但标准任务下降，可能存在特定能力回退或拨测环境问题,谨慎降权,复跑失败任务并核对评测器；确认能力回退后限制相关场景流量
2026-05-10,Minimax-M2.5,MiniMax,88.6364,100.0,11.3636,2842.8,667.25,4.2605,73.1354,76.5176,3.3822,49.4236,75.7939,80.5069,93.75,platform_or_traffic_issue,medium,真实调用下降但标准拨测正常，优先排查用户输入、网络和平台链路,暂不切换,检查网关、区域网络、队列和异常客户流量，再决定是否调整模型
2026-05-10,Qwen3.6-35B-A3B,Qwen,91.6667,100.0,8.3333,2045.9,615.25,3.3253,77.5481,80.6392,3.0911,47.4616,70.8519,83.992,90.625,platform_or_traffic_issue,medium,真实调用下降但标准拨测正常，优先排查用户输入、网络和平台链路,暂不切换,检查网关、区域网络、队列和异常客户流量，再决定是否调整模型
2026-05-11,DeepSeek-V4,DeepSeek,96.617,100.0,3.383,8229.4,4692.25,1.7538,82.4373,79.7957,-2.6416,83.6104,75.7939,87.3661,93.75,capability_or_probe_issue,medium,真实调用正常但标准任务下降，可能存在特定能力回退或拨测环境问题,谨慎降权,复跑失败任务并核对评测器；确认能力回退后限制相关场景流量
2026-05-11,Minimax-M2.5,MiniMax,88.4298,100.0,11.5702,2662.0,619.25,4.2987,78.5341,81.0249,2.4908,52.5068,100.0,83.2718,100.0,platform_or_traffic_issue,medium,真实调用下降但标准拨测正常，优先排查用户输入、网络和平台链路,暂不切换,检查网关、区域网络、队列和异常客户流量，再决定是否调整模型
2026-05-11,Qwen3.6-35B-A3B,Qwen,95.0,100.0,5.0,2471.35,632.0,3.9104,72.6982,79.8415,7.1433,45.5832,70.8519,81.5974,90.625,environment_latency_gap,low,标准拨测健康但真实调用延迟明显更高，差异更可能来自业务环境,暂不切换,检查请求长度、并发、区域网络和平台排队，不直接归因于模型
2026-05-12,DeepSeek-V4,DeepSeek,96.0772,98.9583,2.8811,8141.0,4713.0,1.7273,81.1291,82.0207,0.8916,81.3456,100.0,86.5421,100.0,capability_or_probe_issue,medium,真实调用正常但标准任务下降，可能存在特定能力回退或拨测环境问题,谨慎降权,复跑失败任务并核对评测器；确认能力回退后限制相关场景流量
2026-05-12,Minimax-M2.5,MiniMax,93.5897,100.0,6.4103,2410.55,657.25,3.6676,79.2005,77.61,-1.5905,42.3048,75.7939,84.4909,93.75,platform_or_traffic_issue,medium,真实调用下降但标准拨测正常，优先排查用户输入、网络和平台链路,暂不切换,检查网关、区域网络、队列和异常客户流量，再决定是否调整模型
2026-05-12,Qwen3.6-35B-A3B,Qwen,93.3333,91.6667,-1.6666,2399.0,3617.0,0.6633,77.6613,25.2194,-52.4419,65.8024,75.7939,83.9551,93.75,model_side_degradation,high,真实调用与标准环境同步下降，模型服务或模型能力更可能异常,建议切换,降低当前模型路由权重，启用候选模型并复核供应商状态与能力维度
2026-05-13,DeepSeek-V4,DeepSeek,96.9734,98.9583,1.9849,8084.6,4680.25,1.7274,80.9619,79.7318,-1.2301,82.752,75.7939,86.5914,93.75,capability_or_probe_issue,medium,真实调用正常但标准任务下降，可能存在特定能力回退或拨测环境问题,谨慎降权,复跑失败任务并核对评测器；确认能力回退后限制相关场景流量
2026-05-13,Minimax-M2.5,MiniMax,92.7536,100.0,7.2464,2704.8,642.0,4.2131,72.1788,81.2644,9.0856,29.652,100.0,81.2314,100.0,platform_or_traffic_issue,medium,真实调用下降但标准拨测正常，优先排查用户输入、网络和平台链路,暂不切换,检查网关、区域网络、队列和异常客户流量，再决定是否调整模型
2026-05-13,Qwen3.6-35B-A3B,Qwen,96.0784,100.0,3.9216,1626.5,605.0,2.6884,87.7795,82.179,-5.6005,59.9556,75.7939,88.6756,93.75,healthy,none,真实调用与标准拨测均处于健康范围,无需切换,维持当前路由并持续观察
2026-05-14,DeepSeek-V4,DeepSeek,97.258,100.0,2.742,8226.3,4714.0,1.7451,80.6189,79.4637,-1.1552,85.658,75.7939,86.592,93.75,capability_or_probe_issue,medium,真实调用正常但标准任务下降，可能存在特定能力回退或拨测环境问题,谨慎降权,复跑失败任务并核对评测器；确认能力回退后限制相关场景流量
2026-05-14,Minimax-M2.5,MiniMax,97.6744,100.0,2.3256,2472.0,653.0,3.7856,79.398,79.0217,-0.3763,46.332,82.6007,86.365,96.875,environment_latency_gap,low,标准拨测健康但真实调用延迟明显更高，差异更可能来自业务环境,暂不切换,检查请求长度、并发、区域网络和平台排队，不直接归因于模型
2026-05-14,Qwen3.6-35B-A3B,Qwen,82.6087,98.9583,16.3496,1590.5,705.0,2.256,81.3106,76.5062,-4.8044,58.6268,75.7939,82.6662,93.75,platform_or_traffic_issue,medium,真实调用下降但标准拨测正常，优先排查用户输入、网络和平台链路,暂不切换,检查网关、区域网络、队列和异常客户流量，再决定是否调整模型
2026-05-15,DeepSeek-V4,DeepSeek,96.7002,100.0,3.2998,8291.8,4679.75,1.7718,78.9903,79.6429,0.6526,72.4948,75.7939,85.7081,93.75,capability_or_probe_issue,medium,真实调用正常但标准任务下降，可能存在特定能力回退或拨测环境问题,谨慎降权,复跑失败任务并核对评测器；确认能力回退后限制相关场景流量
2026-05-15,Minimax-M2.5,MiniMax,96.4706,100.0,3.5294,2152.0,644.0,3.3416,84.0405,79.6594,-4.3811,56.0096,75.7939,88.4813,93.75,environment_latency_gap,low,标准拨测健康但真实调用延迟明显更高，差异更可能来自业务环境,暂不切换,检查请求长度、并发、区域网络和平台排队，不直接归因于模型
2026-05-15,Qwen3.6-35B-A3B,Qwen,91.6667,100.0,8.3333,1793.25,703.0,2.5509,81.2011,76.1147,-5.0864,40.504,66.9281,84.945,87.5,platform_or_traffic_issue,medium,真实调用下降但标准拨测正常，优先排查用户输入、网络和平台链路,暂不切换,检查网关、区域网络、队列和异常客户流量，再决定是否调整模型
2026-05-16,DeepSeek-V4,DeepSeek,96.391,100.0,3.609,8126.95,4741.25,1.7141,80.3467,78.1073,-2.2394,80.992,63.6908,86.3005,84.375,capability_or_probe_issue,medium,真实调用正常但标准任务下降，可能存在特定能力回退或拨测环境问题,谨慎降权,复跑失败任务并核对评测器；确认能力回退后限制相关场景流量
2026-05-16,Minimax-M2.5,MiniMax,94.3396,100.0,5.6604,2987.4,606.5,4.9256,73.5124,80.6942,7.1818,44.482,75.7939,81.5752,93.75,environment_latency_gap,low,标准拨测健康但真实调用延迟明显更高，差异更可能来自业务环境,暂不切换,检查请求长度、并发、区域网络和平台排队，不直接归因于模型
2026-05-16,Qwen3.6-35B-A3B,Qwen,100.0,100.0,0.0,1937.0,667.0,2.904,83.5231,79.369,-4.1541,87.34,75.7939,87.8359,93.75,environment_latency_gap,low,标准拨测健康但真实调用延迟明显更高，差异更可能来自业务环境,暂不切换,检查请求长度、并发、区域网络和平台排队，不直接归因于模型
2026-05-17,DeepSeek-V4,DeepSeek,96.1486,100.0,3.8514,8375.05,4709.75,1.7782,79.8778,80.1209,0.2431,84.2228,82.6007,86.0929,96.875,capability_or_probe_issue,medium,真实调用正常但标准任务下降，可能存在特定能力回退或拨测环境问题,谨慎降权,复跑失败任务并核对评测器；确认能力回退后限制相关场景流量
2026-05-17,Minimax-M2.5,MiniMax,95.2381,100.0,4.7619,2223.0,628.5,3.537,81.7094,80.4375,-1.2719,60.3024,75.7939,86.6644,93.75,environment_latency_gap,low,标准拨测健康但真实调用延迟明显更高，差异更可能来自业务环境,暂不切换,检查请求长度、并发、区域网络和平台排队，不直接归因于模型
2026-05-17,Qwen3.6-35B-A3B,Qwen,96.5517,100.0,3.4483,2087.6,649.25,3.2154,75.3001,79.0695,3.7694,51.3068,70.8519,84.4975,90.625,environment_latency_gap,low,标准拨测健康但真实调用延迟明显更高，差异更可能来自业务环境,暂不切换,检查请求长度、并发、区域网络和平台排队，不直接归因于模型
2026-05-18,DeepSeek-V4,DeepSeek,97.1915,100.0,2.8085,8348.0,4685.0,1.7819,79.5926,79.7072,0.1146,80.516,75.7939,86.209,93.75,capability_or_probe_issue,medium,真实调用正常但标准任务下降，可能存在特定能力回退或拨测环境问题,谨慎降权,复跑失败任务并核对评测器；确认能力回退后限制相关场景流量
2026-05-18,Minimax-M2.5,MiniMax,95.7627,100.0,4.2373,2327.5,610.0,3.8156,77.3214,80.3099,2.9885,28.824,70.8519,84.7413,90.625,environment_latency_gap,low,标准拨测健康但真实调用延迟明显更高，差异更可能来自业务环境,暂不切换,检查请求长度、并发、区域网络和平台排队，不直接归因于模型
2026-05-18,Qwen3.6-35B-A3B,Qwen,92.9825,100.0,7.0175,2091.2,663.75,3.1506,77.2625,80.076,2.8135,69.1764,82.6007,83.3838,96.875,platform_or_traffic_issue,medium,真实调用下降但标准拨测正常，优先排查用户输入、网络和平台链路,暂不切换,检查网关、区域网络、队列和异常客户流量，再决定是否调整模型
2026-05-19,DeepSeek-V4,DeepSeek,93.2342,100.0,6.7658,25570.0,4670.75,5.4745,19.4706,79.8249,60.3543,17.7296,75.7939,54.6876,93.75,model_side_degradation,high,真实调用与标准环境同步下降，模型服务或模型能力更可能异常,建议切换,降低当前模型路由权重，启用候选模型并复核供应商状态与能力维度
2026-05-19,Minimax-M2.5,MiniMax,96.7033,100.0,3.2967,2270.5,642.0,3.5366,79.584,80.0635,0.4795,65.3552,75.7939,85.6356,93.75,environment_latency_gap,low,标准拨测健康但真实调用延迟明显更高，差异更可能来自业务环境,暂不切换,检查请求长度、并发、区域网络和平台排队，不直接归因于模型
2026-05-19,Qwen3.6-35B-A3B,Qwen,94.1176,100.0,5.8824,2545.5,642.0,3.965,68.3629,81.49,13.1271,62.2956,82.6007,78.6055,96.875,platform_or_traffic_issue,medium,真实调用下降但标准拨测正常，优先排查用户输入、网络和平台链路,暂不切换,检查网关、区域网络、队列和异常客户流量，再决定是否调整模型
2026-05-20,DeepSeek-V4,DeepSeek,96.4052,98.9583,2.5531,8530.0,4725.0,1.8053,79.3758,78.8855,-0.4903,79.6256,70.8519,85.7184,90.625,capability_or_probe_issue,medium,真实调用正常但标准任务下降，可能存在特定能力回退或拨测环境问题,谨慎降权,复跑失败任务并核对评测器；确认能力回退后限制相关场景流量
2026-05-20,Minimax-M2.5,MiniMax,98.9474,100.0,1.0526,3900.3,626.0,6.2305,53.8996,80.4267,26.5271,68.44,82.6007,73.0055,96.875,platform_or_traffic_issue,medium,真实调用下降但标准拨测正常，优先排查用户输入、网络和平台链路,暂不切换,检查网关、区域网络、队列和异常客户流量，再决定是否调整模型
2026-05-20,Qwen3.6-35B-A3B,Qwen,89.7959,100.0,10.2041,2405.6,650.5,3.6981,70.475,81.9188,11.4438,38.4084,82.6007,77.4153,96.875,platform_or_traffic_issue,medium,真实调用下降但标准拨测正常，优先排查用户输入、网络和平台链路,暂不切换,检查网关、区域网络、队列和异常客户流量，再决定是否调整模型
2026-05-21,DeepSeek-V4,DeepSeek,96.7759,98.9583,2.1824,8441.25,4705.75,1.7938,79.6949,78.6591,-1.0358,81.0616,66.9281,86.2392,87.5,capability_or_probe_issue,medium,真实调用正常但标准任务下降，可能存在特定能力回退或拨测环境问题,谨慎降权,复跑失败任务并核对评测器；确认能力回退后限制相关场景流量
2026-05-21,Minimax-M2.5,MiniMax,91.25,100.0,8.75,2640.75,634.0,4.1652,73.2432,81.2201,7.9769,47.2804,100.0,81.0472,100.0,platform_or_traffic_issue,medium,真实调用下降但标准拨测正常，优先排查用户输入、网络和平台链路,暂不切换,检查网关、区域网络、队列和异常客户流量，再决定是否调整模型
2026-05-21,Qwen3.6-35B-A3B,Qwen,98.0,100.0,2.0,2122.9,676.75,3.1369,75.7383,79.874,4.1357,64.3468,75.7939,84.1878,93.75,environment_latency_gap,low,标准拨测健康但真实调用延迟明显更高，差异更可能来自业务环境,暂不切换,检查请求长度、并发、区域网络和平台排队，不直接归因于模型
2026-05-22,DeepSeek-V4,DeepSeek,95.1169,100.0,4.8831,8429.55,4714.5,1.788,79.1738,80.2151,1.0413,77.0296,82.6007,85.44,96.875,capability_or_probe_issue,medium,真实调用正常但标准任务下降，可能存在特定能力回退或拨测环境问题,谨慎降权,复跑失败任务并核对评测器；确认能力回退后限制相关场景流量
2026-05-22,Minimax-M2.5,MiniMax,97.1014,100.0,2.8986,4275.2,613.0,6.9742,51.142,79.9962,28.8542,77.5304,75.7939,71.6747,93.75,platform_or_traffic_issue,medium,真实调用下降但标准拨测正常，优先排查用户输入、网络和平台链路,暂不切换,检查网关、区域网络、队列和异常客户流量，再决定是否调整模型
2026-05-22,Qwen3.6-35B-A3B,Qwen,91.4286,100.0,8.5714,2877.9,653.0,4.4072,62.3825,81.7199,19.3374,37.5832,100.0,75.6839,100.0,platform_or_traffic_issue,medium,真实调用下降但标准拨测正常，优先排查用户输入、网络和平台链路,暂不切换,检查网关、区域网络、队列和异常客户流量，再决定是否调整模型
2026-05-23,DeepSeek-V4,DeepSeek,96.6443,100.0,3.3557,8652.6,4689.75,1.845,79.2243,79.7972,0.5729,81.144,75.7939,85.6248,93.75,capability_or_probe_issue,medium,真实调用正常但标准任务下降，可能存在特定能力回退或拨测环境问题,谨慎降权,复跑失败任务并核对评测器；确认能力回退后限制相关场景流量
2026-05-23,Minimax-M2.5,MiniMax,91.4894,100.0,8.5106,5228.0,616.25,8.4836,44.7189,79.2809,34.562,35.7812,82.6007,66.5824,96.875,platform_or_traffic_issue,medium,真实调用下降但标准拨测正常，优先排查用户输入、网络和平台链路,暂不切换,检查网关、区域网络、队列和异常客户流量，再决定是否调整模型
2026-05-23,Qwen3.6-35B-A3B,Qwen,93.1034,100.0,6.8966,1865.2,678.75,2.748,83.0012,78.5682,-4.433,61.3312,75.7939,87.4322,93.75,platform_or_traffic_issue,medium,真实调用下降但标准拨测正常，优先排查用户输入、网络和平台链路,暂不切换,检查网关、区域网络、队列和异常客户流量，再决定是否调整模型
2026-05-24,DeepSeek-V4,DeepSeek,96.8829,100.0,3.1171,8375.3,4709.25,1.7785,79.5494,79.6746,0.1252,79.94,75.7939,85.9977,93.75,capability_or_probe_issue,medium,真实调用正常但标准任务下降，可能存在特定能力回退或拨测环境问题,谨慎降权,复跑失败任务并核对评测器；确认能力回退后限制相关场景流量
2026-05-24,Minimax-M2.5,MiniMax,97.5,100.0,2.5,5175.85,628.0,8.2418,45.8634,79.5217,33.6583,64.2364,75.7939,68.3682,93.75,platform_or_traffic_issue,medium,真实调用下降但标准拨测正常，优先排查用户输入、网络和平台链路,暂不切换,检查网关、区域网络、队列和异常客户流量，再决定是否调整模型
2026-05-24,Qwen3.6-35B-A3B,Qwen,94.1176,98.9583,4.8407,2486.85,662.25,3.7552,71.4494,80.4628,9.0134,46.4152,82.6007,81.3304,96.875,environment_latency_gap,low,标准拨测健康但真实调用延迟明显更高，差异更可能来自业务环境,暂不切换,检查请求长度、并发、区域网络和平台排队，不直接归因于模型
2026-05-25,DeepSeek-V4,DeepSeek,95.5742,100.0,4.4258,8647.45,4663.0,1.8545,78.8187,79.35,0.5313,77.4932,70.8519,85.1932,90.625,capability_or_probe_issue,medium,真实调用正常但标准任务下降，可能存在特定能力回退或拨测环境问题,谨慎降权,复跑失败任务并核对评测器；确认能力回退后限制相关场景流量
2026-05-25,Minimax-M2.5,MiniMax,95.5882,100.0,4.4118,3739.85,619.0,6.0418,77.741,82.5269,4.7859,72.0796,100.0,84.2308,100.0,environment_latency_gap,low,标准拨测健康但真实调用延迟明显更高，差异更可能来自业务环境,暂不切换,检查请求长度、并发、区域网络和平台排队，不直接归因于模型
2026-05-25,Qwen3.6-35B-A3B,Qwen,87.0968,100.0,12.9032,2291.5,642.75,3.5651,78.8856,80.593,1.7074,45.348,82.6007,83.8827,96.875,platform_or_traffic_issue,medium,真实调用下降但标准拨测正常，优先排查用户输入、网络和平台链路,暂不切换,检查网关、区域网络、队列和异常客户流量，再决定是否调整模型
2026-05-26,DeepSeek-V4,DeepSeek,96.4118,100.0,3.5882,8720.95,4685.25,1.8614,78.6341,79.0948,0.4607,75.962,70.8519,85.3625,90.625,capability_or_probe_issue,medium,真实调用正常但标准任务下降，可能存在特定能力回退或拨测环境问题,谨慎降权,复跑失败任务并核对评测器；确认能力回退后限制相关场景流量
2026-05-26,Minimax-M2.5,MiniMax,98.5714,100.0,1.4286,2501.05,688.0,3.6352,94.4572,77.3808,-17.0764,79.5996,75.7939,94.042,93.75,environment_latency_gap,low,标准拨测健康但真实调用延迟明显更高，差异更可能来自业务环境,暂不切换,检查请求长度、并发、区域网络和平台排队，不直接归因于模型
2026-05-26,Qwen3.6-35B-A3B,Qwen,100.0,100.0,0.0,2771.0,636.75,4.3518,72.4252,79.0691,6.6439,72.616,63.6908,82.6179,84.375,environment_latency_gap,low,标准拨测健康但真实调用延迟明显更高，差异更可能来自业务环境,暂不切换,检查请求长度、并发、区域网络和平台排队，不直接归因于模型
2026-05-27,DeepSeek-V4,DeepSeek,94.8256,100.0,5.1744,8923.7,4681.0,1.9064,77.768,79.4374,1.6694,74.654,75.7939,84.4292,93.75,capability_or_probe_issue,medium,真实调用正常但标准任务下降，可能存在特定能力回退或拨测环境问题,谨慎降权,复跑失败任务并核对评测器；确认能力回退后限制相关场景流量
2026-05-27,Minimax-M2.5,MiniMax,91.1765,100.0,8.8235,2351.2,687.75,3.4187,92.7066,77.691,-15.0156,56.1896,82.6007,91.0444,96.875,platform_or_traffic_issue,medium,真实调用下降但标准拨测正常，优先排查用户输入、网络和平台链路,暂不切换,检查网关、区域网络、队列和异常客户流量，再决定是否调整模型
2026-05-27,Qwen3.6-35B-A3B,Qwen,96.2264,100.0,3.7736,2788.6,670.0,4.1621,71.9896,80.85,8.8604,60.5828,100.0,81.6104,100.0,environment_latency_gap,low,标准拨测健康但真实调用延迟明显更高，差异更可能来自业务环境,暂不切换,检查请求长度、并发、区域网络和平台排队，不直接归因于模型
2026-05-28,DeepSeek-V4,DeepSeek,96.4186,100.0,3.5814,8708.4,4653.25,1.8715,79.4472,79.31,-0.1372,81.4832,70.8519,85.8589,90.625,capability_or_probe_issue,medium,真实调用正常但标准任务下降，可能存在特定能力回退或拨测环境问题,谨慎降权,复跑失败任务并核对评测器；确认能力回退后限制相关场景流量
2026-05-28,Minimax-M2.5,MiniMax,93.2432,100.0,6.7568,2618.35,656.75,3.9868,90.5255,79.1791,-11.3464,65.0244,75.7939,89.8411,93.75,platform_or_traffic_issue,medium,真实调用下降但标准拨测正常，优先排查用户输入、网络和平台链路,暂不切换,检查网关、区域网络、队列和异常客户流量，再决定是否调整模型
2026-05-28,Qwen3.6-35B-A3B,Qwen,92.6829,100.0,7.3171,2464.0,647.75,3.8039,75.2763,82.8775,7.6012,44.0764,100.0,82.357,100.0,platform_or_traffic_issue,medium,真实调用下降但标准拨测正常，优先排查用户输入、网络和平台链路,暂不切换,检查网关、区域网络、队列和异常客户流量，再决定是否调整模型
2026-05-29,DeepSeek-V4,DeepSeek,95.9402,98.9583,3.0181,9219.85,4658.0,1.9794,78.4635,78.8714,0.4079,82.248,66.9281,85.087,87.5,capability_or_probe_issue,medium,真实调用正常但标准任务下降，可能存在特定能力回退或拨测环境问题,谨慎降权,复跑失败任务并核对评测器；确认能力回退后限制相关场景流量
2026-05-29,Minimax-M2.5,MiniMax,95.3846,100.0,4.6154,2767.8,669.25,4.1357,84.3705,79.6649,-4.7056,30.42,82.6007,87.2401,96.875,environment_latency_gap,low,标准拨测健康但真实调用延迟明显更高，差异更可能来自业务环境,暂不切换,检查请求长度、并发、区域网络和平台排队，不直接归因于模型
2026-05-29,Qwen3.6-35B-A3B,Qwen,88.2353,100.0,11.7647,2483.0,656.75,3.7807,77.9499,78.7543,0.8044,58.2484,75.7939,81.6426,93.75,platform_or_traffic_issue,medium,真实调用下降但标准拨测正常，优先排查用户输入、网络和平台链路,暂不切换,检查网关、区域网络、队列和异常客户流量，再决定是否调整模型
2026-05-30,DeepSeek-V4,DeepSeek,95.2458,98.9583,3.7125,9259.0,4728.0,1.9583,77.6395,79.354,1.7145,74.5124,75.7939,84.2682,93.75,capability_or_probe_issue,medium,真实调用正常但标准任务下降，可能存在特定能力回退或拨测环境问题,谨慎降权,复跑失败任务并核对评测器；确认能力回退后限制相关场景流量
2026-05-30,Minimax-M2.5,MiniMax,93.8776,100.0,6.1224,3089.0,642.0,4.8115,77.6728,80.4285,2.7557,65.5392,82.6007,83.2115,96.875,platform_or_traffic_issue,medium,真实调用下降但标准拨测正常，优先排查用户输入、网络和平台链路,暂不切换,检查网关、区域网络、队列和异常客户流量，再决定是否调整模型
2026-05-30,Qwen3.6-35B-A3B,Qwen,85.0,100.0,15.0,3178.2,626.75,5.0709,68.4876,81.2291,12.7415,33.636,75.7939,76.5127,93.75,platform_or_traffic_issue,medium,真实调用下降但标准拨测正常，优先排查用户输入、网络和平台链路,暂不切换,检查网关、区域网络、队列和异常客户流量，再决定是否调整模型
2026-05-31,DeepSeek-V4,DeepSeek,94.9057,100.0,5.0943,9067.35,4682.25,1.9365,78.0613,78.4819,0.4206,70.2072,66.9281,84.5639,87.5,capability_or_probe_issue,medium,真实调用正常但标准任务下降，可能存在特定能力回退或拨测环境问题,谨慎降权,复跑失败任务并核对评测器；确认能力回退后限制相关场景流量
2026-05-31,Minimax-M2.5,MiniMax,95.9184,100.0,4.0816,2642.6,612.5,4.3144,83.1584,81.9324,-1.226,84.6468,75.7939,88.5442,93.75,environment_latency_gap,low,标准拨测健康但真实调用延迟明显更高，差异更可能来自业务环境,暂不切换,检查请求长度、并发、区域网络和平台排队，不直接归因于模型
2026-05-31,Qwen3.6-35B-A3B,Qwen,85.2941,100.0,14.7059,2284.2,649.0,3.5196,78.2774,79.3208,1.0434,47.15,66.9281,82.6685,87.5,platform_or_traffic_issue,medium,真实调用下降但标准拨测正常，优先排查用户输入、网络和平台链路,暂不切换,检查网关、区域网络、队列和异常客户流量，再决定是否调整模型
2026-06-01,DeepSeek-V4,DeepSeek,95.5654,100.0,4.4346,9466.95,4704.5,2.0123,78.3589,81.8725,3.5136,79.6724,100.0,85.0666,100.0,capability_or_probe_issue,medium,真实调用正常但标准任务下降，可能存在特定能力回退或拨测环境问题,谨慎降权,复跑失败任务并核对评测器；确认能力回退后限制相关场景流量
2026-06-01,Minimax-M2.5,MiniMax,94.5205,100.0,5.4795,2653.2,622.75,4.2605,77.7334,80.7632,3.0298,59.3676,82.6007,84.9097,96.875,environment_latency_gap,low,标准拨测健康但真实调用延迟明显更高，差异更可能来自业务环境,暂不切换,检查请求长度、并发、区域网络和平台排队，不直接归因于模型
2026-06-01,Qwen3.6-35B-A3B,Qwen,90.2439,100.0,9.7561,3040.0,671.75,4.5255,73.1988,78.5471,5.3483,58.7164,75.7939,80.3845,93.75,platform_or_traffic_issue,medium,真实调用下降但标准拨测正常，优先排查用户输入、网络和平台链路,暂不切换,检查网关、区域网络、队列和异常客户流量，再决定是否调整模型
2026-06-02,DeepSeek-V4,DeepSeek,95.2355,100.0,4.7645,9045.4,4687.0,1.9299,78.9241,79.4759,0.5518,74.0016,75.7939,85.3361,93.75,capability_or_probe_issue,medium,真实调用正常但标准任务下降，可能存在特定能力回退或拨测环境问题,谨慎降权,复跑失败任务并核对评测器；确认能力回退后限制相关场景流量
2026-06-02,Minimax-M2.5,MiniMax,94.3662,100.0,5.6338,3069.5,639.0,4.8036,71.3945,80.5757,9.1812,47.0092,82.6007,81.8719,96.875,environment_latency_gap,low,标准拨测健康但真实调用延迟明显更高，差异更可能来自业务环境,暂不切换,检查请求长度、并发、区域网络和平台排队，不直接归因于模型
2026-06-02,Qwen3.6-35B-A3B,Qwen,90.2439,100.0,9.7561,3385.0,638.5,5.3015,69.0279,80.0454,11.0175,30.984,75.7939,78.3585,93.75,platform_or_traffic_issue,medium,真实调用下降但标准拨测正常，优先排查用户输入、网络和平台链路,暂不切换,检查网关、区域网络、队列和异常客户流量，再决定是否调整模型
2026-06-03,DeepSeek-V4,DeepSeek,96.4019,100.0,3.5981,9424.0,4711.25,2.0003,79.0105,80.1534,1.1429,80.3292,82.6007,85.6615,96.875,capability_or_probe_issue,medium,真实调用正常但标准任务下降，可能存在特定能力回退或拨测环境问题,谨慎降权,复跑失败任务并核对评测器；确认能力回退后限制相关场景流量
2026-06-03,Minimax-M2.5,MiniMax,95.0617,100.0,4.9383,2742.0,593.0,4.6239,74.943,82.0988,7.1558,44.1004,82.6007,82.0861,96.875,environment_latency_gap,low,标准拨测健康但真实调用延迟明显更高，差异更可能来自业务环境,暂不切换,检查请求长度、并发、区域网络和平台排队，不直接归因于模型
2026-06-03,Qwen3.6-35B-A3B,Qwen,80.7692,100.0,19.2308,3158.75,635.25,4.9725,69.3831,79.1342,9.7511,29.7208,70.8519,76.9481,90.625,platform_or_traffic_issue,medium,真实调用下降但标准拨测正常，优先排查用户输入、网络和平台链路,暂不切换,检查网关、区域网络、队列和异常客户流量，再决定是否调整模型
2026-06-04,DeepSeek-V4,DeepSeek,95.5801,100.0,4.4199,9584.85,4705.25,2.0371,78.1057,79.1311,1.0254,72.6396,70.8519,84.7631,90.625,capability_or_probe_issue,medium,真实调用正常但标准任务下降，可能存在特定能力回退或拨测环境问题,谨慎降权,复跑失败任务并核对评测器；确认能力回退后限制相关场景流量
2026-06-04,Minimax-M2.5,MiniMax,96.9231,100.0,3.0769,3858.4,628.75,6.1366,70.4612,79.8179,9.3567,66.008,70.8519,81.5719,90.625,environment_latency_gap,low,标准拨测健康但真实调用延迟明显更高，差异更可能来自业务环境,暂不切换,检查请求长度、并发、区域网络和平台排队，不直接归因于模型
2026-06-04,Qwen3.6-35B-A3B,Qwen,90.0,100.0,10.0,2105.3,654.25,3.2179,84.6911,81.2321,-3.459,43.76,100.0,86.4217,100.0,platform_or_traffic_issue,medium,真实调用下降但标准拨测正常，优先排查用户输入、网络和平台链路,暂不切换,检查网关、区域网络、队列和异常客户流量，再决定是否调整模型
2026-06-05,DeepSeek-V4,DeepSeek,94.9022,100.0,5.0978,9198.7,4709.75,1.9531,80.0233,80.2909,0.2676,81.376,82.6007,85.7141,96.875,capability_or_probe_issue,medium,真实调用正常但标准任务下降，可能存在特定能力回退或拨测环境问题,谨慎降权,复跑失败任务并核对评测器；确认能力回退后限制相关场景流量
2026-06-05,Minimax-M2.5,MiniMax,93.5065,100.0,6.4935,2617.0,657.25,3.9817,81.1797,81.7447,0.565,77.0372,100.0,85.7342,100.0,platform_or_traffic_issue,medium,真实调用下降但标准拨测正常，优先排查用户输入、网络和平台链路,暂不切换,检查网关、区域网络、队列和异常客户流量，再决定是否调整模型
2026-06-05,Qwen3.6-35B-A3B,Qwen,90.2439,100.0,9.7561,2214.0,683.5,3.2392,83.3791,78.9745,-4.4046,53.6796,82.6007,85.2545,96.875,platform_or_traffic_issue,medium,真实调用下降但标准拨测正常，优先排查用户输入、网络和平台链路,暂不切换,检查网关、区域网络、队列和异常客户流量，再决定是否调整模型
2026-06-06,DeepSeek-V4,DeepSeek,95.8379,100.0,4.1621,9726.2,4670.0,2.0827,78.0546,80.6072,2.5526,70.4816,82.6007,84.9539,96.875,capability_or_probe_issue,medium,真实调用正常但标准任务下降，可能存在特定能力回退或拨测环境问题,谨慎降权,复跑失败任务并核对评测器；确认能力回退后限制相关场景流量
2026-06-06,Minimax-M2.5,MiniMax,90.0,100.0,10.0,2093.65,676.5,3.0948,84.9655,80.2266,-4.7389,53.6588,100.0,83.5407,100.0,platform_or_traffic_issue,medium,真实调用下降但标准拨测正常，优先排查用户输入、网络和平台链路,暂不切换,检查网关、区域网络、队列和异常客户流量，再决定是否调整模型
2026-06-06,Qwen3.6-35B-A3B,Qwen,84.6154,100.0,15.3846,2587.2,658.75,3.9274,81.1767,79.9385,-1.2382,40.476,82.6007,84.1274,96.875,platform_or_traffic_issue,medium,真实调用下降但标准拨测正常，优先排查用户输入、网络和平台链路,暂不切换,检查网关、区域网络、队列和异常客户流量，再决定是否调整模型
2026-06-07,DeepSeek-V4,DeepSeek,94.9327,100.0,5.0673,9142.1,4691.25,1.9488,80.2609,79.1661,-1.0948,76.516,70.8519,85.8557,90.625,capability_or_probe_issue,medium,真实调用正常但标准任务下降，可能存在特定能力回退或拨测环境问题,谨慎降权,复跑失败任务并核对评测器；确认能力回退后限制相关场景流量
2026-06-07,Minimax-M2.5,MiniMax,94.6429,98.9583,4.3154,2524.0,599.75,4.2084,80.7361,80.0393,-0.6968,65.788,75.7939,85.0744,93.75,environment_latency_gap,low,标准拨测健康但真实调用延迟明显更高，差异更可能来自业务环境,暂不切换,检查请求长度、并发、区域网络和平台排队，不直接归因于模型
2026-06-07,Qwen3.6-35B-A3B,Qwen,100.0,100.0,0.0,3010.25,683.75,4.4026,72.6016,77.0985,4.4969,68.836,75.7939,83.9805,93.75,environment_latency_gap,low,标准拨测健康但真实调用延迟明显更高，差异更可能来自业务环境,暂不切换,检查请求长度、并发、区域网络和平台排队，不直接归因于模型
2026-06-08,DeepSeek-V4,DeepSeek,96.5434,100.0,3.4566,9372.2,4684.5,2.0007,80.4457,82.1778,1.7321,81.2444,100.0,86.3006,100.0,capability_or_probe_issue,medium,真实调用正常但标准任务下降，可能存在特定能力回退或拨测环境问题,谨慎降权,复跑失败任务并核对评测器；确认能力回退后限制相关场景流量
2026-06-08,Minimax-M2.5,MiniMax,97.3333,100.0,2.6667,3362.4,624.25,5.3863,70.6311,80.703,10.0719,54.4948,82.6007,81.7918,96.875,environment_latency_gap,low,标准拨测健康但真实调用延迟明显更高，差异更可能来自业务环境,暂不切换,检查请求长度、并发、区域网络和平台排队，不直接归因于模型
2026-06-08,Qwen3.6-35B-A3B,Qwen,91.6667,98.9583,7.2916,2796.25,623.0,4.4884,77.9144,81.2881,3.3737,49.7032,75.7939,83.011,93.75,platform_or_traffic_issue,medium,真实调用下降但标准拨测正常，优先排查用户输入、网络和平台链路,暂不切换,检查网关、区域网络、队列和异常客户流量，再决定是否调整模型
2026-06-09,DeepSeek-V4,DeepSeek,96.2718,100.0,3.7282,9288.2,4683.25,1.9833,79.904,82.033,2.129,73.91,100.0,85.7378,100.0,capability_or_probe_issue,medium,真实调用正常但标准任务下降，可能存在特定能力回退或拨测环境问题,谨慎降权,复跑失败任务并核对评测器；确认能力回退后限制相关场景流量
2026-06-09,Minimax-M2.5,MiniMax,98.5294,100.0,1.4706,2764.8,651.0,4.247,81.5344,78.5667,-2.9677,78.37,70.8519,87.7419,90.625,environment_latency_gap,low,标准拨测健康但真实调用延迟明显更高，差异更可能来自业务环境,暂不切换,检查请求长度、并发、区域网络和平台排队，不直接归因于模型
2026-06-09,Qwen3.6-35B-A3B,Qwen,97.5,100.0,2.5,2731.65,614.5,4.4453,75.9307,79.8524,3.9217,56.9468,70.8519,85.1778,90.625,environment_latency_gap,low,标准拨测健康但真实调用延迟明显更高，差异更可能来自业务环境,暂不切换,检查请求长度、并发、区域网络和平台排队，不直接归因于模型
2026-06-10,DeepSeek-V4,DeepSeek,95.959,100.0,4.041,9121.3,4679.25,1.9493,80.8996,80.3535,-0.5461,82.0932,82.6007,86.2848,96.875,capability_or_probe_issue,medium,真实调用正常但标准任务下降，可能存在特定能力回退或拨测环境问题,谨慎降权,复跑失败任务并核对评测器；确认能力回退后限制相关场景流量
2026-06-10,Minimax-M2.5,MiniMax,90.8046,100.0,9.1954,2870.8,672.5,4.2688,76.1315,78.1666,2.0351,40.8384,82.6007,81.1161,96.875,platform_or_traffic_issue,medium,真实调用下降但标准拨测正常，优先排查用户输入、网络和平台链路,暂不切换,检查网关、区域网络、队列和异常客户流量，再决定是否调整模型
2026-06-10,Qwen3.6-35B-A3B,Qwen,84.8485,100.0,15.1515,2865.0,710.0,4.0352,77.3559,76.4955,-0.8604,51.228,70.8519,79.6826,90.625,platform_or_traffic_issue,medium,真实调用下降但标准拨测正常，优先排查用户输入、网络和平台链路,暂不切换,检查网关、区域网络、队列和异常客户流量，再决定是否调整模型
2026-06-11,DeepSeek-V4,DeepSeek,95.2924,100.0,4.7076,9051.9,4693.0,1.9288,81.0293,81.9319,0.9026,82.8864,100.0,86.0939,100.0,capability_or_probe_issue,medium,真实调用正常但标准任务下降，可能存在特定能力回退或拨测环境问题,谨慎降权,复跑失败任务并核对评测器；确认能力回退后限制相关场景流量
2026-06-11,Minimax-M2.5,MiniMax,98.3193,100.0,1.6807,2546.6,589.5,4.3199,79.2615,84.386,5.1245,58.8356,100.0,86.5178,100.0,environment_latency_gap,low,标准拨测健康但真实调用延迟明显更高，差异更可能来自业务环境,暂不切换,检查请求长度、并发、区域网络和平台排队，不直接归因于模型
2026-06-11,Qwen3.6-35B-A3B,Qwen,91.2281,100.0,8.7719,2781.6,633.5,4.3908,73.8076,79.9581,6.1505,43.5008,75.7939,81.3286,93.75,platform_or_traffic_issue,medium,真实调用下降但标准拨测正常，优先排查用户输入、网络和平台链路,暂不切换,检查网关、区域网络、队列和异常客户流量，再决定是否调整模型
2026-06-12,DeepSeek-V4,DeepSeek,96.0907,100.0,3.9093,9064.3,4719.5,1.9206,80.3291,78.8878,-1.4413,78.4132,70.8519,86.0436,90.625,capability_or_probe_issue,medium,真实调用正常但标准任务下降，可能存在特定能力回退或拨测环境问题,谨慎降权,复跑失败任务并核对评测器；确认能力回退后限制相关场景流量
2026-06-12,Minimax-M2.5,MiniMax,98.3333,98.9583,0.625,2387.6,637.5,3.7453,82.9005,80.5884,-2.3121,69.7112,82.6007,88.3028,96.875,environment_latency_gap,low,标准拨测健康但真实调用延迟明显更高，差异更可能来自业务环境,暂不切换,检查请求长度、并发、区域网络和平台排队，不直接归因于模型
2026-06-12,Qwen3.6-35B-A3B,Qwen,93.4783,100.0,6.5217,4204.5,642.0,6.5491,60.5909,80.0085,19.4176,53.4264,75.7939,75.2241,93.75,platform_or_traffic_issue,medium,真实调用下降但标准拨测正常，优先排查用户输入、网络和平台链路,暂不切换,检查网关、区域网络、队列和异常客户流量，再决定是否调整模型
2026-06-13,DeepSeek-V4,DeepSeek,96.6704,100.0,3.3296,9097.5,4701.0,1.9352,80.7347,80.1553,-0.5794,83.4504,82.6007,86.6916,96.875,capability_or_probe_issue,medium,真实调用正常但标准任务下降，可能存在特定能力回退或拨测环境问题,谨慎降权,复跑失败任务并核对评测器；确认能力回退后限制相关场景流量
2026-06-13,Minimax-M2.5,MiniMax,97.4359,100.0,2.5641,2664.05,644.0,4.1367,72.8138,79.5631,6.7493,53.0568,82.6007,82.239,96.875,environment_latency_gap,low,标准拨测健康但真实调用延迟明显更高，差异更可能来自业务环境,暂不切换,检查请求长度、并发、区域网络和平台排队，不直接归因于模型
2026-06-13,Qwen3.6-35B-A3B,Qwen,100.0,100.0,0.0,4792.4,676.25,7.0867,59.8063,77.5203,17.714,94.828,75.7939,76.9305,93.75,platform_or_traffic_issue,medium,真实调用下降但标准拨测正常，优先排查用户输入、网络和平台链路,暂不切换,检查网关、区域网络、队列和异常客户流量，再决定是否调整模型
2026-06-14,DeepSeek-V4,DeepSeek,96.6434,100.0,3.3566,9025.7,4701.5,1.9197,80.6842,80.1118,-0.5724,81.8832,82.6007,86.5938,96.875,capability_or_probe_issue,medium,真实调用正常但标准任务下降，可能存在特定能力回退或拨测环境问题,谨慎降权,复跑失败任务并核对评测器；确认能力回退后限制相关场景流量
2026-06-14,Minimax-M2.5,MiniMax,98.5294,100.0,1.4706,2780.75,630.5,4.4104,79.2469,82.5685,3.3216,74.386,100.0,86.2278,100.0,environment_latency_gap,low,标准拨测健康但真实调用延迟明显更高，差异更可能来自业务环境,暂不切换,检查请求长度、并发、区域网络和平台排队，不直接归因于模型
2026-06-14,Qwen3.6-35B-A3B,Qwen,100.0,100.0,0.0,2759.5,631.25,4.3715,80.5609,82.9108,2.3499,61.732,100.0,87.1307,100.0,environment_latency_gap,low,标准拨测健康但真实调用延迟明显更高，差异更可能来自业务环境,暂不切换,检查请求长度、并发、区域网络和平台排队，不直接归因于模型
2026-06-15,DeepSeek-V4,DeepSeek,96.3861,100.0,3.6139,8797.75,4719.75,1.864,81.3551,80.0101,-1.345,81.032,82.6007,86.6434,96.875,capability_or_probe_issue,medium,真实调用正常但标准任务下降，可能存在特定能力回退或拨测环境问题,谨慎降权,复跑失败任务并核对评测器；确认能力回退后限制相关场景流量
2026-06-15,Minimax-M2.5,MiniMax,97.2973,100.0,2.7027,2129.5,604.0,3.5257,84.0824,82.0414,-2.041,68.4804,82.6007,88.0535,96.875,environment_latency_gap,low,标准拨测健康但真实调用延迟明显更高，差异更可能来自业务环境,暂不切换,检查请求长度、并发、区域网络和平台排队，不直接归因于模型
2026-06-15,Qwen3.6-35B-A3B,Qwen,83.9286,100.0,16.0714,2440.75,674.5,3.6186,83.0413,77.2111,-5.8302,45.1452,66.9281,83.6006,87.5,platform_or_traffic_issue,medium,真实调用下降但标准拨测正常，优先排查用户输入、网络和平台链路,暂不切换,检查网关、区域网络、队列和异常客户流量，再决定是否调整模型
2026-06-16,DeepSeek-V4,DeepSeek,95.716,100.0,4.284,8837.9,4674.0,1.8909,80.7012,79.7974,-0.9038,77.7416,75.7939,84.0165,93.75,capability_or_probe_issue,medium,真实调用正常但标准任务下降，可能存在特定能力回退或拨测环境问题,谨慎降权,复跑失败任务并核对评测器；确认能力回退后限制相关场景流量
2026-06-16,Minimax-M2.5,MiniMax,94.1176,100.0,5.8824,2311.55,666.5,3.4682,84.9256,80.8471,-4.0785,79.0452,100.0,87.3856,100.0,environment_latency_gap,low,标准拨测健康但真实调用延迟明显更高，差异更可能来自业务环境,暂不切换,检查请求长度、并发、区域网络和平台排队，不直接归因于模型
2026-06-16,Qwen3.6-35B-A3B,Qwen,88.0952,100.0,11.9048,2659.05,663.25,4.0091,76.6191,78.6765,2.0574,31.0616,70.8519,80.1237,90.625,platform_or_traffic_issue,medium,真实调用下降但标准拨测正常，优先排查用户输入、网络和平台链路,暂不切换,检查网关、区域网络、队列和异常客户流量，再决定是否调整模型
2026-06-17,DeepSeek-V4,DeepSeek,96.5498,100.0,3.4502,8972.15,4681.75,1.9164,80.9097,79.7321,-1.1776,80.9608,75.7939,86.7524,93.75,capability_or_probe_issue,medium,真实调用正常但标准任务下降，可能存在特定能力回退或拨测环境问题,谨慎降权,复跑失败任务并核对评测器；确认能力回退后限制相关场景流量
2026-06-17,Minimax-M2.5,MiniMax,97.7273,100.0,2.2727,2432.75,631.75,3.8508,81.4924,82.1286,0.6362,65.296,100.0,88.5067,100.0,environment_latency_gap,low,标准拨测健康但真实调用延迟明显更高，差异更可能来自业务环境,暂不切换,检查请求长度、并发、区域网络和平台排队，不直接归因于模型
2026-06-17,Qwen3.6-35B-A3B,Qwen,86.4865,100.0,13.5135,2269.8,670.75,3.384,83.3013,80.2653,-3.036,40.284,82.6007,84.597,96.875,platform_or_traffic_issue,medium,真实调用下降但标准拨测正常，优先排查用户输入、网络和平台链路,暂不切换,检查网关、区域网络、队列和异常客户流量，再决定是否调整模型
2026-06-18,DeepSeek-V4,DeepSeek,95.7887,100.0,4.2113,8596.0,4760.5,1.8057,81.1272,78.6974,-2.4298,76.8716,70.8519,86.6946,90.625,capability_or_probe_issue,medium,真实调用正常但标准任务下降，可能存在特定能力回退或拨测环境问题,谨慎降权,复跑失败任务并核对评测器；确认能力回退后限制相关场景流量
2026-06-18,Minimax-M2.5,MiniMax,96.4286,100.0,3.5714,2352.25,600.5,3.9172,79.6077,82.2858,2.6781,60.426,100.0,86.6499,100.0,environment_latency_gap,low,标准拨测健康但真实调用延迟明显更高，差异更可能来自业务环境,暂不切换,检查请求长度、并发、区域网络和平台排队，不直接归因于模型
2026-06-18,Qwen3.6-35B-A3B,Qwen,100.0,100.0,0.0,2394.2,677.0,3.5365,86.1982,81.4555,-4.7427,89.872,100.0,90.7017,100.0,environment_latency_gap,low,标准拨测健康但真实调用延迟明显更高，差异更可能来自业务环境,暂不切换,检查请求长度、并发、区域网络和平台排队，不直接归因于模型
2026-06-19,DeepSeek-V4,DeepSeek,96.64,100.0,3.36,8749.9,4688.0,1.8664,81.3803,80.3211,-1.0592,82.0404,82.6007,86.7889,96.875,capability_or_probe_issue,medium,真实调用正常但标准任务下降，可能存在特定能力回退或拨测环境问题,谨慎降权,复跑失败任务并核对评测器；确认能力回退后限制相关场景流量
2026-06-19,Minimax-M2.5,MiniMax,93.9759,100.0,6.0241,2201.6,628.5,3.5029,81.4264,81.5032,0.0768,58.2456,100.0,85.4414,100.0,platform_or_traffic_issue,medium,真实调用下降但标准拨测正常，优先排查用户输入、网络和平台链路,暂不切换,检查网关、区域网络、队列和异常客户流量，再决定是否调整模型
2026-06-19,Qwen3.6-35B-A3B,Qwen,87.5,100.0,12.5,2903.75,660.0,4.3996,73.3697,80.3381,6.9684,42.3708,75.7939,79.7626,93.75,platform_or_traffic_issue,medium,真实调用下降但标准拨测正常，优先排查用户输入、网络和平台链路,暂不切换,检查网关、区域网络、队列和异常客户流量，再决定是否调整模型
2026-06-20,DeepSeek-V4,DeepSeek,96.732,100.0,3.268,8587.4,4718.25,1.82,81.0449,80.1096,-0.9353,80.0184,82.6007,86.8408,96.875,capability_or_probe_issue,medium,真实调用正常但标准任务下降，可能存在特定能力回退或拨测环境问题,谨慎降权,复跑失败任务并核对评测器；确认能力回退后限制相关场景流量
2026-06-20,Minimax-M2.5,MiniMax,100.0,100.0,0.0,2240.0,630.5,3.5527,81.0757,82.0809,1.0052,72.064,100.0,88.3577,100.0,environment_latency_gap,low,标准拨测健康但真实调用延迟明显更高，差异更可能来自业务环境,暂不切换,检查请求长度、并发、区域网络和平台排队，不直接归因于模型
2026-06-20,Qwen3.6-35B-A3B,Qwen,93.75,100.0,6.25,2519.85,679.25,3.7098,78.1848,78.4494,0.2646,51.048,70.8519,83.8431,90.625,platform_or_traffic_issue,medium,真实调用下降但标准拨测正常，优先排查用户输入、网络和平台链路,暂不切换,检查网关、区域网络、队列和异常客户流量，再决定是否调整模型
2026-06-21,DeepSeek-V4,DeepSeek,97.2175,100.0,2.7825,8600.25,4698.75,1.8303,81.0083,79.6727,-1.3356,79.7148,75.7939,86.7102,93.75,capability_or_probe_issue,medium,真实调用正常但标准任务下降，可能存在特定能力回退或拨测环境问题,谨慎降权,复跑失败任务并核对评测器；确认能力回退后限制相关场景流量
2026-06-21,Minimax-M2.5,MiniMax,98.0392,100.0,1.9608,2295.0,611.75,3.7515,80.9169,80.1324,-0.7845,70.5844,82.6007,87.0659,96.875,environment_latency_gap,low,标准拨测健康但真实调用延迟明显更高，差异更可能来自业务环境,暂不切换,检查请求长度、并发、区域网络和平台排队，不直接归因于模型
2026-06-21,Qwen3.6-35B-A3B,Qwen,93.75,100.0,6.25,3180.7,642.25,4.9524,67.6147,79.7205,12.1058,63.076,63.6908,78.5262,84.375,platform_or_traffic_issue,medium,真实调用下降但标准拨测正常，优先排查用户输入、网络和平台链路,暂不切换,检查网关、区域网络、队列和异常客户流量，再决定是否调整模型
2026-06-22,DeepSeek-V4,DeepSeek,95.8683,100.0,4.1317,8447.6,4707.5,1.7945,81.1367,79.5979,-1.5388,79.6672,75.7939,86.2109,93.75,capability_or_probe_issue,medium,真实调用正常但标准任务下降，可能存在特定能力回退或拨测环境问题,谨慎降权,复跑失败任务并核对评测器；确认能力回退后限制相关场景流量
2026-06-22,Minimax-M2.5,MiniMax,97.5,100.0,2.5,2019.85,627.25,3.2202,77.5161,79.5272,2.0111,22.968,75.7939,85.5301,93.75,environment_latency_gap,low,标准拨测健康但真实调用延迟明显更高，差异更可能来自业务环境,暂不切换,检查请求长度、并发、区域网络和平台排队，不直接归因于模型
2026-06-22,Qwen3.6-35B-A3B,Qwen,93.75,100.0,6.25,2301.55,683.5,3.3673,76.5374,77.9972,1.4598,51.728,63.6908,83.9192,84.375,platform_or_traffic_issue,medium,真实调用下降但标准拨测正常，优先排查用户输入、网络和平台链路,暂不切换,检查网关、区域网络、队列和异常客户流量，再决定是否调整模型
2026-06-23,DeepSeek-V4,DeepSeek,96.8593,100.0,3.1407,8352.3,4696.0,1.7786,80.8865,79.6901,-1.1964,78.3616,75.7939,86.6058,93.75,capability_or_probe_issue,medium,真实调用正常但标准任务下降，可能存在特定能力回退或拨测环境问题,谨慎降权,复跑失败任务并核对评测器；确认能力回退后限制相关场景流量
2026-06-23,Minimax-M2.5,MiniMax,98.4375,100.0,1.5625,1790.05,593.25,3.0174,86.1315,81.2806,-4.8509,78.6844,75.7939,90.1559,93.75,environment_latency_gap,low,标准拨测健康但真实调用延迟明显更高，差异更可能来自业务环境,暂不切换,检查请求长度、并发、区域网络和平台排队，不直接归因于模型
2026-06-23,Qwen3.6-35B-A3B,Qwen,88.8889,100.0,11.1111,3088.5,672.25,4.5943,65.6757,80.4735,14.7978,13.32,100.0,75.9186,100.0,platform_or_traffic_issue,medium,真实调用下降但标准拨测正常，优先排查用户输入、网络和平台链路,暂不切换,检查网关、区域网络、队列和异常客户流量，再决定是否调整模型
2026-06-24,DeepSeek-V4,DeepSeek,91.709,100.0,8.291,7841.0,4694.75,1.6702,83.1864,79.5997,-3.5867,79.4816,75.7939,85.945,93.75,model_side_degradation,high,真实调用与标准环境同步下降，模型服务或模型能力更可能异常,建议切换,降低当前模型路由权重，启用候选模型并复核供应商状态与能力维度
2026-06-24,Minimax-M2.5,MiniMax,98.0,98.9583,0.9583,2269.25,588.75,3.8544,77.2951,80.7713,3.4762,63.2564,75.7939,84.5542,93.75,environment_latency_gap,low,标准拨测健康但真实调用延迟明显更高，差异更可能来自业务环境,暂不切换,检查请求长度、并发、区域网络和平台排队，不直接归因于模型
2026-06-24,Qwen3.6-35B-A3B,Qwen,98.3607,100.0,1.6393,2653.0,614.75,4.3156,78.4958,82.8774,4.3816,71.4384,82.6007,86.0221,96.875,environment_latency_gap,low,标准拨测健康但真实调用延迟明显更高，差异更可能来自业务环境,暂不切换,检查请求长度、并发、区域网络和平台排队，不直接归因于模型
2026-06-25,DeepSeek-V4,DeepSeek,91.4191,100.0,8.5809,7413.8,4721.75,1.5701,83.706,79.5705,-4.1355,75.5608,75.7939,86.1964,93.75,model_side_degradation,high,真实调用与标准环境同步下降，模型服务或模型能力更可能异常,建议切换,降低当前模型路由权重，启用候选模型并复核供应商状态与能力维度
2026-06-25,Minimax-M2.5,MiniMax,100.0,100.0,0.0,1866.4,645.0,2.8936,84.7849,78.5552,-6.2297,76.54,82.6007,89.7856,96.875,environment_latency_gap,low,标准拨测健康但真实调用延迟明显更高，差异更可能来自业务环境,暂不切换,检查请求长度、并发、区域网络和平台排队，不直接归因于模型
2026-06-25,Qwen3.6-35B-A3B,Qwen,97.561,100.0,2.439,2754.0,639.5,4.3065,79.5681,80.8812,1.3131,75.3028,70.8519,85.6613,90.625,environment_latency_gap,low,标准拨测健康但真实调用延迟明显更高，差异更可能来自业务环境,暂不切换,检查请求长度、并发、区域网络和平台排队，不直接归因于模型
2026-06-26,DeepSeek-V4,DeepSeek,96.3158,100.0,3.6842,7956.35,4674.25,1.7022,81.1588,82.1006,0.9418,77.1696,100.0,86.7295,100.0,capability_or_probe_issue,medium,真实调用正常但标准任务下降，可能存在特定能力回退或拨测环境问题,谨慎降权,复跑失败任务并核对评测器；确认能力回退后限制相关场景流量
2026-06-26,Minimax-M2.5,MiniMax,88.4615,100.0,11.5385,3001.8,638.5,4.7013,66.5646,80.0658,13.5012,54.2224,82.6007,75.9703,96.875,platform_or_traffic_issue,medium,真实调用下降但标准拨测正常，优先排查用户输入、网络和平台链路,暂不切换,检查网关、区域网络、队列和异常客户流量，再决定是否调整模型
2026-06-26,Qwen3.6-35B-A3B,Qwen,95.0,100.0,5.0,2644.55,635.0,4.1646,77.7282,80.7821,3.0539,36.636,75.7939,84.5727,93.75,environment_latency_gap,low,标准拨测健康但真实调用延迟明显更高，差异更可能来自业务环境,暂不切换,检查请求长度、并发、区域网络和平台排队，不直接归因于模型
2026-06-27,DeepSeek-V4,DeepSeek,92.3012,100.0,7.6988,14847.5,4676.75,3.1747,52.2657,79.692,27.4263,70.9472,75.7939,70.7602,93.75,model_side_degradation,high,真实调用与标准环境同步下降，模型服务或模型能力更可能异常,建议切换,降低当前模型路由权重，启用候选模型并复核供应商状态与能力维度
2026-06-27,Minimax-M2.5,MiniMax,96.0,100.0,4.0,1950.55,606.0,3.2187,81.8466,82.0924,0.2458,59.6764,100.0,84.1985,100.0,environment_latency_gap,low,标准拨测健康但真实调用延迟明显更高，差异更可能来自业务环境,暂不切换,检查请求长度、并发、区域网络和平台排队，不直接归因于模型
2026-06-27,Qwen3.6-35B-A3B,Qwen,96.1538,100.0,3.8462,2736.0,632.5,4.3257,77.6051,80.1785,2.5734,68.462,75.7939,84.3707,93.75,environment_latency_gap,low,标准拨测健康但真实调用延迟明显更高，差异更可能来自业务环境,暂不切换,检查请求长度、并发、区域网络和平台排队，不直接归因于模型
2026-06-28,DeepSeek-V4,DeepSeek,97.0162,100.0,2.9838,8297.0,4705.0,1.7634,79.5618,80.2777,0.7159,75.1864,82.6007,86.1356,96.875,capability_or_probe_issue,medium,真实调用正常但标准任务下降，可能存在特定能力回退或拨测环境问题,谨慎降权,复跑失败任务并核对评测器；确认能力回退后限制相关场景流量
2026-06-28,Minimax-M2.5,MiniMax,100.0,100.0,0.0,1709.1,627.5,2.7237,80.7616,79.4114,-1.3502,70.66,75.7939,87.5278,93.75,healthy,none,真实调用与标准拨测均处于健康范围,无需切换,维持当前路由并持续观察
2026-06-28,Qwen3.6-35B-A3B,Qwen,87.0968,100.0,12.9032,3367.0,602.25,5.5907,70.464,82.0131,11.5491,48.432,82.6007,77.6494,96.875,platform_or_traffic_issue,medium,真实调用下降但标准拨测正常，优先排查用户输入、网络和平台链路,暂不切换,检查网关、区域网络、队列和异常客户流量，再决定是否调整模型
2026-06-29,DeepSeek-V4,DeepSeek,97.0185,100.0,2.9815,8377.4,4678.5,1.7906,79.5907,79.673,0.0823,75.7716,75.7939,86.3451,93.75,capability_or_probe_issue,medium,真实调用正常但标准任务下降，可能存在特定能力回退或拨测环境问题,谨慎降权,复跑失败任务并核对评测器；确认能力回退后限制相关场景流量
2026-06-29,Minimax-M2.5,MiniMax,97.1429,100.0,2.8571,2099.75,641.75,3.2719,75.6758,80.9174,5.2416,47.9896,100.0,84.3384,100.0,environment_latency_gap,low,标准拨测健康但真实调用延迟明显更高，差异更可能来自业务环境,暂不切换,检查请求长度、并发、区域网络和平台排队，不直接归因于模型
2026-06-29,Qwen3.6-35B-A3B,Qwen,95.0,100.0,5.0,2550.4,670.0,3.8066,80.543,78.1784,-2.3646,63.9916,82.6007,87.02,96.875,environment_latency_gap,low,标准拨测健康但真实调用延迟明显更高，差异更可能来自业务环境,暂不切换,检查请求长度、并发、区域网络和平台排队，不直接归因于模型
2026-06-30,DeepSeek-V4,DeepSeek,95.7955,100.0,4.2045,8113.15,4664.75,1.7392,80.306,79.7258,-0.5802,79.9276,75.7939,86.1545,93.75,capability_or_probe_issue,medium,真实调用正常但标准任务下降，可能存在特定能力回退或拨测环境问题,谨慎降权,复跑失败任务并核对评测器；确认能力回退后限制相关场景流量
2026-06-30,Minimax-M2.5,MiniMax,98.8764,100.0,1.1236,2116.8,667.0,3.1736,75.7391,76.2541,0.515,50.504,70.8519,85.0417,90.625,environment_latency_gap,low,标准拨测健康但真实调用延迟明显更高，差异更可能来自业务环境,暂不切换,检查请求长度、并发、区域网络和平台排队，不直接归因于模型
2026-06-30,Qwen3.6-35B-A3B,Qwen,85.3659,100.0,14.6341,3373.0,637.5,5.291,70.0198,79.4428,9.423,47.5448,75.7939,77.0453,93.75,platform_or_traffic_issue,medium,真实调用下降但标准拨测正常，优先排查用户输入、网络和平台链路,暂不切换,检查网关、区域网络、队列和异常客户流量，再决定是否调整模型
2026-07-01,DeepSeek-V4,DeepSeek,97.0006,100.0,2.9994,8108.7,4717.25,1.7189,80.5677,80.0893,-0.4784,85.6676,82.6007,86.6089,96.875,capability_or_probe_issue,medium,真实调用正常但标准任务下降，可能存在特定能力回退或拨测环境问题,谨慎降权,复跑失败任务并核对评测器；确认能力回退后限制相关场景流量
2026-07-01,Minimax-M2.5,MiniMax,97.1429,100.0,2.8571,2011.1,595.5,3.3772,81.9546,81.0972,-0.8574,79.5304,82.6007,87.3048,96.875,environment_latency_gap,low,标准拨测健康但真实调用延迟明显更高，差异更可能来自业务环境,暂不切换,检查请求长度、并发、区域网络和平台排队，不直接归因于模型
2026-07-01,Qwen3.6-35B-A3B,Qwen,94.7368,100.0,5.2632,3487.6,644.5,5.4113,65.6729,77.9869,12.314,21.3564,60.9688,77.8085,81.25,platform_or_traffic_issue,medium,真实调用下降但标准拨测正常，优先排查用户输入、网络和平台链路,暂不切换,检查网关、区域网络、队列和异常客户流量，再决定是否调整模型
2026-07-02,DeepSeek-V4,DeepSeek,95.6647,98.9583,3.2936,8416.8,4684.25,1.7968,78.9421,80.2392,1.2971,79.636,82.6007,85.1466,96.875,capability_or_probe_issue,medium,真实调用正常但标准任务下降，可能存在特定能力回退或拨测环境问题,谨慎降权,复跑失败任务并核对评测器；确认能力回退后限制相关场景流量
2026-07-02,Minimax-M2.5,MiniMax,94.7368,100.0,5.2632,1872.5,630.5,2.9699,81.821,82.6402,0.8192,64.19,100.0,87.2047,100.0,environment_latency_gap,low,标准拨测健康但真实调用延迟明显更高，差异更可能来自业务环境,暂不切换,检查请求长度、并发、区域网络和平台排队，不直接归因于模型
2026-07-02,Qwen3.6-35B-A3B,Qwen,92.3077,100.0,7.6923,1896.1,627.0,3.0241,89.3751,79.1647,-10.2104,61.5476,70.8519,88.1094,90.625,platform_or_traffic_issue,medium,真实调用下降但标准拨测正常，优先排查用户输入、网络和平台链路,暂不切换,检查网关、区域网络、队列和异常客户流量，再决定是否调整模型
2026-07-03,DeepSeek-V4,DeepSeek,96.5502,98.9583,2.4081,8284.7,4685.25,1.7683,80.1039,79.4191,-0.6848,82.8664,75.7939,86.1489,93.75,capability_or_probe_issue,medium,真实调用正常但标准任务下降，可能存在特定能力回退或拨测环境问题,谨慎降权,复跑失败任务并核对评测器；确认能力回退后限制相关场景流量
2026-07-03,Minimax-M2.5,MiniMax,97.4359,100.0,2.5641,2246.4,626.75,3.5842,75.9123,79.9435,4.0312,60.0664,82.6007,84.4318,96.875,environment_latency_gap,low,标准拨测健康但真实调用延迟明显更高，差异更可能来自业务环境,暂不切换,检查请求长度、并发、区域网络和平台排队，不直接归因于模型
2026-07-03,Qwen3.6-35B-A3B,Qwen,94.1176,100.0,5.8824,2106.0,689.25,3.0555,87.2508,78.0894,-9.1614,68.9792,82.6007,88.9741,96.875,environment_latency_gap,low,标准拨测健康但真实调用延迟明显更高，差异更可能来自业务环境,暂不切换,检查请求长度、并发、区域网络和平台排队，不直接归因于模型
2026-07-04,DeepSeek-V4,DeepSeek,96.3974,100.0,3.6026,8338.65,4707.25,1.7714,79.4785,78.2948,-1.1837,80.0228,63.6908,85.6595,84.375,capability_or_probe_issue,medium,真实调用正常但标准任务下降，可能存在特定能力回退或拨测环境问题,谨慎降权,复跑失败任务并核对评测器；确认能力回退后限制相关场景流量
2026-07-04,Minimax-M2.5,MiniMax,96.4706,100.0,3.5294,1899.4,628.5,3.0221,79.0011,80.3875,1.3864,44.46,82.6007,85.7659,96.875,environment_latency_gap,low,标准拨测健康但真实调用延迟明显更高，差异更可能来自业务环境,暂不切换,检查请求长度、并发、区域网络和平台排队，不直接归因于模型
2026-07-04,Qwen3.6-35B-A3B,Qwen,86.0,100.0,14.0,2130.3,699.5,3.0455,83.925,77.826,-6.099,40.1044,82.6007,84.8638,96.875,platform_or_traffic_issue,medium,真实调用下降但标准拨测正常，优先排查用户输入、网络和平台链路,暂不切换,检查网关、区域网络、队列和异常客户流量，再决定是否调整模型
2026-07-05,DeepSeek-V4,DeepSeek,96.6454,100.0,3.3546,8709.1,4712.75,1.848,78.8914,80.091,1.1996,83.0168,82.6007,85.6183,96.875,capability_or_probe_issue,medium,真实调用正常但标准任务下降，可能存在特定能力回退或拨测环境问题,谨慎降权,复跑失败任务并核对评测器；确认能力回退后限制相关场景流量
2026-07-05,Minimax-M2.5,MiniMax,100.0,100.0,0.0,3578.0,612.0,5.8464,49.2796,82.8195,33.5399,74.332,100.0,71.607,100.0,platform_or_traffic_issue,medium,真实调用下降但标准拨测正常，优先排查用户输入、网络和平台链路,暂不切换,检查网关、区域网络、队列和异常客户流量，再决定是否调整模型
2026-07-05,Qwen3.6-35B-A3B,Qwen,95.6522,100.0,4.3478,2696.0,668.75,4.0314,73.9459,77.6313,3.6854,58.1948,70.8519,83.6722,90.625,environment_latency_gap,low,标准拨测健康但真实调用延迟明显更高，差异更可能来自业务环境,暂不切换,检查请求长度、并发、区域网络和平台排队，不直接归因于模型
2026-07-06,DeepSeek-V4,DeepSeek,96.4626,97.9167,1.4541,8510.0,4666.25,1.8237,79.273,82.0517,2.7787,82.162,100.0,85.7235,100.0,capability_or_probe_issue,medium,真实调用正常但标准任务下降，可能存在特定能力回退或拨测环境问题,谨慎降权,复跑失败任务并核对评测器；确认能力回退后限制相关场景流量
2026-07-06,Minimax-M2.5,MiniMax,99.1736,100.0,0.8264,3782.0,639.5,5.914,52.0657,80.418,28.3523,64.852,82.6007,72.7867,96.875,platform_or_traffic_issue,medium,真实调用下降但标准拨测正常，优先排查用户输入、网络和平台链路,暂不切换,检查网关、区域网络、队列和异常客户流量，再决定是否调整模型
2026-07-06,Qwen3.6-35B-A3B,Qwen,81.8182,100.0,18.1818,3511.75,654.75,5.3635,67.1541,80.1157,12.9616,56.904,82.6007,74.1808,96.875,platform_or_traffic_issue,medium,真实调用下降但标准拨测正常，优先排查用户输入、网络和平台链路,暂不切换,检查网关、区域网络、队列和异常客户流量，再决定是否调整模型
2026-07-07,DeepSeek-V4,DeepSeek,96.6096,100.0,3.3904,8542.0,4697.5,1.8184,79.5129,79.4045,-0.1084,83.8864,75.7939,85.8694,93.75,capability_or_probe_issue,medium,真实调用正常但标准任务下降，可能存在特定能力回退或拨测环境问题,谨慎降权,复跑失败任务并核对评测器；确认能力回退后限制相关场景流量
2026-07-07,Minimax-M2.5,MiniMax,99.1736,100.0,0.8264,1912.0,622.5,3.0715,81.3389,79.6745,-1.6644,69.3408,75.7939,87.7344,93.75,environment_latency_gap,low,标准拨测健康但真实调用延迟明显更高，差异更可能来自业务环境,暂不切换,检查请求长度、并发、区域网络和平台排队，不直接归因于模型
2026-07-07,Qwen3.6-35B-A3B,Qwen,89.8551,100.0,10.1449,3228.8,623.5,5.1785,71.8825,80.2409,8.3584,67.1804,70.8519,79.9501,90.625,platform_or_traffic_issue,medium,真实调用下降但标准拨测正常，优先排查用户输入、网络和平台链路,暂不切换,检查网关、区域网络、队列和异常客户流量，再决定是否调整模型
2026-07-08,DeepSeek-V4,DeepSeek,95.9469,100.0,4.0531,8882.1,4725.75,1.8795,78.842,78.4231,-0.4189,84.2424,66.9281,85.2873,87.5,capability_or_probe_issue,medium,真实调用正常但标准任务下降，可能存在特定能力回退或拨测环境问题,谨慎降权,复跑失败任务并核对评测器；确认能力回退后限制相关场景流量
2026-07-08,Minimax-M2.5,MiniMax,99.187,100.0,0.813,1987.4,598.25,3.322,79.5134,81.1237,1.6103,60.8148,82.6007,86.9054,96.875,environment_latency_gap,low,标准拨测健康但真实调用延迟明显更高，差异更可能来自业务环境,暂不切换,检查请求长度、并发、区域网络和平台排队，不直接归因于模型
2026-07-08,Qwen3.6-35B-A3B,Qwen,94.8276,100.0,5.1724,2993.45,655.75,4.5649,75.0552,80.5473,5.4921,57.912,75.7939,83.1037,93.75,environment_latency_gap,low,标准拨测健康但真实调用延迟明显更高，差异更可能来自业务环境,暂不切换,检查请求长度、并发、区域网络和平台排队，不直接归因于模型
2026-07-09,DeepSeek-V4,DeepSeek,96.5724,100.0,3.4276,8715.7,4692.25,1.8575,79.0989,80.3561,1.2572,80.8708,82.6007,85.8827,96.875,capability_or_probe_issue,medium,真实调用正常但标准任务下降，可能存在特定能力回退或拨测环境问题,谨慎降权,复跑失败任务并核对评测器；确认能力回退后限制相关场景流量
2026-07-09,Minimax-M2.5,MiniMax,96.1039,100.0,3.8961,1748.8,636.75,2.7464,82.0134,80.4272,-1.5862,56.412,82.6007,87.0212,96.875,healthy,none,真实调用与标准拨测均处于健康范围,无需切换,维持当前路由并持续观察
2026-07-09,Qwen3.6-35B-A3B,Qwen,96.0784,100.0,3.9216,2961.0,631.5,4.6888,75.2306,80.9821,5.7515,63.7704,75.7939,83.706,93.75,environment_latency_gap,low,标准拨测健康但真实调用延迟明显更高，差异更可能来自业务环境,暂不切换,检查请求长度、并发、区域网络和平台排队，不直接归因于模型
2026-07-10,DeepSeek-V4,DeepSeek,95.0317,100.0,4.9683,8990.35,4676.75,1.9223,78.1957,82.1598,3.9641,78.112,100.0,84.6798,100.0,capability_or_probe_issue,medium,真实调用正常但标准任务下降，可能存在特定能力回退或拨测环境问题,谨慎降权,复跑失败任务并核对评测器；确认能力回退后限制相关场景流量
2026-07-10,Minimax-M2.5,MiniMax,97.7528,100.0,2.2472,2331.4,639.25,3.6471,75.0015,80.9568,5.9553,57.1592,100.0,84.117,100.0,environment_latency_gap,low,标准拨测健康但真实调用延迟明显更高，差异更可能来自业务环境,暂不切换,检查请求长度、并发、区域网络和平台排队，不直接归因于模型
2026-07-10,Qwen3.6-35B-A3B,Qwen,90.6977,100.0,9.3023,3179.2,644.25,4.9347,72.7239,80.1738,7.4499,46.6864,70.8519,80.2234,90.625,platform_or_traffic_issue,medium,真实调用下降但标准拨测正常，优先排查用户输入、网络和平台链路,暂不切换,检查网关、区域网络、队列和异常客户流量，再决定是否调整模型
2026-07-11,DeepSeek-V4,DeepSeek,96.3378,100.0,3.6622,8836.5,4698.0,1.8809,78.8382,79.0357,0.1975,80.9996,70.8519,85.4939,90.625,capability_or_probe_issue,medium,真实调用正常但标准任务下降，可能存在特定能力回退或拨测环境问题,谨慎降权,复跑失败任务并核对评测器；确认能力回退后限制相关场景流量
2026-07-11,Minimax-M2.5,MiniMax,96.4912,100.0,3.5088,1819.0,601.0,3.0266,80.8165,81.9001,1.0836,63.118,82.6007,86.4965,96.875,environment_latency_gap,low,标准拨测健康但真实调用延迟明显更高，差异更可能来自业务环境,暂不切换,检查请求长度、并发、区域网络和平台排队，不直接归因于模型
2026-07-11,Qwen3.6-35B-A3B,Qwen,79.4118,100.0,20.5882,3366.7,591.0,5.6966,69.8026,83.7041,13.9015,50.9708,100.0,75.0761,100.0,platform_or_traffic_issue,medium,真实调用下降但标准拨测正常，优先排查用户输入、网络和平台链路,暂不切换,检查网关、区域网络、队列和异常客户流量，再决定是否调整模型
2026-07-12,DeepSeek-V4,DeepSeek,95.5224,100.0,4.4776,9093.0,4700.25,1.9346,78.607,80.3012,1.6942,78.5708,82.6007,85.2202,96.875,capability_or_probe_issue,medium,真实调用正常但标准任务下降，可能存在特定能力回退或拨测环境问题,谨慎降权,复跑失败任务并核对评测器；确认能力回退后限制相关场景流量
2026-07-12,Minimax-M2.5,MiniMax,98.3333,100.0,1.6667,2327.9,647.75,3.5938,75.3438,77.7416,2.3978,81.8132,70.8519,84.3833,90.625,environment_latency_gap,low,标准拨测健康但真实调用延迟明显更高，差异更可能来自业务环境,暂不切换,检查请求长度、并发、区域网络和平台排队，不直接归因于模型
2026-07-12,Qwen3.6-35B-A3B,Qwen,96.5517,100.0,3.4483,2788.2,673.75,4.1383,78.1745,78.319,0.1445,33.5484,70.8519,84.602,90.625,environment_latency_gap,low,标准拨测健康但真实调用延迟明显更高，差异更可能来自业务环境,暂不切换,检查请求长度、并发、区域网络和平台排队，不直接归因于模型
2026-07-13,DeepSeek-V4,DeepSeek,95.7873,100.0,4.2127,9019.4,4705.5,1.9168,79.0246,78.5478,-0.4768,78.9044,66.9281,85.19,87.5,capability_or_probe_issue,medium,真实调用正常但标准任务下降，可能存在特定能力回退或拨测环境问题,谨慎降权,复跑失败任务并核对评测器；确认能力回退后限制相关场景流量
2026-07-13,Minimax-M2.5,MiniMax,98.6111,100.0,1.3889,1773.5,627.0,2.8285,84.8482,81.2133,-3.6349,82.366,82.6007,88.5239,96.875,environment_latency_gap,low,标准拨测健康但真实调用延迟明显更高，差异更可能来自业务环境,暂不切换,检查请求长度、并发、区域网络和平台排队，不直接归因于模型
2026-07-13,Qwen3.6-35B-A3B,Qwen,88.6364,100.0,11.3636,2885.5,643.0,4.4876,78.1208,79.469,1.3482,44.9268,82.6007,82.4923,96.875,platform_or_traffic_issue,medium,真实调用下降但标准拨测正常，优先排查用户输入、网络和平台链路,暂不切换,检查网关、区域网络、队列和异常客户流量，再决定是否调整模型
2026-07-14,DeepSeek-V4,DeepSeek,89.3008,100.0,10.6992,11646.9,4673.25,2.4922,69.3401,79.6636,10.3235,72.572,75.7939,78.3679,93.75,model_side_degradation,high,真实调用与标准环境同步下降，模型服务或模型能力更可能异常,建议切换,降低当前模型路由权重，启用候选模型并复核供应商状态与能力维度
2026-07-14,Minimax-M2.5,MiniMax,98.8372,98.9583,0.1211,2025.75,638.25,3.1739,77.7641,80.4178,2.6537,62.0148,82.6007,85.8245,96.875,environment_latency_gap,low,标准拨测健康但真实调用延迟明显更高，差异更可能来自业务环境,暂不切换,检查请求长度、并发、区域网络和平台排队，不直接归因于模型
2026-07-14,Qwen3.6-35B-A3B,Qwen,91.4894,100.0,8.5106,5277.2,681.75,7.7407,54.3007,78.3236,24.0229,64.5936,82.6007,71.6237,96.875,platform_or_traffic_issue,medium,真实调用下降但标准拨测正常，优先排查用户输入、网络和平台链路,暂不切换,检查网关、区域网络、队列和异常客户流量，再决定是否调整模型
2026-07-15,DeepSeek-V4,DeepSeek,92.9208,100.0,7.0792,19876.25,4655.5,4.2694,39.0923,79.8041,40.7118,77.1376,75.7939,64.2499,93.75,model_side_degradation,high,真实调用与标准环境同步下降，模型服务或模型能力更可能异常,建议切换,降低当前模型路由权重，启用候选模型并复核供应商状态与能力维度
2026-07-15,Minimax-M2.5,MiniMax,100.0,100.0,0.0,1886.0,642.25,2.9366,79.3906,78.9271,-0.4635,73.924,82.6007,86.4937,96.875,environment_latency_gap,low,标准拨测健康但真实调用延迟明显更高，差异更可能来自业务环境,暂不切换,检查请求长度、并发、区域网络和平台排队，不直接归因于模型
2026-07-15,Qwen3.6-35B-A3B,Qwen,92.6829,100.0,7.3171,6366.0,645.5,9.8621,43.4867,78.4214,34.9347,65.0836,70.8519,66.1354,90.625,platform_or_traffic_issue,medium,真实调用下降但标准拨测正常，优先排查用户输入、网络和平台链路,暂不切换,检查网关、区域网络、队列和异常客户流量，再决定是否调整模型
2026-07-16,DeepSeek-V4,DeepSeek,93.6612,100.0,6.3388,20870.05,4684.25,4.4554,37.063,79.6984,42.6354,78.292,75.7939,63.5945,93.75,model_side_degradation,high,真实调用与标准环境同步下降，模型服务或模型能力更可能异常,建议切换,降低当前模型路由权重，启用候选模型并复核供应商状态与能力维度
2026-07-16,Minimax-M2.5,MiniMax,90.9091,100.0,9.0909,2742.2,613.5,4.4698,59.4453,81.1184,21.6731,59.43,82.6007,74.3923,96.875,platform_or_traffic_issue,medium,真实调用下降但标准拨测正常，优先排查用户输入、网络和平台链路,暂不切换,检查网关、区域网络、队列和异常客户流量，再决定是否调整模型
2026-07-16,Qwen3.6-35B-A3B,Qwen,90.7407,100.0,9.2593,5060.0,654.5,7.7311,54.7419,79.0972,24.3553,55.38,70.8519,71.2865,90.625,platform_or_traffic_issue,medium,真实调用下降但标准拨测正常，优先排查用户输入、网络和平台链路,暂不切换,检查网关、区域网络、队列和异常客户流量，再决定是否调整模型
2026-07-17,DeepSeek-V4,DeepSeek,95.7458,98.9583,3.2125,9293.15,4681.25,1.9852,79.3145,80.2282,0.9137,81.2272,82.6007,85.5017,96.875,capability_or_probe_issue,medium,真实调用正常但标准任务下降，可能存在特定能力回退或拨测环境问题,谨慎降权,复跑失败任务并核对评测器；确认能力回退后限制相关场景流量
2026-07-17,Minimax-M2.5,MiniMax,96.7742,100.0,3.2258,3643.6,660.0,5.5206,47.5184,80.7685,33.2501,35.9748,100.0,69.9339,100.0,platform_or_traffic_issue,medium,真实调用下降但标准拨测正常，优先排查用户输入、网络和平台链路,暂不切换,检查网关、区域网络、队列和异常客户流量，再决定是否调整模型
2026-07-17,Qwen3.6-35B-A3B,Qwen,92.5,100.0,7.5,3650.9,668.25,5.4634,76.0317,79.0207,2.989,35.124,75.7939,83.795,93.75,platform_or_traffic_issue,medium,真实调用下降但标准拨测正常，优先排查用户输入、网络和平台链路,暂不切换,检查网关、区域网络、队列和异常客户流量，再决定是否调整模型
2026-07-18,DeepSeek-V4,DeepSeek,95.6154,100.0,4.3846,9372.0,4673.5,2.0053,79.8156,80.3067,0.4911,80.1812,82.6007,85.781,96.875,capability_or_probe_issue,medium,真实调用正常但标准任务下降，可能存在特定能力回退或拨测环境问题,谨慎降权,复跑失败任务并核对评测器；确认能力回退后限制相关场景流量
2026-07-18,Minimax-M2.5,MiniMax,98.8372,100.0,1.1628,1774.75,627.0,2.8305,82.974,82.655,-0.319,73.8028,100.0,88.0976,100.0,environment_latency_gap,low,标准拨测健康但真实调用延迟明显更高，差异更可能来自业务环境,暂不切换,检查请求长度、并发、区域网络和平台排队，不直接归因于模型
2026-07-18,Qwen3.6-35B-A3B,Qwen,90.566,100.0,9.434,3936.2,606.5,6.49,75.2374,82.0084,6.771,66.1512,75.7939,80.4954,93.75,platform_or_traffic_issue,medium,真实调用下降但标准拨测正常，优先排查用户输入、网络和平台链路,暂不切换,检查网关、区域网络、队列和异常客户流量，再决定是否调整模型
2026-07-19,DeepSeek-V4,DeepSeek,95.2991,100.0,4.7009,9117.5,4685.0,1.9461,80.5793,80.2739,-0.3054,79.5652,82.6007,86.1005,96.875,capability_or_probe_issue,medium,真实调用正常但标准任务下降，可能存在特定能力回退或拨测环境问题,谨慎降权,复跑失败任务并核对评测器；确认能力回退后限制相关场景流量
2026-07-19,Minimax-M2.5,MiniMax,95.7895,100.0,4.2105,2030.3,657.25,3.0891,70.9909,79.0534,8.0625,27.3668,82.6007,79.8518,96.875,environment_latency_gap,low,标准拨测健康但真实调用延迟明显更高，差异更可能来自业务环境,暂不切换,检查请求长度、并发、区域网络和平台排队，不直接归因于模型
2026-07-19,Qwen3.6-35B-A3B,Qwen,92.3077,100.0,7.6923,4066.5,661.5,6.1474,80.0614,79.0209,-1.0405,59.7156,75.7939,85.2832,93.75,platform_or_traffic_issue,medium,真实调用下降但标准拨测正常，优先排查用户输入、网络和平台链路,暂不切换,检查网关、区域网络、队列和异常客户流量，再决定是否调整模型
2026-07-20,DeepSeek-V4,DeepSeek,95.6364,100.0,4.3636,9488.3,4717.75,2.0112,80.1281,79.9717,-0.1564,82.2084,82.6007,86.0404,96.875,capability_or_probe_issue,medium,真实调用正常但标准任务下降，可能存在特定能力回退或拨测环境问题,谨慎降权,复跑失败任务并核对评测器；确认能力回退后限制相关场景流量
2026-07-20,Minimax-M2.5,MiniMax,97.1429,100.0,2.8571,2043.8,643.0,3.1785,76.3943,79.3974,3.0031,49.3072,82.6007,84.4574,96.875,environment_latency_gap,low,标准拨测健康但真实调用延迟明显更高，差异更可能来自业务环境,暂不切换,检查请求长度、并发、区域网络和平台排队，不直接归因于模型
2026-07-20,Qwen3.6-35B-A3B,Qwen,91.8033,100.0,8.1967,3552.0,617.75,5.7499,83.7901,80.2468,-3.5433,84.8984,66.9281,87.4461,87.5,platform_or_traffic_issue,medium,真实调用下降但标准拨测正常，优先排查用户输入、网络和平台链路,暂不切换,检查网关、区域网络、队列和异常客户流量，再决定是否调整模型
2026-07-21,DeepSeek-V4,DeepSeek,94.4674,100.0,5.5326,9458.8,4702.5,2.0114,80.3928,80.1126,-0.2802,82.6136,82.6007,85.4881,96.875,capability_or_probe_issue,medium,真实调用正常但标准任务下降，可能存在特定能力回退或拨测环境问题,谨慎降权,复跑失败任务并核对评测器；确认能力回退后限制相关场景流量
2026-07-21,Minimax-M2.5,MiniMax,99.0654,100.0,0.9346,1698.8,604.5,2.8103,83.8539,83.3245,-0.5294,74.1868,100.0,89.4469,100.0,environment_latency_gap,low,标准拨测健康但真实调用延迟明显更高，差异更可能来自业务环境,暂不切换,检查请求长度、并发、区域网络和平台排队，不直接归因于模型
2026-07-21,Qwen3.6-35B-A3B,Qwen,90.4762,100.0,9.5238,3661.4,593.0,6.1744,81.9147,82.8647,0.95,65.4784,82.6007,85.6873,96.875,platform_or_traffic_issue,medium,真实调用下降但标准拨测正常，优先排查用户输入、网络和平台链路,暂不切换,检查网关、区域网络、队列和异常客户流量，再决定是否调整模型
