date,model_id,instance_count,running_mean,running_max_busy,waiting_max_busy,concurrency_ratio,ttft_mean_ms,ttft_p95_ms,tokens_per_second_mean,cache_pct,npu_busy_pct,npu_mean,npu_p95,npu_max,npu_peak_average_mean,high_npu_samples,hbm_pct,hbm_headroom_pct,baseline_ready,capacity_state,diagnosis,data_origin,observed_days
2026-04-23,DeepSeek-V4,6,1.0333,6,2,1.0,7155.1513,14481.1141,12.5953,3.813,28.8331,5.1743,100.0,100.0,27.0792,100,97.2081,2.7919,True,容量风险,出现等待队列，需评估扩容或分流；忙时并发接近实例数量；存在 NPU 高负载尖峰；平均 NPU 较低但 HBM 很高，更像模型驻留内存压力,synthetic_history_calibrated,90
2026-04-23,Minimax-M2.5,2,0.0361,2,3,1.0,695.8395,955.9278,1.3556,46.7558,36.8568,2.7626,74.6621,100.0,39.1903,58,89.7673,10.2327,True,容量风险,出现等待队列，需评估扩容或分流；忙时并发接近实例数量；存在 NPU 高负载尖峰,synthetic_history_calibrated,90
2026-04-23,Qwen3.6-35B-A3B,2,0.0167,2,2,1.0,653.65,1357.4334,0.519,7.2223,2.6313,1.1296,4.722,25.217,1.2136,0,93.6114,6.3886,True,容量风险,出现等待队列，需评估扩容或分流；忙时并发接近实例数量；平均 NPU 较低但 HBM 很高，更像模型驻留内存压力,synthetic_history_calibrated,90
2026-04-24,DeepSeek-V4,6,0.6667,4,0,0.6667,4701.8228,9419.9135,12.7709,0.9719,17.2609,3.4353,91.629,93.4308,18.8355,31,95.5412,4.4588,True,容量风险,存在 NPU 高负载尖峰；平均 NPU 较低但 HBM 很高，更像模型驻留内存压力,synthetic_history_calibrated,90
2026-04-24,Minimax-M2.5,2,0.0306,2,0,1.0,441.6828,601.1021,1.3634,43.9048,31.5419,1.754,57.0234,100.0,25.6802,3,89.7014,10.2986,True,需要关注,忙时并发接近实例数量,synthetic_history_calibrated,90
2026-04-24,Qwen3.6-35B-A3B,2,0.0153,1,0,0.5,462.9892,1022.0448,0.5102,9.8858,0.1295,0.8697,6.1448,20.2962,0.2149,0,92.57,7.43,True,需要关注,平均 NPU 较低但 HBM 很高，更像模型驻留内存压力,synthetic_history_calibrated,90
2026-04-25,DeepSeek-V4,6,0.4597,3,0,0.5,4435.1944,8920.4675,12.6348,0.0,10.5446,2.9399,71.6113,74.5177,9.9801,11,94.1265,5.8735,True,需要关注,存在 NPU 高负载尖峰；平均 NPU 较低但 HBM 很高，更像模型驻留内存压力,synthetic_history_calibrated,90
2026-04-25,Minimax-M2.5,2,0.0306,2,0,1.0,438.9531,625.0611,1.3493,49.7999,20.7355,1.8173,42.7663,76.0599,22.9127,3,90.988,9.012,True,需要关注,忙时并发接近实例数量；平均 NPU 较低但 HBM 很高，更像模型驻留内存压力,synthetic_history_calibrated,90
2026-04-25,Qwen3.6-35B-A3B,2,0.0153,1,0,0.5,457.8366,906.2744,0.51,9.4047,1.7015,1.4234,5.4237,16.586,2.7159,0,91.216,8.784,True,需要关注,平均 NPU 较低但 HBM 很高，更像模型驻留内存压力,synthetic_history_calibrated,90
2026-04-26,DeepSeek-V4,6,0.5986,3,0,0.5,4513.8179,9442.2173,12.6201,0.0,12.7964,3.1809,80.8952,84.4893,13.4114,31,97.4342,2.5658,True,容量风险,存在 NPU 高负载尖峰；平均 NPU 较低但 HBM 很高，更像模型驻留内存压力,synthetic_history_calibrated,90
2026-04-26,Minimax-M2.5,2,0.0306,2,0,1.0,440.7404,603.7881,1.3672,49.7352,26.3518,1.4425,52.0709,85.1442,20.7498,4,87.6515,12.3485,True,需要关注,忙时并发接近实例数量,synthetic_history_calibrated,90
2026-04-26,Qwen3.6-35B-A3B,2,0.0167,2,0,1.0,468.318,1001.7307,0.5135,10.381,0.9571,0.9392,7.2059,17.6023,2.6913,0,92.5908,7.4092,True,需要关注,忙时并发接近实例数量；平均 NPU 较低但 HBM 很高，更像模型驻留内存压力,synthetic_history_calibrated,90
2026-04-27,DeepSeek-V4,6,0.4764,3,0,0.5,4541.3453,9098.8817,12.5857,1.075,13.3775,2.6305,69.7189,76.3609,16.9458,22,97.5906,2.4094,True,容量风险,平均 NPU 较低但 HBM 很高，更像模型驻留内存压力,synthetic_history_calibrated,90
2026-04-27,Minimax-M2.5,2,0.0306,2,0,1.0,443.3804,675.4003,1.361,53.3076,24.5424,2.3677,55.3442,96.3499,23.345,4,93.5373,6.4627,True,需要关注,忙时并发接近实例数量；平均 NPU 较低但 HBM 很高，更像模型驻留内存压力,synthetic_history_calibrated,90
2026-04-27,Qwen3.6-35B-A3B,2,0.0153,1,0,0.5,445.0705,863.0285,0.5117,4.7607,0.9688,0.8268,4.702,18.9942,0.0,0,91.807,8.193,True,需要关注,平均 NPU 较低但 HBM 很高，更像模型驻留内存压力,synthetic_history_calibrated,90
2026-04-28,DeepSeek-V4,6,0.6986,5,0,0.8333,4667.5104,9090.727,12.6548,5.3879,19.7,3.5805,100.0,100.0,19.5784,36,93.8082,6.1918,True,需要关注,忙时并发接近实例数量；存在 NPU 高负载尖峰；平均 NPU 较低但 HBM 很高，更像模型驻留内存压力,synthetic_history_calibrated,90
2026-04-28,Minimax-M2.5,2,0.0306,2,3,1.0,442.4425,639.0684,1.3604,43.8575,20.7321,2.4834,51.2951,92.6721,22.2931,2,90.6238,9.3762,True,容量风险,出现等待队列，需评估扩容或分流；忙时并发接近实例数量；平均 NPU 较低但 HBM 很高，更像模型驻留内存压力,synthetic_history_calibrated,90
2026-04-28,Qwen3.6-35B-A3B,2,0.0167,2,0,1.0,480.7768,999.3796,0.5181,11.5355,1.6485,0.9812,5.6582,22.1998,0.0,0,93.8039,6.1961,True,需要关注,忙时并发接近实例数量；平均 NPU 较低但 HBM 很高，更像模型驻留内存压力,synthetic_history_calibrated,90
2026-04-29,DeepSeek-V4,6,0.6986,5,0,0.8333,4656.9928,8793.1125,12.5637,0.0,19.6894,4.0001,100.0,100.0,18.8656,50,94.6465,5.3535,True,需要关注,忙时并发接近实例数量；存在 NPU 高负载尖峰；平均 NPU 较低但 HBM 很高，更像模型驻留内存压力,synthetic_history_calibrated,90
2026-04-29,Minimax-M2.5,2,0.0319,2,0,1.0,454.1938,697.7822,1.3574,44.9776,28.1574,2.1626,65.8083,100.0,31.5799,19,95.608,4.392,True,容量风险,忙时并发接近实例数量；平均 NPU 较低但 HBM 很高，更像模型驻留内存压力,synthetic_history_calibrated,90
2026-04-29,Qwen3.6-35B-A3B,2,0.0167,2,0,1.0,466.7282,966.2665,0.5259,5.2621,2.9298,1.13,6.3213,19.2684,0.0,0,95.1622,4.8378,True,容量风险,忙时并发接近实例数量；平均 NPU 较低但 HBM 很高，更像模型驻留内存压力,synthetic_history_calibrated,90
2026-04-30,DeepSeek-V4,6,0.6819,4,0,0.6667,4638.8119,9338.3745,12.6926,0.5519,20.7492,3.6016,100.0,100.0,21.3465,36,92.9546,7.0454,True,需要关注,存在 NPU 高负载尖峰；平均 NPU 较低但 HBM 很高，更像模型驻留内存压力,synthetic_history_calibrated,90
2026-04-30,Minimax-M2.5,2,0.0306,2,0,1.0,435.5099,606.3599,1.3658,52.3877,25.128,1.6735,47.0563,86.7988,22.652,4,92.0451,7.9549,True,需要关注,忙时并发接近实例数量；平均 NPU 较低但 HBM 很高，更像模型驻留内存压力,synthetic_history_calibrated,90
2026-04-30,Qwen3.6-35B-A3B,2,0.0167,2,0,1.0,477.7118,930.775,0.5113,10.4326,1.2584,1.0557,6.5101,28.1318,1.388,0,92.6456,7.3544,True,需要关注,忙时并发接近实例数量；平均 NPU 较低但 HBM 很高，更像模型驻留内存压力,synthetic_history_calibrated,90
2026-05-01,DeepSeek-V4,6,0.5889,3,0,0.5,4485.7736,8665.3865,12.646,2.0711,16.4197,3.1387,83.9405,82.4327,12.677,32,95.2793,4.7207,True,容量风险,存在 NPU 高负载尖峰；平均 NPU 较低但 HBM 很高，更像模型驻留内存压力,synthetic_history_calibrated,90
2026-05-01,Minimax-M2.5,2,0.0306,2,0,1.0,440.7394,648.2593,1.37,48.4495,26.7115,1.7081,52.9674,92.6228,25.3287,2,92.4726,7.5274,True,需要关注,忙时并发接近实例数量；平均 NPU 较低但 HBM 很高，更像模型驻留内存压力,synthetic_history_calibrated,90
2026-05-01,Qwen3.6-35B-A3B,2,0.0167,2,0,1.0,466.3466,954.9446,0.5214,6.3223,0.0718,0.8061,6.1554,14.8453,3.3331,0,93.7662,6.2338,True,需要关注,忙时并发接近实例数量；平均 NPU 较低但 HBM 很高，更像模型驻留内存压力,synthetic_history_calibrated,90
2026-05-02,DeepSeek-V4,6,0.4875,3,0,0.5,4417.262,8554.7927,12.672,0.8252,13.075,2.8456,75.415,77.7943,13.9757,30,94.082,5.918,True,需要关注,存在 NPU 高负载尖峰；平均 NPU 较低但 HBM 很高，更像模型驻留内存压力,synthetic_history_calibrated,90
2026-05-02,Minimax-M2.5,2,0.0306,2,0,1.0,439.8478,652.9672,1.3561,50.0439,20.6263,1.658,48.5037,83.9033,26.8227,2,90.4267,9.5733,True,需要关注,忙时并发接近实例数量；平均 NPU 较低但 HBM 很高，更像模型驻留内存压力,synthetic_history_calibrated,90
2026-05-02,Qwen3.6-35B-A3B,2,0.0167,2,0,1.0,474.0967,961.7783,0.5247,10.8789,1.9011,1.3763,4.8455,19.7836,0.504,0,92.7955,7.2045,True,需要关注,忙时并发接近实例数量；平均 NPU 较低但 HBM 很高，更像模型驻留内存压力,synthetic_history_calibrated,90
2026-05-03,DeepSeek-V4,6,0.5556,3,0,0.5,4574.1353,8788.607,12.7107,2.171,18.1829,2.9114,80.5039,81.7607,15.9703,21,94.157,5.843,True,需要关注,存在 NPU 高负载尖峰；平均 NPU 较低但 HBM 很高，更像模型驻留内存压力,synthetic_history_calibrated,90
2026-05-03,Minimax-M2.5,2,0.0306,2,0,1.0,441.6138,633.4435,1.3596,48.2823,23.8604,2.291,48.9824,82.581,22.8166,3,92.729,7.271,True,需要关注,忙时并发接近实例数量；平均 NPU 较低但 HBM 很高，更像模型驻留内存压力,synthetic_history_calibrated,90
2026-05-03,Qwen3.6-35B-A3B,2,0.0167,2,0,1.0,461.901,966.0081,0.5168,11.3145,3.3242,0.9205,6.199,18.2699,1.3303,0,87.721,12.279,True,需要关注,忙时并发接近实例数量,synthetic_history_calibrated,90
2026-05-04,DeepSeek-V4,6,0.5694,3,0,0.5,4447.2008,9553.9691,12.6923,0.0,14.5623,2.9291,81.7389,84.4464,15.7431,26,92.9754,7.0246,True,需要关注,存在 NPU 高负载尖峰；平均 NPU 较低但 HBM 很高，更像模型驻留内存压力,synthetic_history_calibrated,90
2026-05-04,Minimax-M2.5,2,0.0306,2,0,1.0,449.1353,615.3071,1.3624,48.4917,22.2328,1.6926,55.8148,94.8698,29.3799,1,89.3236,10.6764,True,需要关注,忙时并发接近实例数量,synthetic_history_calibrated,90
2026-05-04,Qwen3.6-35B-A3B,2,0.0167,2,0,1.0,449.3796,888.7417,0.5272,9.1836,1.1198,1.0928,6.0695,16.6667,0.2379,0,90.5398,9.4602,True,需要关注,忙时并发接近实例数量；平均 NPU 较低但 HBM 很高，更像模型驻留内存压力,synthetic_history_calibrated,90
2026-05-05,DeepSeek-V4,6,0.6597,4,0,0.6667,4535.3764,8930.0797,12.6913,0.9773,13.7594,3.3715,95.6179,92.5459,20.4151,27,94.6758,5.3242,True,需要关注,存在 NPU 高负载尖峰；平均 NPU 较低但 HBM 很高，更像模型驻留内存压力,synthetic_history_calibrated,90
2026-05-05,Minimax-M2.5,2,0.0306,2,0,1.0,436.6837,635.6281,1.3682,48.556,22.2131,2.1662,53.7723,86.2783,25.1301,1,91.6445,8.3555,True,需要关注,忙时并发接近实例数量；平均 NPU 较低但 HBM 很高，更像模型驻留内存压力,synthetic_history_calibrated,90
2026-05-05,Qwen3.6-35B-A3B,2,0.0167,2,0,1.0,477.4172,901.8974,0.5151,10.5062,4.9909,1.1532,6.7668,23.0557,0.0,0,93.3699,6.6301,True,需要关注,忙时并发接近实例数量；平均 NPU 较低但 HBM 很高，更像模型驻留内存压力,synthetic_history_calibrated,90
2026-05-06,DeepSeek-V4,6,0.8014,5,0,0.8333,4774.8202,9282.26,12.4474,4.3625,19.053,4.7073,100.0,100.0,24.3802,50,93.8402,6.1598,True,需要关注,忙时并发接近实例数量；存在 NPU 高负载尖峰；平均 NPU 较低但 HBM 很高，更像模型驻留内存压力,synthetic_history_calibrated,90
2026-05-06,Minimax-M2.5,2,0.0306,2,0,1.0,454.3159,601.4876,1.3439,43.3815,33.0772,2.5858,62.72,100.0,28.1558,18,92.6702,7.3298,True,需要关注,忙时并发接近实例数量；平均 NPU 较低但 HBM 很高，更像模型驻留内存压力,synthetic_history_calibrated,90
2026-05-06,Qwen3.6-35B-A3B,2,0.0167,2,0,1.0,482.6486,1039.4359,0.5,13.9821,0.0,1.04,5.8863,26.7096,0.0,0,92.3384,7.6616,True,需要关注,忙时并发接近实例数量；平均 NPU 较低但 HBM 很高，更像模型驻留内存压力,synthetic_history_calibrated,90
2026-05-07,DeepSeek-V4,6,0.6444,3,0,0.5,4541.1882,9028.0612,12.6648,0.0,12.5908,3.3273,85.845,90.2409,13.7939,26,94.7861,5.2139,True,需要关注,存在 NPU 高负载尖峰；平均 NPU 较低但 HBM 很高，更像模型驻留内存压力,synthetic_history_calibrated,90
2026-05-07,Minimax-M2.5,2,0.0306,2,0,1.0,436.216,633.5216,1.3629,50.5335,23.2843,1.7347,48.8603,80.4567,25.2318,1,91.9689,8.0311,True,需要关注,忙时并发接近实例数量；平均 NPU 较低但 HBM 很高，更像模型驻留内存压力,synthetic_history_calibrated,90
2026-05-07,Qwen3.6-35B-A3B,2,0.0153,1,0,0.5,461.1848,847.08,0.5092,12.2649,0.0021,0.8583,5.6579,15.4033,1.2433,0,92.4524,7.5476,True,需要关注,平均 NPU 较低但 HBM 很高，更像模型驻留内存压力,synthetic_history_calibrated,90
2026-05-08,DeepSeek-V4,6,0.6583,4,0,0.6667,4581.8371,9057.0349,12.611,0.2168,17.6706,3.1268,94.4369,95.8847,17.1608,21,95.4713,4.5287,True,容量风险,存在 NPU 高负载尖峰；平均 NPU 较低但 HBM 很高，更像模型驻留内存压力,synthetic_history_calibrated,90
2026-05-08,Minimax-M2.5,2,0.0306,2,0,1.0,439.4673,620.4709,1.3718,49.3743,24.8287,1.9653,59.2017,95.1353,27.5457,4,89.5637,10.4363,True,需要关注,忙时并发接近实例数量,synthetic_history_calibrated,90
2026-05-08,Qwen3.6-35B-A3B,2,0.0167,2,0,1.0,476.6155,910.0507,0.5276,10.0462,0.0,0.9643,5.4893,19.4512,0.0,0,92.9087,7.0913,True,需要关注,忙时并发接近实例数量；平均 NPU 较低但 HBM 很高，更像模型驻留内存压力,synthetic_history_calibrated,90
2026-05-09,DeepSeek-V4,6,0.6472,4,0,0.6667,4570.8176,8917.5233,12.7353,0.0,18.0052,3.2378,89.3576,89.748,17.3302,29,96.5157,3.4843,True,容量风险,存在 NPU 高负载尖峰；平均 NPU 较低但 HBM 很高，更像模型驻留内存压力,synthetic_history_calibrated,90
2026-05-09,Minimax-M2.5,2,0.0292,1,0,0.5,421.6885,600.7501,1.3609,47.1607,19.912,1.8972,38.9765,72.7924,20.9319,2,89.6436,10.3564,True,容量充足,当前未发现明确资源瓶颈,synthetic_history_calibrated,90
2026-05-09,Qwen3.6-35B-A3B,2,0.0167,2,0,1.0,469.6434,956.7087,0.5242,4.9569,0.1571,1.0251,5.1147,18.7653,0.0,0,91.3775,8.6225,True,需要关注,忙时并发接近实例数量；平均 NPU 较低但 HBM 很高，更像模型驻留内存压力,synthetic_history_calibrated,90
2026-05-10,DeepSeek-V4,6,0.6569,4,0,0.6667,4597.0854,9285.0645,12.6612,0.3818,16.2937,3.5617,91.0589,92.2231,15.4936,39,96.3381,3.6619,True,容量风险,存在 NPU 高负载尖峰；平均 NPU 较低但 HBM 很高，更像模型驻留内存压力,synthetic_history_calibrated,90
2026-05-10,Minimax-M2.5,2,0.0306,2,0,1.0,450.956,609.24,1.3615,52.1787,27.3501,1.9897,52.1748,93.8894,25.855,2,92.9838,7.0162,True,需要关注,忙时并发接近实例数量；平均 NPU 较低但 HBM 很高，更像模型驻留内存压力,synthetic_history_calibrated,90
2026-05-10,Qwen3.6-35B-A3B,2,0.0167,2,0,1.0,457.8469,854.7069,0.5214,8.3635,0.2202,0.9304,4.0916,16.992,4.2879,0,92.5555,7.4445,True,需要关注,忙时并发接近实例数量；平均 NPU 较低但 HBM 很高，更像模型驻留内存压力,synthetic_history_calibrated,90
2026-05-11,DeepSeek-V4,6,0.6569,4,0,0.6667,4515.7452,8890.2307,12.6424,0.3764,16.9559,3.2534,88.3173,88.6415,17.1142,29,95.5592,4.4408,True,容量风险,存在 NPU 高负载尖峰；平均 NPU 较低但 HBM 很高，更像模型驻留内存压力,synthetic_history_calibrated,90
2026-05-11,Minimax-M2.5,2,0.0306,2,0,1.0,437.1665,635.8016,1.3715,45.7996,24.0497,1.5076,51.6633,85.4701,21.0759,4,95.7833,4.2167,True,容量风险,忙时并发接近实例数量；平均 NPU 较低但 HBM 很高，更像模型驻留内存压力,synthetic_history_calibrated,90
2026-05-11,Qwen3.6-35B-A3B,2,0.0167,2,0,1.0,473.7031,952.9102,0.5221,7.7709,0.0,1.1057,4.9675,19.3771,4.2883,0,89.9077,10.0923,True,需要关注,忙时并发接近实例数量,synthetic_history_calibrated,90
2026-05-12,DeepSeek-V4,6,0.6819,4,0,0.6667,4606.5189,9136.1499,12.7251,2.0881,18.7159,4.0004,100.0,100.0,17.8246,41,92.819,7.181,True,需要关注,存在 NPU 高负载尖峰；平均 NPU 较低但 HBM 很高，更像模型驻留内存压力,synthetic_history_calibrated,90
2026-05-12,Minimax-M2.5,2,0.0306,2,0,1.0,448.6542,611.8338,1.3557,50.2198,32.9851,2.205,59.8412,100.0,27.6901,25,93.875,6.125,True,需要关注,忙时并发接近实例数量；平均 NPU 较低但 HBM 很高，更像模型驻留内存压力,synthetic_history_calibrated,90
2026-05-12,Qwen3.6-35B-A3B,2,0.0167,2,0,1.0,493.5611,1072.8774,0.5003,10.4897,1.8778,1.0966,5.7321,22.1523,0.7987,0,92.9151,7.0849,True,需要关注,忙时并发接近实例数量；平均 NPU 较低但 HBM 很高，更像模型驻留内存压力,synthetic_history_calibrated,90
2026-05-13,DeepSeek-V4,6,0.6653,4,0,0.6667,4593.0138,8525.2531,12.6668,0.0,15.3878,3.2026,92.5532,97.3349,15.3431,29,93.644,6.356,True,需要关注,存在 NPU 高负载尖峰；平均 NPU 较低但 HBM 很高，更像模型驻留内存压力,synthetic_history_calibrated,90
2026-05-13,Minimax-M2.5,2,0.0306,2,0,1.0,446.3067,621.3252,1.3578,45.7596,27.1001,2.0205,56.4092,98.5644,28.3998,2,92.8491,7.1509,True,需要关注,忙时并发接近实例数量；平均 NPU 较低但 HBM 很高，更像模型驻留内存压力,synthetic_history_calibrated,90
2026-05-13,Qwen3.6-35B-A3B,2,0.0167,2,0,1.0,455.0314,830.0632,0.5166,6.8544,0.0,0.9393,6.8431,20.8412,0.0,0,92.5604,7.4396,True,需要关注,忙时并发接近实例数量；平均 NPU 较低但 HBM 很高，更像模型驻留内存压力,synthetic_history_calibrated,90
2026-05-14,DeepSeek-V4,6,0.6778,4,0,0.6667,4637.1022,9489.7419,12.7116,0.0,18.4765,3.2403,97.2644,97.2712,19.4852,33,94.3546,5.6454,True,需要关注,存在 NPU 高负载尖峰；平均 NPU 较低但 HBM 很高，更像模型驻留内存压力,synthetic_history_calibrated,90
2026-05-14,Minimax-M2.5,2,0.0306,2,0,1.0,460.8913,636.5174,1.3373,47.3378,33.4294,2.868,72.3098,100.0,32.7827,32,91.2752,8.7248,True,需要关注,忙时并发接近实例数量；存在 NPU 高负载尖峰；平均 NPU 较低但 HBM 很高，更像模型驻留内存压力,synthetic_history_calibrated,90
2026-05-14,Qwen3.6-35B-A3B,2,0.0167,2,0,1.0,462.1919,809.0957,0.5193,10.4704,2.6861,1.0115,5.2467,20.1879,2.9535,0,92.4271,7.5729,True,需要关注,忙时并发接近实例数量；平均 NPU 较低但 HBM 很高，更像模型驻留内存压力,synthetic_history_calibrated,90
2026-05-15,DeepSeek-V4,6,0.6861,5,0,0.8333,4725.514,9917.0024,12.6983,0.0,22.2795,3.7826,100.0,100.0,18.2666,50,95.1311,4.8689,True,容量风险,忙时并发接近实例数量；存在 NPU 高负载尖峰；平均 NPU 较低但 HBM 很高，更像模型驻留内存压力,synthetic_history_calibrated,90
2026-05-15,Minimax-M2.5,2,0.0306,2,0,1.0,458.444,651.4334,1.3505,46.8014,32.4919,2.3786,65.4829,100.0,29.2623,19,89.6122,10.3878,True,需要关注,忙时并发接近实例数量,synthetic_history_calibrated,90
2026-05-15,Qwen3.6-35B-A3B,2,0.0167,2,0,1.0,452.9942,837.179,0.5224,13.4943,0.5024,1.0071,5.2655,22.825,0.0,0,89.2632,10.7368,True,需要关注,忙时并发接近实例数量,synthetic_history_calibrated,90
2026-05-16,DeepSeek-V4,6,0.6611,4,0,0.6667,4504.5002,8729.16,12.6764,1.5265,17.6983,3.5478,92.6449,92.4973,11.9656,28,93.6514,6.3486,True,需要关注,存在 NPU 高负载尖峰；平均 NPU 较低但 HBM 很高，更像模型驻留内存压力,synthetic_history_calibrated,90
2026-05-16,Minimax-M2.5,2,0.0292,1,0,0.5,429.8474,581.3185,1.3562,45.7081,21.8657,1.6396,39.7645,75.563,22.0549,2,90.9417,9.0583,True,需要关注,平均 NPU 较低但 HBM 很高，更像模型驻留内存压力,synthetic_history_calibrated,90
2026-05-16,Qwen3.6-35B-A3B,2,0.0167,2,0,1.0,476.6479,936.4898,0.5284,11.1606,2.0667,1.1139,5.0943,16.6003,0.0,0,92.049,7.951,True,需要关注,忙时并发接近实例数量；平均 NPU 较低但 HBM 很高，更像模型驻留内存压力,synthetic_history_calibrated,90
2026-05-17,DeepSeek-V4,6,0.6,3,0,0.5,4443.2207,8366.3949,12.7054,1.951,13.1757,3.074,81.2527,85.9248,17.956,24,94.6258,5.3742,True,需要关注,存在 NPU 高负载尖峰；平均 NPU 较低但 HBM 很高，更像模型驻留内存压力,synthetic_history_calibrated,90
2026-05-17,Minimax-M2.5,2,0.0306,2,0,1.0,442.181,632.2134,1.3644,45.0528,25.5309,1.6849,51.483,85.2335,24.6064,1,92.1569,7.8431,True,需要关注,忙时并发接近实例数量；平均 NPU 较低但 HBM 很高，更像模型驻留内存压力,synthetic_history_calibrated,90
2026-05-17,Qwen3.6-35B-A3B,2,0.0167,2,0,1.0,467.2022,884.0044,0.5146,9.3317,0.0,1.4435,7.093,22.2839,0.0,0,93.9307,6.0693,True,需要关注,忙时并发接近实例数量；平均 NPU 较低但 HBM 很高，更像模型驻留内存压力,synthetic_history_calibrated,90
2026-05-18,DeepSeek-V4,6,0.6333,4,0,0.6667,4651.4075,9159.2506,12.7001,0.0,15.6855,3.3974,85.5804,88.1482,17.5522,26,92.2417,7.7583,True,需要关注,存在 NPU 高负载尖峰；平均 NPU 较低但 HBM 很高，更像模型驻留内存压力,synthetic_history_calibrated,90
2026-05-18,Minimax-M2.5,2,0.0306,2,0,1.0,450.975,633.9767,1.3648,49.1879,28.1866,1.8144,54.9809,98.1329,24.4258,4,91.1803,8.8197,True,需要关注,忙时并发接近实例数量；平均 NPU 较低但 HBM 很高，更像模型驻留内存压力,synthetic_history_calibrated,90
2026-05-18,Qwen3.6-35B-A3B,2,0.0167,2,0,1.0,466.4201,792.4969,0.5132,10.2677,2.1826,1.3444,4.6643,18.2038,0.0,0,91.8911,8.1089,True,需要关注,忙时并发接近实例数量；平均 NPU 较低但 HBM 很高，更像模型驻留内存压力,synthetic_history_calibrated,90
2026-05-19,DeepSeek-V4,6,0.6125,3,0,0.5,4455.7445,9020.3105,12.7034,0.0,11.7291,3.3254,86.4444,86.4469,12.4859,27,93.0591,6.9409,True,需要关注,存在 NPU 高负载尖峰；平均 NPU 较低但 HBM 很高，更像模型驻留内存压力,synthetic_history_calibrated,90
2026-05-19,Minimax-M2.5,2,0.0306,2,0,1.0,448.9692,645.304,1.3787,45.876,27.192,1.9939,57.1364,89.0889,27.1776,3,92.8254,7.1746,True,需要关注,忙时并发接近实例数量；平均 NPU 较低但 HBM 很高，更像模型驻留内存压力,synthetic_history_calibrated,90
2026-05-19,Qwen3.6-35B-A3B,2,0.0167,2,0,1.0,457.991,888.5407,0.5158,6.9482,1.2523,1.0152,5.9816,24.6332,3.127,0,95.1102,4.8898,True,容量风险,忙时并发接近实例数量；平均 NPU 较低但 HBM 很高，更像模型驻留内存压力,synthetic_history_calibrated,90
2026-05-20,DeepSeek-V4,6,0.6792,4,0,0.6667,4761.6325,9565.9145,12.6884,2.6337,19.4394,3.5876,100.0,100.0,20.7267,31,96.3,3.7,True,容量风险,存在 NPU 高负载尖峰；平均 NPU 较低但 HBM 很高，更像模型驻留内存压力,synthetic_history_calibrated,90
2026-05-20,Minimax-M2.5,2,0.0306,2,0,1.0,440.8623,594.7377,1.3714,47.979,24.8453,2.0607,44.2778,86.2355,27.3782,1,87.7146,12.2854,True,需要关注,忙时并发接近实例数量,synthetic_history_calibrated,90
2026-05-20,Qwen3.6-35B-A3B,2,0.0167,2,0,1.0,475.3928,862.0987,0.5184,7.7018,0.3027,0.9632,5.3999,18.6142,0.0,0,93.1029,6.8971,True,需要关注,忙时并发接近实例数量；平均 NPU 较低但 HBM 很高，更像模型驻留内存压力,synthetic_history_calibrated,90
2026-05-21,DeepSeek-V4,6,0.6417,4,0,0.6667,4611.6129,9287.6371,12.6341,0.1718,12.2775,3.314,86.1523,91.5562,15.2825,23,93.3196,6.6804,True,需要关注,存在 NPU 高负载尖峰；平均 NPU 较低但 HBM 很高，更像模型驻留内存压力,synthetic_history_calibrated,90
2026-05-21,Minimax-M2.5,2,0.0306,2,0,1.0,446.1879,639.7512,1.3494,49.5823,26.0211,1.771,51.2691,90.795,26.2235,1,90.1613,9.8387,True,需要关注,忙时并发接近实例数量；平均 NPU 较低但 HBM 很高，更像模型驻留内存压力,synthetic_history_calibrated,90
2026-05-21,Qwen3.6-35B-A3B,2,0.0167,2,0,1.0,475.3937,945.0196,0.515,12.7494,2.6012,0.7862,5.5646,20.9313,0.0,0,92.7355,7.2645,True,需要关注,忙时并发接近实例数量；平均 NPU 较低但 HBM 很高，更像模型驻留内存压力,synthetic_history_calibrated,90
2026-05-22,DeepSeek-V4,6,0.6639,4,0,0.6667,4493.6841,8391.9152,12.7758,0.0,18.6065,3.1628,90.0688,92.4413,16.7344,32,94.5835,5.4165,True,需要关注,存在 NPU 高负载尖峰；平均 NPU 较低但 HBM 很高，更像模型驻留内存压力,synthetic_history_calibrated,90
2026-05-22,Minimax-M2.5,2,0.0306,2,0,1.0,433.2818,625.3186,1.3517,45.5561,22.6384,2.1733,54.2397,86.1911,25.6236,2,92.8094,7.1906,True,需要关注,忙时并发接近实例数量；平均 NPU 较低但 HBM 很高，更像模型驻留内存压力,synthetic_history_calibrated,90
2026-05-22,Qwen3.6-35B-A3B,2,0.0167,2,0,1.0,465.3491,925.7821,0.5198,4.9366,0.1303,0.9915,5.6027,16.5883,3.585,0,93.0857,6.9143,True,需要关注,忙时并发接近实例数量；平均 NPU 较低但 HBM 很高，更像模型驻留内存压力,synthetic_history_calibrated,90
2026-05-23,DeepSeek-V4,6,0.6431,4,0,0.6667,4504.6501,8959.5114,12.7537,0.0,21.1629,3.2167,88.4914,88.577,17.0536,30,95.7515,4.2485,True,容量风险,存在 NPU 高负载尖峰；平均 NPU 较低但 HBM 很高，更像模型驻留内存压力,synthetic_history_calibrated,90
2026-05-23,Minimax-M2.5,2,0.0292,1,0,0.5,419.6359,620.5423,1.3618,47.0538,19.7618,2.0045,43.2809,70.4838,18.336,2,92.07,7.93,True,需要关注,平均 NPU 较低但 HBM 很高，更像模型驻留内存压力,synthetic_history_calibrated,90
2026-05-23,Qwen3.6-35B-A3B,2,0.0167,2,0,1.0,453.7017,910.5947,0.5207,7.6651,0.0,0.8198,6.376,17.723,2.6921,0,92.6911,7.3089,True,需要关注,忙时并发接近实例数量；平均 NPU 较低但 HBM 很高，更像模型驻留内存压力,synthetic_history_calibrated,90
2026-05-24,DeepSeek-V4,6,0.5653,3,0,0.5,4395.3407,8804.6288,12.6729,0.0,12.8334,2.8977,77.6911,80.2231,12.6034,31,95.6246,4.3754,True,容量风险,存在 NPU 高负载尖峰；平均 NPU 较低但 HBM 很高，更像模型驻留内存压力,synthetic_history_calibrated,90
2026-05-24,Minimax-M2.5,2,0.0306,2,0,1.0,434.4364,599.5237,1.3687,50.9875,20.6392,1.9828,47.2306,77.4761,19.4553,2,93.2841,6.7159,True,需要关注,忙时并发接近实例数量；平均 NPU 较低但 HBM 很高，更像模型驻留内存压力,synthetic_history_calibrated,90
2026-05-24,Qwen3.6-35B-A3B,2,0.0167,2,0,1.0,478.8167,1012.2594,0.5149,11.3713,2.657,0.9683,5.2885,19.598,0.0,0,92.2348,7.7652,True,需要关注,忙时并发接近实例数量；平均 NPU 较低但 HBM 很高，更像模型驻留内存压力,synthetic_history_calibrated,90
2026-05-25,DeepSeek-V4,6,0.6208,3,0,0.5,4492.8339,8744.0801,12.7213,0.0795,15.7345,3.3432,86.0605,87.872,14.4122,26,95.1626,4.8374,True,容量风险,存在 NPU 高负载尖峰；平均 NPU 较低但 HBM 很高，更像模型驻留内存压力,synthetic_history_calibrated,90
2026-05-25,Minimax-M2.5,2,0.0306,2,0,1.0,438.1737,637.8751,1.3606,49.3868,26.6599,2.1439,56.9003,95.8783,26.8467,3,93.7932,6.2068,True,需要关注,忙时并发接近实例数量；平均 NPU 较低但 HBM 很高，更像模型驻留内存压力,synthetic_history_calibrated,90
2026-05-25,Qwen3.6-35B-A3B,2,0.0167,2,0,1.0,459.1622,887.549,0.5322,7.1037,0.9162,1.1935,5.3167,14.5137,0.0,0,93.9868,6.0132,True,需要关注,忙时并发接近实例数量；平均 NPU 较低但 HBM 很高，更像模型驻留内存压力,synthetic_history_calibrated,90
2026-05-26,DeepSeek-V4,6,0.6889,5,0,0.8333,4648.8706,9046.2133,12.5695,0.7057,17.979,3.7094,100.0,100.0,20.8381,43,94.1693,5.8307,True,需要关注,忙时并发接近实例数量；存在 NPU 高负载尖峰；平均 NPU 较低但 HBM 很高，更像模型驻留内存压力,synthetic_history_calibrated,90
2026-05-26,Minimax-M2.5,2,0.0306,2,0,1.0,440.8204,616.808,1.3714,53.0561,23.8455,1.9642,57.7333,97.7558,24.829,4,95.0209,4.9791,True,容量风险,忙时并发接近实例数量；平均 NPU 较低但 HBM 很高，更像模型驻留内存压力,synthetic_history_calibrated,90
2026-05-26,Qwen3.6-35B-A3B,2,0.0167,2,0,1.0,461.0041,891.1156,0.521,7.3263,0.0,0.8323,5.6499,21.2983,3.4217,0,90.767,9.233,True,需要关注,忙时并发接近实例数量；平均 NPU 较低但 HBM 很高，更像模型驻留内存压力,synthetic_history_calibrated,90
2026-05-27,DeepSeek-V4,6,0.6375,4,0,0.6667,4501.2613,8877.2716,12.7078,6.8962,16.6123,3.5551,88.8238,90.9388,12.6272,32,94.5993,5.4007,True,需要关注,存在 NPU 高负载尖峰；平均 NPU 较低但 HBM 很高，更像模型驻留内存压力,synthetic_history_calibrated,90
2026-05-27,Minimax-M2.5,2,0.0306,2,0,1.0,438.1097,596.6585,1.359,45.5295,24.0095,2.0613,55.4416,92.6484,24.3356,4,92.6126,7.3874,True,需要关注,忙时并发接近实例数量；平均 NPU 较低但 HBM 很高，更像模型驻留内存压力,synthetic_history_calibrated,90
2026-05-27,Qwen3.6-35B-A3B,2,0.0167,2,0,1.0,456.129,892.4516,0.516,7.8189,2.6366,0.7153,6.2549,24.874,1.6856,0,89.493,10.507,True,需要关注,忙时并发接近实例数量,synthetic_history_calibrated,90
2026-05-28,DeepSeek-V4,6,0.6889,4,0,0.6667,4595.0349,9174.4986,12.7421,2.8592,17.8735,3.7197,100.0,100.0,21.5511,50,94.423,5.577,True,需要关注,存在 NPU 高负载尖峰；平均 NPU 较低但 HBM 很高，更像模型驻留内存压力,synthetic_history_calibrated,90
2026-05-28,Minimax-M2.5,2,0.0306,2,0,1.0,469.0509,665.9605,1.3594,47.6294,31.3515,2.1326,65.144,100.0,30.2438,29,89.9189,10.0811,True,需要关注,忙时并发接近实例数量,synthetic_history_calibrated,90
2026-05-28,Qwen3.6-35B-A3B,2,0.0167,2,0,1.0,479.6333,924.4243,0.5149,10.9149,2.5041,0.9024,6.028,23.7555,3.0866,0,94.2514,5.7486,True,需要关注,忙时并发接近实例数量；平均 NPU 较低但 HBM 很高，更像模型驻留内存压力,synthetic_history_calibrated,90
2026-05-29,DeepSeek-V4,6,0.6569,4,0,0.6667,4497.2162,9434.3224,12.7116,3.0075,15.6577,3.3527,88.7176,91.1682,14.4996,35,94.8524,5.1476,True,需要关注,存在 NPU 高负载尖峰；平均 NPU 较低但 HBM 很高，更像模型驻留内存压力,synthetic_history_calibrated,90
2026-05-29,Minimax-M2.5,2,0.0306,2,0,1.0,428.877,582.8324,1.36,44.0899,27.1427,2.0767,51.5923,94.4547,25.0109,3,90.1916,9.8084,True,需要关注,忙时并发接近实例数量；平均 NPU 较低但 HBM 很高，更像模型驻留内存压力,synthetic_history_calibrated,90
2026-05-29,Qwen3.6-35B-A3B,2,0.0167,2,0,1.0,471.5762,881.625,0.5241,8.2952,5.0456,0.9834,6.8709,21.9404,0.8132,0,92.9925,7.0075,True,需要关注,忙时并发接近实例数量；平均 NPU 较低但 HBM 很高，更像模型驻留内存压力,synthetic_history_calibrated,90
2026-05-30,DeepSeek-V4,6,0.9278,6,0,1.0,6446.5831,12958.9602,12.686,0.0,21.472,4.349,100.0,100.0,23.4341,77,94.4829,5.5171,True,需要关注,忙时并发接近实例数量；存在 NPU 高负载尖峰；平均 NPU 较低但 HBM 很高，更像模型驻留内存压力,synthetic_history_calibrated,90
2026-05-30,Minimax-M2.5,2,0.0306,2,0,1.0,435.9272,613.5465,1.3552,47.0448,23.7962,1.7326,46.4373,84.2735,21.093,1,96.193,3.807,True,容量风险,忙时并发接近实例数量；平均 NPU 较低但 HBM 很高，更像模型驻留内存压力,synthetic_history_calibrated,90
2026-05-30,Qwen3.6-35B-A3B,2,0.0181,2,3,1.0,634.3739,1232.0496,0.5213,13.0603,0.0,1.1497,4.9504,27.985,0.0128,0,94.7828,5.2172,True,容量风险,出现等待队列，需评估扩容或分流；忙时并发接近实例数量；平均 NPU 较低但 HBM 很高，更像模型驻留内存压力,synthetic_history_calibrated,90
2026-05-31,DeepSeek-V4,6,0.5014,3,0,0.5,4385.933,8859.4139,12.6768,4.521,14.9555,2.9774,80.4137,79.3452,16.3646,28,96.4742,3.5258,True,容量风险,存在 NPU 高负载尖峰；平均 NPU 较低但 HBM 很高，更像模型驻留内存压力,synthetic_history_calibrated,90
2026-05-31,Minimax-M2.5,2,0.0292,1,0,0.5,432.0532,598.1238,1.3698,46.3814,19.0444,1.7037,45.3399,77.8429,20.7595,2,91.3164,8.6836,True,需要关注,平均 NPU 较低但 HBM 很高，更像模型驻留内存压力,synthetic_history_calibrated,90
2026-05-31,Qwen3.6-35B-A3B,2,0.0153,1,0,0.5,456.5127,988.4998,0.519,10.6751,1.5451,0.9306,5.1759,18.406,0.0,0,89.6193,10.3807,True,容量充足,当前未发现明确资源瓶颈,synthetic_history_calibrated,90
2026-06-01,DeepSeek-V4,6,0.6597,4,0,0.6667,4524.9343,9195.225,12.6581,2.8298,15.7737,3.4221,92.922,94.4267,16.2989,33,94.5694,5.4306,True,需要关注,存在 NPU 高负载尖峰；平均 NPU 较低但 HBM 很高，更像模型驻留内存压力,synthetic_history_calibrated,90
2026-06-01,Minimax-M2.5,2,0.0306,2,0,1.0,440.0005,659.7599,1.3545,45.3483,30.6118,2.0435,53.77,98.5091,29.3628,3,89.108,10.892,True,需要关注,忙时并发接近实例数量,synthetic_history_calibrated,90
2026-06-01,Qwen3.6-35B-A3B,2,0.0167,2,0,1.0,444.0617,844.7815,0.5219,9.9306,0.0,0.8693,5.4526,16.3657,2.0909,0,91.0083,8.9917,True,需要关注,忙时并发接近实例数量；平均 NPU 较低但 HBM 很高，更像模型驻留内存压力,synthetic_history_calibrated,90
2026-06-02,DeepSeek-V4,6,0.6764,5,0,0.8333,4561.4618,8971.2136,12.7678,2.0332,17.9342,3.7071,96.6834,100.0,13.6953,36,96.1409,3.8591,True,容量风险,忙时并发接近实例数量；存在 NPU 高负载尖峰；平均 NPU 较低但 HBM 很高，更像模型驻留内存压力,synthetic_history_calibrated,90
2026-06-02,Minimax-M2.5,2,0.0306,2,0,1.0,448.6932,632.5786,1.3493,48.0055,25.827,1.83,57.7017,97.2421,22.8989,1,91.5077,8.4923,True,需要关注,忙时并发接近实例数量；平均 NPU 较低但 HBM 很高，更像模型驻留内存压力,synthetic_history_calibrated,90
2026-06-02,Qwen3.6-35B-A3B,2,0.0167,2,0,1.0,457.3951,871.3067,0.5186,7.8365,2.1432,0.6181,4.4139,22.2701,0.9366,0,94.159,5.841,True,需要关注,忙时并发接近实例数量；平均 NPU 较低但 HBM 很高，更像模型驻留内存压力,synthetic_history_calibrated,90
2026-06-03,DeepSeek-V4,6,0.7667,5,0,0.8333,4804.9369,9684.6153,12.5077,0.0,20.8288,4.0541,100.0,100.0,20.6563,49,92.8987,7.1013,True,需要关注,忙时并发接近实例数量；存在 NPU 高负载尖峰；平均 NPU 较低但 HBM 很高，更像模型驻留内存压力,synthetic_history_calibrated,90
2026-06-03,Minimax-M2.5,2,0.0306,2,0,1.0,441.107,564.5376,1.3682,44.1742,24.625,1.9882,57.6906,95.9904,27.6315,1,94.0759,5.9241,True,需要关注,忙时并发接近实例数量；平均 NPU 较低但 HBM 很高，更像模型驻留内存压力,synthetic_history_calibrated,90
2026-06-03,Qwen3.6-35B-A3B,2,0.0167,2,0,1.0,478.5564,959.1282,0.5148,7.2958,0.0,0.9822,6.1031,26.837,0.0,0,89.847,10.153,True,需要关注,忙时并发接近实例数量,synthetic_history_calibrated,90
2026-06-04,DeepSeek-V4,6,0.7111,5,0,0.8333,4670.9199,9151.5866,12.6828,0.0,22.0221,3.9101,100.0,100.0,20.5789,51,96.5172,3.4828,True,容量风险,忙时并发接近实例数量；存在 NPU 高负载尖峰；平均 NPU 较低但 HBM 很高，更像模型驻留内存压力,synthetic_history_calibrated,90
2026-06-04,Minimax-M2.5,2,0.0306,2,0,1.0,451.3771,603.9961,1.3492,51.2009,27.7659,1.7638,58.1823,100.0,25.8589,9,91.8764,8.1236,True,需要关注,忙时并发接近实例数量；平均 NPU 较低但 HBM 很高，更像模型驻留内存压力,synthetic_history_calibrated,90
2026-06-04,Qwen3.6-35B-A3B,2,0.0167,2,0,1.0,463.2012,840.1433,0.5169,13.0618,3.7982,0.7747,8.183,23.9039,2.6863,0,90.6552,9.3448,True,需要关注,忙时并发接近实例数量；平均 NPU 较低但 HBM 很高，更像模型驻留内存压力,synthetic_history_calibrated,90
2026-06-05,DeepSeek-V4,6,0.7375,6,0,1.0,4790.5319,9661.3954,12.4975,0.0,17.7812,4.027,100.0,100.0,21.0353,47,96.7482,3.2518,True,容量风险,忙时并发接近实例数量；存在 NPU 高负载尖峰；平均 NPU 较低但 HBM 很高，更像模型驻留内存压力,synthetic_history_calibrated,90
2026-06-05,Minimax-M2.5,2,0.0292,1,0,0.5,441.7432,616.2397,1.3559,41.8344,24.5207,1.854,50.4137,85.5024,26.728,1,89.6994,10.3006,True,容量充足,当前未发现明确资源瓶颈,synthetic_history_calibrated,90
2026-06-05,Qwen3.6-35B-A3B,2,0.0167,2,0,1.0,463.7341,875.9265,0.5177,6.8737,2.0283,0.9501,4.4797,21.1562,0.0,0,89.8531,10.1469,True,需要关注,忙时并发接近实例数量,synthetic_history_calibrated,90
2026-06-06,DeepSeek-V4,6,0.4736,3,0,0.5,4474.7629,9023.195,12.6411,3.2206,18.2464,2.9442,73.343,76.2388,8.5224,28,94.7562,5.2438,True,需要关注,存在 NPU 高负载尖峰；平均 NPU 较低但 HBM 很高，更像模型驻留内存压力,synthetic_history_calibrated,90
2026-06-06,Minimax-M2.5,2,0.0306,2,0,1.0,435.0804,603.1271,1.3795,44.6725,24.4478,1.7194,49.9402,81.7432,24.9311,1,95.0331,4.9669,True,容量风险,忙时并发接近实例数量；平均 NPU 较低但 HBM 很高，更像模型驻留内存压力,synthetic_history_calibrated,90
2026-06-06,Qwen3.6-35B-A3B,2,0.0167,2,0,1.0,458.8925,869.8867,0.5172,7.4999,0.0,1.0658,4.9683,18.5485,2.8863,0,89.9906,10.0094,True,需要关注,忙时并发接近实例数量,synthetic_history_calibrated,90
2026-06-07,DeepSeek-V4,6,0.5681,3,0,0.5,4557.4415,9067.4002,12.7429,3.9677,16.3547,2.9577,81.6139,82.5664,15.6341,29,95.3879,4.6121,True,容量风险,存在 NPU 高负载尖峰；平均 NPU 较低但 HBM 很高，更像模型驻留内存压力,synthetic_history_calibrated,90
2026-06-07,Minimax-M2.5,2,0.0292,1,0,0.5,425.1228,621.57,1.3636,44.2595,17.8256,1.6433,42.0814,68.9178,23.4644,0,90.6503,9.3497,True,需要关注,平均 NPU 较低但 HBM 很高，更像模型驻留内存压力,synthetic_history_calibrated,90
2026-06-07,Qwen3.6-35B-A3B,2,0.0167,2,0,1.0,460.6119,851.2198,0.512,9.319,0.0,0.9751,5.0879,18.1244,2.9619,0,88.7237,11.2763,True,需要关注,忙时并发接近实例数量,synthetic_history_calibrated,90
2026-06-08,DeepSeek-V4,6,0.7375,5,0,0.8333,4847.5569,10452.4015,12.455,4.1563,23.4066,4.2963,100.0,100.0,18.9755,39,93.1676,6.8324,True,需要关注,忙时并发接近实例数量；存在 NPU 高负载尖峰；平均 NPU 较低但 HBM 很高，更像模型驻留内存压力,synthetic_history_calibrated,90
2026-06-08,Minimax-M2.5,2,0.0306,2,0,1.0,452.2786,663.8469,1.3636,49.2531,24.7446,2.2054,56.7041,93.9821,32.0373,4,93.7087,6.2913,True,需要关注,忙时并发接近实例数量；平均 NPU 较低但 HBM 很高，更像模型驻留内存压力,synthetic_history_calibrated,90
2026-06-08,Qwen3.6-35B-A3B,2,0.0167,2,0,1.0,473.3336,878.2655,0.5153,13.6539,2.9711,1.0923,5.6709,22.3159,0.0,0,93.0614,6.9386,True,需要关注,忙时并发接近实例数量；平均 NPU 较低但 HBM 很高，更像模型驻留内存压力,synthetic_history_calibrated,90
2026-06-09,DeepSeek-V4,6,0.6708,4,0,0.6667,4578.641,9058.021,12.7036,2.7125,17.4428,3.3567,100.0,99.9102,15.8607,29,93.6329,6.3671,True,需要关注,存在 NPU 高负载尖峰；平均 NPU 较低但 HBM 很高，更像模型驻留内存压力,synthetic_history_calibrated,90
2026-06-09,Minimax-M2.5,2,0.0306,2,0,1.0,439.6932,592.912,1.3676,47.9484,25.0512,1.6116,49.0464,91.2351,26.7675,3,91.8284,8.1716,True,需要关注,忙时并发接近实例数量；平均 NPU 较低但 HBM 很高，更像模型驻留内存压力,synthetic_history_calibrated,90
2026-06-09,Qwen3.6-35B-A3B,2,0.0167,2,0,1.0,461.484,979.2107,0.5106,5.8604,0.979,0.9051,6.0384,22.1004,0.0,0,90.5656,9.4344,True,需要关注,忙时并发接近实例数量；平均 NPU 较低但 HBM 很高，更像模型驻留内存压力,synthetic_history_calibrated,90
2026-06-10,DeepSeek-V4,6,0.6542,4,0,0.6667,4596.741,9061.6447,12.6637,0.0,14.3843,3.1551,92.0533,93.2029,16.1245,32,94.5664,5.4336,True,需要关注,存在 NPU 高负载尖峰；平均 NPU 较低但 HBM 很高，更像模型驻留内存压力,synthetic_history_calibrated,90
2026-06-10,Minimax-M2.5,2,0.0306,2,0,1.0,453.5077,595.1033,1.3686,47.0931,28.7986,1.8656,59.3228,99.4821,30.3404,9,95.3893,4.6107,True,容量风险,忙时并发接近实例数量；平均 NPU 较低但 HBM 很高，更像模型驻留内存压力,synthetic_history_calibrated,90
2026-06-10,Qwen3.6-35B-A3B,2,0.0167,2,0,1.0,472.2966,985.603,0.5302,11.3138,2.547,0.8791,4.8754,18.4991,5.3894,0,89.168,10.832,True,需要关注,忙时并发接近实例数量,synthetic_history_calibrated,90
2026-06-11,DeepSeek-V4,6,0.6611,3,0,0.5,4603.5878,8625.3259,12.689,0.0,16.9021,3.2173,89.0482,92.406,15.2955,27,93.267,6.733,True,需要关注,存在 NPU 高负载尖峰；平均 NPU 较低但 HBM 很高，更像模型驻留内存压力,synthetic_history_calibrated,90
2026-06-11,Minimax-M2.5,2,0.0306,2,0,1.0,443.8565,628.1198,1.3702,48.1957,32.5179,2.0806,59.928,100.0,26.0606,4,91.1771,8.8229,True,需要关注,忙时并发接近实例数量；平均 NPU 较低但 HBM 很高，更像模型驻留内存压力,synthetic_history_calibrated,90
2026-06-11,Qwen3.6-35B-A3B,2,0.0167,2,0,1.0,468.5608,892.7445,0.5112,13.0478,0.0,1.0437,5.9699,17.6925,0.4059,0,92.9589,7.0411,True,需要关注,忙时并发接近实例数量；平均 NPU 较低但 HBM 很高，更像模型驻留内存压力,synthetic_history_calibrated,90
2026-06-12,DeepSeek-V4,6,0.6389,4,0,0.6667,4445.5807,8870.3255,12.7128,0.0,18.9809,3.2894,84.4451,89.3049,16.3725,25,95.4412,4.5588,True,容量风险,存在 NPU 高负载尖峰；平均 NPU 较低但 HBM 很高，更像模型驻留内存压力,synthetic_history_calibrated,90
2026-06-12,Minimax-M2.5,2,0.0306,2,0,1.0,442.6209,645.8645,1.357,50.0369,20.701,1.6954,50.184,81.4191,20.5732,1,94.5066,5.4934,True,需要关注,忙时并发接近实例数量；平均 NPU 较低但 HBM 很高，更像模型驻留内存压力,synthetic_history_calibrated,90
2026-06-12,Qwen3.6-35B-A3B,2,0.0167,2,0,1.0,469.277,825.1842,0.5275,12.9043,0.0,0.9069,4.3803,12.1424,0.5097,0,93.3336,6.6664,True,需要关注,忙时并发接近实例数量；平均 NPU 较低但 HBM 很高，更像模型驻留内存压力,synthetic_history_calibrated,90
2026-06-13,DeepSeek-V4,6,0.6028,3,0,0.5,4504.2141,8891.853,12.7092,0.0,17.8949,3.1055,85.6857,86.2249,18.2055,24,97.7179,2.2821,True,容量风险,存在 NPU 高负载尖峰；平均 NPU 较低但 HBM 很高，更像模型驻留内存压力,synthetic_history_calibrated,90
2026-06-13,Minimax-M2.5,2,0.0306,2,0,1.0,428.1522,576.0112,1.3571,52.3195,20.2804,2.1166,48.408,77.7141,21.1058,3,94.9176,5.0824,True,需要关注,忙时并发接近实例数量；平均 NPU 较低但 HBM 很高，更像模型驻留内存压力,synthetic_history_calibrated,90
2026-06-13,Qwen3.6-35B-A3B,2,0.0167,2,0,1.0,461.3996,891.5708,0.5117,3.7719,0.8637,1.099,6.2315,26.6633,0.0,0,95.4496,4.5504,True,容量风险,忙时并发接近实例数量；平均 NPU 较低但 HBM 很高，更像模型驻留内存压力,synthetic_history_calibrated,90
2026-06-14,DeepSeek-V4,6,0.6208,3,0,0.5,4524.2295,8748.4983,12.6978,0.2052,13.522,3.3393,85.3519,85.8012,16.392,28,96.0797,3.9203,True,容量风险,存在 NPU 高负载尖峰；平均 NPU 较低但 HBM 很高，更像模型驻留内存压力,synthetic_history_calibrated,90
2026-06-14,Minimax-M2.5,2,0.0306,2,0,1.0,422.6299,564.0718,1.3624,48.2221,19.0987,2.2008,44.6073,76.17,21.9117,2,96.0706,3.9294,True,容量风险,忙时并发接近实例数量；平均 NPU 较低但 HBM 很高，更像模型驻留内存压力,synthetic_history_calibrated,90
2026-06-14,Qwen3.6-35B-A3B,2,0.0153,1,0,0.5,459.4484,899.4109,0.5179,10.3822,0.0,0.8921,4.4383,15.4039,3.304,0,90.4475,9.5525,True,需要关注,平均 NPU 较低但 HBM 很高，更像模型驻留内存压力,synthetic_history_calibrated,90
2026-06-15,DeepSeek-V4,6,0.6778,4,0,0.6667,4596.8598,9116.6175,12.7422,0.0,19.4442,3.8153,90.9312,96.6541,18.1151,33,94.674,5.326,True,需要关注,存在 NPU 高负载尖峰；平均 NPU 较低但 HBM 很高，更像模型驻留内存压力,synthetic_history_calibrated,90
2026-06-15,Minimax-M2.5,2,0.0306,2,0,1.0,440.799,601.2821,1.3645,44.6689,25.5513,2.087,51.0542,91.2381,24.5108,3,92.228,7.772,True,需要关注,忙时并发接近实例数量；平均 NPU 较低但 HBM 很高，更像模型驻留内存压力,synthetic_history_calibrated,90
2026-06-15,Qwen3.6-35B-A3B,2,0.0167,2,0,1.0,475.7735,958.2574,0.5207,7.002,0.5318,1.4362,4.6194,19.8508,0.0,0,94.0451,5.9549,True,需要关注,忙时并发接近实例数量；平均 NPU 较低但 HBM 很高，更像模型驻留内存压力,synthetic_history_calibrated,90
2026-06-16,DeepSeek-V4,6,0.6611,4,0,0.6667,4589.938,9866.289,12.6555,1.6326,17.7095,3.4137,92.8278,94.1934,15.2736,39,93.0702,6.9298,True,需要关注,存在 NPU 高负载尖峰；平均 NPU 较低但 HBM 很高，更像模型驻留内存压力,synthetic_history_calibrated,90
2026-06-16,Minimax-M2.5,2,0.0306,2,0,1.0,446.6604,581.8896,1.3508,44.1915,29.4594,1.9074,67.4398,100.0,32.0781,18,92.1758,7.8242,True,需要关注,忙时并发接近实例数量；平均 NPU 较低但 HBM 很高，更像模型驻留内存压力,synthetic_history_calibrated,90
2026-06-16,Qwen3.6-35B-A3B,2,0.0167,2,0,1.0,471.2151,905.4817,0.5216,7.0856,0.2442,0.995,4.0275,21.3099,0.0,0,93.3755,6.6245,True,需要关注,忙时并发接近实例数量；平均 NPU 较低但 HBM 很高，更像模型驻留内存压力,synthetic_history_calibrated,90
2026-06-17,DeepSeek-V4,6,0.6736,5,0,0.8333,4618.1586,8626.146,12.7985,3.8591,22.0823,3.2095,97.1085,100.0,18.6751,34,94.0269,5.9731,True,需要关注,忙时并发接近实例数量；存在 NPU 高负载尖峰；平均 NPU 较低但 HBM 很高，更像模型驻留内存压力,synthetic_history_calibrated,90
2026-06-17,Minimax-M2.5,2,0.0306,2,0,1.0,446.4644,601.2544,1.3682,42.2302,25.9274,2.382,53.0428,95.9109,25.219,1,94.2372,5.7628,True,需要关注,忙时并发接近实例数量；平均 NPU 较低但 HBM 很高，更像模型驻留内存压力,synthetic_history_calibrated,90
2026-06-17,Qwen3.6-35B-A3B,2,0.0167,2,0,1.0,464.725,966.6798,0.5241,12.7727,0.0,1.2983,4.2508,23.7838,0.0,0,92.7829,7.2171,True,需要关注,忙时并发接近实例数量；平均 NPU 较低但 HBM 很高，更像模型驻留内存压力,synthetic_history_calibrated,90
2026-06-18,DeepSeek-V4,6,0.7236,5,0,0.8333,4637.9626,9134.6341,12.5991,0.1554,21.4084,3.8345,100.0,100.0,21.5269,35,93.0478,6.9522,True,需要关注,忙时并发接近实例数量；存在 NPU 高负载尖峰；平均 NPU 较低但 HBM 很高，更像模型驻留内存压力,synthetic_history_calibrated,90
2026-06-18,Minimax-M2.5,2,0.0306,2,0,1.0,452.7426,621.9025,1.3646,45.4981,33.4084,2.0771,63.9235,100.0,24.3599,13,95.1303,4.8697,True,容量风险,忙时并发接近实例数量；平均 NPU 较低但 HBM 很高，更像模型驻留内存压力,synthetic_history_calibrated,90
2026-06-18,Qwen3.6-35B-A3B,2,0.0167,2,0,1.0,479.2965,937.3627,0.5075,12.4622,4.323,1.1878,6.1896,25.2222,0.6692,0,90.2197,9.7803,True,需要关注,忙时并发接近实例数量；平均 NPU 较低但 HBM 很高，更像模型驻留内存压力,synthetic_history_calibrated,90
2026-06-19,DeepSeek-V4,6,0.7917,6,0,1.0,4735.6358,9715.9334,12.4747,5.8638,21.9621,4.2671,100.0,100.0,24.1229,60,95.8547,4.1453,True,容量风险,忙时并发接近实例数量；存在 NPU 高负载尖峰；平均 NPU 较低但 HBM 很高，更像模型驻留内存压力,synthetic_history_calibrated,90
2026-06-19,Minimax-M2.5,2,0.0306,2,0,1.0,462.5031,653.5397,1.3417,48.7642,31.3626,1.9302,65.6232,100.0,29.3262,28,92.3342,7.6658,True,需要关注,忙时并发接近实例数量；平均 NPU 较低但 HBM 很高，更像模型驻留内存压力,synthetic_history_calibrated,90
2026-06-19,Qwen3.6-35B-A3B,2,0.0167,2,0,1.0,477.0403,930.8675,0.5131,6.1696,0.4856,0.5868,5.1607,22.3829,1.9866,0,94.0312,5.9688,True,需要关注,忙时并发接近实例数量；平均 NPU 较低但 HBM 很高，更像模型驻留内存压力,synthetic_history_calibrated,90
2026-06-20,DeepSeek-V4,6,0.6736,4,0,0.6667,4645.451,9044.3656,12.6467,2.3229,18.2749,3.5524,95.3602,100.0,17.4047,36,94.4489,5.5511,True,需要关注,存在 NPU 高负载尖峰；平均 NPU 较低但 HBM 很高，更像模型驻留内存压力,synthetic_history_calibrated,90
2026-06-20,Minimax-M2.5,2,0.0306,2,0,1.0,448.7337,638.2588,1.3524,53.6672,25.421,2.1657,50.853,92.866,22.9858,4,90.6341,9.3659,True,需要关注,忙时并发接近实例数量；平均 NPU 较低但 HBM 很高，更像模型驻留内存压力,synthetic_history_calibrated,90
2026-06-20,Qwen3.6-35B-A3B,2,0.0167,2,0,1.0,464.9311,830.2865,0.5233,5.3898,2.2075,1.3236,7.406,16.1986,0.6424,0,92.1941,7.8059,True,需要关注,忙时并发接近实例数量；平均 NPU 较低但 HBM 很高，更像模型驻留内存压力,synthetic_history_calibrated,90
2026-06-21,DeepSeek-V4,6,0.6069,4,0,0.6667,4485.8122,9243.9623,12.6966,1.0,16.5074,3.221,80.4528,86.0924,15.6608,27,92.0364,7.9636,True,需要关注,存在 NPU 高负载尖峰；平均 NPU 较低但 HBM 很高，更像模型驻留内存压力,synthetic_history_calibrated,90
2026-06-21,Minimax-M2.5,2,0.0306,2,0,1.0,444.683,622.8066,1.3669,47.9301,24.9294,2.101,56.0558,97.6509,24.9695,1,95.8144,4.1856,True,容量风险,忙时并发接近实例数量；平均 NPU 较低但 HBM 很高，更像模型驻留内存压力,synthetic_history_calibrated,90
2026-06-21,Qwen3.6-35B-A3B,2,0.0167,2,0,1.0,456.3475,862.9211,0.5259,13.3864,0.0,0.856,6.3388,24.3989,0.0,0,94.8711,5.1289,True,需要关注,忙时并发接近实例数量；平均 NPU 较低但 HBM 很高，更像模型驻留内存压力,synthetic_history_calibrated,90
2026-06-22,DeepSeek-V4,6,0.6847,5,0,0.8333,4625.2023,8980.6331,12.7037,0.0,19.5078,3.3917,99.2285,100.0,19.3292,36,92.0282,7.9718,True,需要关注,忙时并发接近实例数量；存在 NPU 高负载尖峰；平均 NPU 较低但 HBM 很高，更像模型驻留内存压力,synthetic_history_calibrated,90
2026-06-22,Minimax-M2.5,2,0.0306,2,0,1.0,442.8677,606.1567,1.3584,46.0009,24.1048,1.5783,50.6457,92.6721,24.5781,4,94.804,5.196,True,需要关注,忙时并发接近实例数量；平均 NPU 较低但 HBM 很高，更像模型驻留内存压力,synthetic_history_calibrated,90
2026-06-22,Qwen3.6-35B-A3B,2,0.0167,2,0,1.0,464.7242,869.8712,0.5097,7.3791,0.2467,1.464,5.1358,16.9058,4.0435,0,90.9774,9.0226,True,需要关注,忙时并发接近实例数量；平均 NPU 较低但 HBM 很高，更像模型驻留内存压力,synthetic_history_calibrated,90
2026-06-23,DeepSeek-V4,6,1.1444,6,1,1.0,7090.7793,14254.3921,12.5876,0.0,29.1269,5.2605,100.0,100.0,32.1877,90,93.5873,6.4127,True,容量风险,出现等待队列，需评估扩容或分流；忙时并发接近实例数量；存在 NPU 高负载尖峰；平均 NPU 较低但 HBM 很高，更像模型驻留内存压力,synthetic_history_calibrated,90
2026-06-23,Minimax-M2.5,2,0.0583,2,2,1.0,776.9813,1172.0254,1.3444,47.6967,46.1406,3.5251,100.0,100.0,49.6672,58,91.3981,8.6019,True,容量风险,出现等待队列，需评估扩容或分流；忙时并发接近实例数量；存在 NPU 高负载尖峰；平均 NPU 较低但 HBM 很高，更像模型驻留内存压力,synthetic_history_calibrated,90
2026-06-23,Qwen3.6-35B-A3B,2,0.0306,2,3,1.0,784.2754,1494.5118,0.5074,10.2735,2.2315,1.0578,7.7198,46.6699,1.1121,0,89.8738,10.1262,True,容量风险,出现等待队列，需评估扩容或分流；忙时并发接近实例数量,synthetic_history_calibrated,90
2026-06-24,DeepSeek-V4,6,0.7236,5,0,0.8333,4733.359,9268.4534,12.4946,6.4996,20.6458,3.6483,100.0,100.0,22.6125,49,93.4146,6.5854,True,需要关注,忙时并发接近实例数量；存在 NPU 高负载尖峰；平均 NPU 较低但 HBM 很高，更像模型驻留内存压力,synthetic_history_calibrated,90
2026-06-24,Minimax-M2.5,2,0.0306,2,0,1.0,453.5326,600.7232,1.3711,48.4836,28.8083,2.2263,57.1948,100.0,28.576,4,93.3425,6.6575,True,需要关注,忙时并发接近实例数量；平均 NPU 较低但 HBM 很高，更像模型驻留内存压力,synthetic_history_calibrated,90
2026-06-24,Qwen3.6-35B-A3B,2,0.0167,2,0,1.0,458.7058,884.7194,0.5222,4.5559,1.3319,1.2325,5.9338,26.1784,0.0,0,91.9265,8.0735,True,需要关注,忙时并发接近实例数量；平均 NPU 较低但 HBM 很高，更像模型驻留内存压力,synthetic_history_calibrated,90
2026-06-25,DeepSeek-V4,6,0.6458,4,0,0.6667,4511.0493,9296.5344,12.7416,0.0,17.6328,3.2281,90.4533,88.7313,14.6076,28,94.1846,5.8154,True,需要关注,存在 NPU 高负载尖峰；平均 NPU 较低但 HBM 很高，更像模型驻留内存压力,synthetic_history_calibrated,90
2026-06-25,Minimax-M2.5,2,0.0306,2,0,1.0,454.4797,644.7668,1.3287,50.7594,30.3505,1.8463,65.0461,100.0,29.3346,16,93.8577,6.1423,True,需要关注,忙时并发接近实例数量；平均 NPU 较低但 HBM 很高，更像模型驻留内存压力,synthetic_history_calibrated,90
2026-06-25,Qwen3.6-35B-A3B,2,0.0167,2,0,1.0,462.5565,923.0758,0.5189,9.6035,0.2358,0.6933,6.0546,18.7807,3.1584,0,91.7697,8.2303,True,需要关注,忙时并发接近实例数量；平均 NPU 较低但 HBM 很高，更像模型驻留内存压力,synthetic_history_calibrated,90
2026-06-26,DeepSeek-V4,6,0.6736,4,0,0.6667,4582.1999,8936.3202,12.6813,0.0,18.656,3.5318,98.3963,100.0,17.0483,35,95.8863,4.1137,True,容量风险,存在 NPU 高负载尖峰；平均 NPU 较低但 HBM 很高，更像模型驻留内存压力,synthetic_history_calibrated,90
2026-06-26,Minimax-M2.5,2,0.0306,2,0,1.0,434.674,551.6171,1.3632,50.4038,22.122,2.0966,46.7304,85.8488,25.1051,4,92.9423,7.0577,True,需要关注,忙时并发接近实例数量；平均 NPU 较低但 HBM 很高，更像模型驻留内存压力,synthetic_history_calibrated,90
2026-06-26,Qwen3.6-35B-A3B,2,0.0167,2,0,1.0,469.14,915.391,0.5205,5.5446,1.3876,1.5701,5.7649,20.3663,0.0,0,92.8484,7.1516,True,需要关注,忙时并发接近实例数量；平均 NPU 较低但 HBM 很高，更像模型驻留内存压力,synthetic_history_calibrated,90
2026-06-27,DeepSeek-V4,6,0.6833,4,0,0.6667,4600.6785,9622.8505,12.676,0.0,19.2477,3.536,100.0,100.0,18.5677,39,95.1115,4.8885,True,容量风险,存在 NPU 高负载尖峰；平均 NPU 较低但 HBM 很高，更像模型驻留内存压力,synthetic_history_calibrated,90
2026-06-27,Minimax-M2.5,2,0.0306,2,0,1.0,434.3558,575.3478,1.3705,44.4642,23.7237,1.7837,49.6423,87.9886,22.4636,3,91.9138,8.0862,True,需要关注,忙时并发接近实例数量；平均 NPU 较低但 HBM 很高，更像模型驻留内存压力,synthetic_history_calibrated,90
2026-06-27,Qwen3.6-35B-A3B,2,0.0167,2,0,1.0,448.7776,779.3969,0.523,11.5847,0.0,1.0051,3.8524,16.9222,0.78,0,92.3112,7.6888,True,需要关注,忙时并发接近实例数量；平均 NPU 较低但 HBM 很高，更像模型驻留内存压力,synthetic_history_calibrated,90
2026-06-28,DeepSeek-V4,6,0.6736,4,0,0.6667,4591.3651,9752.3807,12.7107,3.6839,16.8148,3.378,97.6492,100.0,15.0919,24,98.7775,1.2225,True,容量风险,存在 NPU 高负载尖峰；平均 NPU 较低但 HBM 很高，更像模型驻留内存压力,synthetic_history_calibrated,90
2026-06-28,Minimax-M2.5,2,0.0306,2,0,1.0,449.9766,607.22,1.3669,51.9473,24.5383,1.6348,55.9486,94.4557,26.6951,4,92.8714,7.1286,True,需要关注,忙时并发接近实例数量；平均 NPU 较低但 HBM 很高，更像模型驻留内存压力,synthetic_history_calibrated,90
2026-06-28,Qwen3.6-35B-A3B,2,0.0153,1,0,0.5,454.6271,977.8907,0.5136,13.8183,1.6103,1.3156,5.1043,18.2169,0.7453,0,92.1549,7.8451,True,需要关注,平均 NPU 较低但 HBM 很高，更像模型驻留内存压力,synthetic_history_calibrated,90
2026-06-29,DeepSeek-V4,6,0.6792,4,0,0.6667,4725.4017,9789.0699,12.6898,0.0,19.0117,3.291,93.6283,98.5956,15.6111,40,95.6181,4.3819,True,容量风险,存在 NPU 高负载尖峰；平均 NPU 较低但 HBM 很高，更像模型驻留内存压力,synthetic_history_calibrated,90
2026-06-29,Minimax-M2.5,2,0.0306,2,0,1.0,453.8717,651.988,1.3543,45.8164,29.0421,2.3218,60.3073,100.0,28.8158,8,92.3364,7.6636,True,需要关注,忙时并发接近实例数量；平均 NPU 较低但 HBM 很高，更像模型驻留内存压力,synthetic_history_calibrated,90
2026-06-29,Qwen3.6-35B-A3B,2,0.0167,2,0,1.0,485.2149,895.5343,0.5075,11.5075,2.4765,1.0516,7.0183,23.3823,0.0982,0,92.6975,7.3025,True,需要关注,忙时并发接近实例数量；平均 NPU 较低但 HBM 很高，更像模型驻留内存压力,synthetic_history_calibrated,90
2026-06-30,DeepSeek-V4,6,0.7389,5,0,0.8333,4714.8427,9737.8227,12.518,0.0,19.1452,4.1116,100.0,100.0,22.3751,47,94.1873,5.8127,True,需要关注,忙时并发接近实例数量；存在 NPU 高负载尖峰；平均 NPU 较低但 HBM 很高，更像模型驻留内存压力,synthetic_history_calibrated,90
2026-06-30,Minimax-M2.5,2,0.0306,2,0,1.0,442.0045,605.4728,1.3638,45.447,26.1825,1.8703,57.4073,100.0,25.9829,3,92.5998,7.4002,True,需要关注,忙时并发接近实例数量；平均 NPU 较低但 HBM 很高，更像模型驻留内存压力,synthetic_history_calibrated,90
2026-06-30,Qwen3.6-35B-A3B,2,0.0167,2,0,1.0,471.3938,937.1241,0.5187,6.162,3.4453,0.6947,5.305,23.3032,0.0166,0,93.2631,6.7369,True,需要关注,忙时并发接近实例数量；平均 NPU 较低但 HBM 很高，更像模型驻留内存压力,synthetic_history_calibrated,90
2026-07-01,DeepSeek-V4,6,0.6931,5,0,0.8333,4726.0696,9214.4915,12.698,0.0,23.3499,3.5606,100.0,100.0,20.4959,47,91.4667,8.5333,True,需要关注,忙时并发接近实例数量；存在 NPU 高负载尖峰；平均 NPU 较低但 HBM 很高，更像模型驻留内存压力,synthetic_history_calibrated,90
2026-07-01,Minimax-M2.5,2,0.0306,2,0,1.0,464.4747,618.1105,1.3308,48.51,30.5789,1.9388,69.9989,100.0,28.3382,38,92.5283,7.4717,True,需要关注,忙时并发接近实例数量；平均 NPU 较低但 HBM 很高，更像模型驻留内存压力,synthetic_history_calibrated,90
2026-07-01,Qwen3.6-35B-A3B,2,0.0167,2,0,1.0,476.1407,899.717,0.5143,7.7964,0.0,1.3686,6.1105,29.1968,0.7576,0,91.9391,8.0609,True,需要关注,忙时并发接近实例数量；平均 NPU 较低但 HBM 很高，更像模型驻留内存压力,synthetic_history_calibrated,90
2026-07-02,DeepSeek-V4,6,0.6875,4,0,0.6667,4700.4781,9359.4443,12.628,0.0,19.7112,3.5746,100.0,100.0,22.3598,40,90.7089,9.2911,True,需要关注,存在 NPU 高负载尖峰；平均 NPU 较低但 HBM 很高，更像模型驻留内存压力,synthetic_history_calibrated,90
2026-07-02,Minimax-M2.5,2,0.0306,2,0,1.0,454.9122,684.7554,1.3603,44.1018,29.8496,2.2449,63.8951,100.0,30.6016,23,92.6334,7.3666,True,需要关注,忙时并发接近实例数量；平均 NPU 较低但 HBM 很高，更像模型驻留内存压力,synthetic_history_calibrated,90
2026-07-02,Qwen3.6-35B-A3B,2,0.0167,2,0,1.0,473.7252,977.0289,0.5123,14.3539,2.3685,0.8352,6.1477,22.7757,0.0,0,89.7115,10.2885,True,需要关注,忙时并发接近实例数量,synthetic_history_calibrated,90
2026-07-03,DeepSeek-V4,6,0.6986,4,0,0.6667,4675.3167,9334.3064,12.5737,0.0,19.9626,3.8018,100.0,100.0,19.4262,50,97.4798,2.5202,True,容量风险,存在 NPU 高负载尖峰；平均 NPU 较低但 HBM 很高，更像模型驻留内存压力,synthetic_history_calibrated,90
2026-07-03,Minimax-M2.5,2,0.0306,2,0,1.0,454.4919,604.4443,1.3657,48.561,26.6838,2.1403,63.4912,100.0,31.7375,5,95.2694,4.7306,True,容量风险,忙时并发接近实例数量；平均 NPU 较低但 HBM 很高，更像模型驻留内存压力,synthetic_history_calibrated,90
2026-07-03,Qwen3.6-35B-A3B,2,0.0167,2,0,1.0,469.5816,1010.4099,0.5104,11.7105,0.6751,0.9342,6.7899,21.5657,0.0,0,90.1133,9.8867,True,需要关注,忙时并发接近实例数量；平均 NPU 较低但 HBM 很高，更像模型驻留内存压力,synthetic_history_calibrated,90
2026-07-04,DeepSeek-V4,6,0.7083,5,0,0.8333,4671.1625,8928.4885,12.6317,0.0,21.5154,3.8109,100.0,100.0,19.5268,52,95.01,4.99,True,容量风险,忙时并发接近实例数量；存在 NPU 高负载尖峰；平均 NPU 较低但 HBM 很高，更像模型驻留内存压力,synthetic_history_calibrated,90
2026-07-04,Minimax-M2.5,2,0.0306,2,0,1.0,445.0177,625.1986,1.3557,50.6737,31.1121,2.2382,58.6684,100.0,27.6651,5,91.6631,8.3369,True,需要关注,忙时并发接近实例数量；平均 NPU 较低但 HBM 很高，更像模型驻留内存压力,synthetic_history_calibrated,90
2026-07-04,Qwen3.6-35B-A3B,2,0.0153,1,0,0.5,475.8451,1014.1662,0.5153,4.5539,1.2704,1.0087,5.0897,24.8334,0.7213,0,88.6029,11.3971,True,容量充足,当前未发现明确资源瓶颈,synthetic_history_calibrated,90
2026-07-05,DeepSeek-V4,6,0.4847,3,0,0.5,4494.4805,8819.8747,12.6707,0.0,10.9346,2.702,71.9565,76.181,13.0448,14,94.9638,5.0362,True,需要关注,存在 NPU 高负载尖峰；平均 NPU 较低但 HBM 很高，更像模型驻留内存压力,synthetic_history_calibrated,90
2026-07-05,Minimax-M2.5,2,0.0306,2,0,1.0,439.9236,601.5866,1.3599,49.3967,25.4315,2.0004,45.9312,84.6348,22.2228,2,91.7713,8.2287,True,需要关注,忙时并发接近实例数量；平均 NPU 较低但 HBM 很高，更像模型驻留内存压力,synthetic_history_calibrated,90
2026-07-05,Qwen3.6-35B-A3B,2,0.0167,2,0,1.0,464.2654,882.3861,0.5231,10.6672,0.0,1.104,3.7103,24.1592,0.0,0,92.4126,7.5874,True,需要关注,忙时并发接近实例数量；平均 NPU 较低但 HBM 很高，更像模型驻留内存压力,synthetic_history_calibrated,90
2026-07-06,DeepSeek-V4,6,0.6597,4,0,0.6667,4477.5717,9021.4323,12.6859,0.0,17.1992,3.2602,93.1165,94.8122,17.1628,40,95.3123,4.6877,True,容量风险,存在 NPU 高负载尖峰；平均 NPU 较低但 HBM 很高，更像模型驻留内存压力,synthetic_history_calibrated,90
2026-07-06,Minimax-M2.5,2,0.0306,2,0,1.0,437.7005,597.419,1.3624,41.5859,21.2865,2.1274,49.9943,86.1582,24.3274,2,94.1111,5.8889,True,需要关注,忙时并发接近实例数量；平均 NPU 较低但 HBM 很高，更像模型驻留内存压力,synthetic_history_calibrated,90
2026-07-06,Qwen3.6-35B-A3B,2,0.0167,2,0,1.0,458.4978,931.421,0.513,5.61,0.2937,1.3264,3.7228,23.7774,0.7088,0,93.3778,6.6222,True,需要关注,忙时并发接近实例数量；平均 NPU 较低但 HBM 很高，更像模型驻留内存压力,synthetic_history_calibrated,90
2026-07-07,DeepSeek-V4,6,0.6944,4,0,0.6667,4676.5465,9890.0018,12.5642,0.0,19.129,3.7743,100.0,100.0,22.0243,47,94.4726,5.5274,True,需要关注,存在 NPU 高负载尖峰；平均 NPU 较低但 HBM 很高，更像模型驻留内存压力,synthetic_history_calibrated,90
2026-07-07,Minimax-M2.5,2,0.0306,2,0,1.0,439.3296,593.7217,1.3442,44.6032,33.6923,2.1552,64.9594,100.0,33.9808,28,92.4253,7.5747,True,需要关注,忙时并发接近实例数量；平均 NPU 较低但 HBM 很高，更像模型驻留内存压力,synthetic_history_calibrated,90
2026-07-07,Qwen3.6-35B-A3B,2,0.0167,2,0,1.0,462.0006,876.1479,0.5129,12.0702,2.6747,0.9811,5.8048,23.1773,3.4854,0,94.7526,5.2474,True,需要关注,忙时并发接近实例数量；平均 NPU 较低但 HBM 很高，更像模型驻留内存压力,synthetic_history_calibrated,90
2026-07-08,DeepSeek-V4,6,0.7153,5,0,0.8333,4619.0262,8754.9949,12.5072,3.9397,22.107,3.7688,100.0,100.0,17.4008,40,92.3566,7.6434,True,需要关注,忙时并发接近实例数量；存在 NPU 高负载尖峰；平均 NPU 较低但 HBM 很高，更像模型驻留内存压力,synthetic_history_calibrated,90
2026-07-08,Minimax-M2.5,2,0.0306,2,0,1.0,438.1798,601.9218,1.3646,45.9731,32.0253,2.093,67.5517,100.0,32.1195,18,95.611,4.389,True,容量风险,忙时并发接近实例数量；平均 NPU 较低但 HBM 很高，更像模型驻留内存压力,synthetic_history_calibrated,90
2026-07-08,Qwen3.6-35B-A3B,2,0.0167,2,0,1.0,496.8547,934.0051,0.5065,9.8402,0.0,1.3643,4.6084,28.7032,0.0,0,93.1913,6.8087,True,需要关注,忙时并发接近实例数量；平均 NPU 较低但 HBM 很高，更像模型驻留内存压力,synthetic_history_calibrated,90
2026-07-09,DeepSeek-V4,6,1.0347,6,3,1.0,6925.5024,14250.5688,12.605,0.4943,27.3976,4.9974,100.0,100.0,28.787,94,91.2462,8.7538,True,容量风险,出现等待队列，需评估扩容或分流；忙时并发接近实例数量；存在 NPU 高负载尖峰；平均 NPU 较低但 HBM 很高，更像模型驻留内存压力,synthetic_history_calibrated,90
2026-07-09,Minimax-M2.5,2,0.0472,2,3,1.0,748.6694,1074.656,1.3718,54.6034,43.9091,2.689,89.4699,100.0,42.1582,51,94.093,5.907,True,容量风险,出现等待队列，需评估扩容或分流；忙时并发接近实例数量；存在 NPU 高负载尖峰；平均 NPU 较低但 HBM 很高，更像模型驻留内存压力,synthetic_history_calibrated,90
2026-07-09,Qwen3.6-35B-A3B,2,0.0167,2,3,1.0,613.3394,1118.7339,0.5175,4.6338,2.1388,1.1861,5.2812,28.4441,0.0,0,92.1927,7.8073,True,容量风险,出现等待队列，需评估扩容或分流；忙时并发接近实例数量；平均 NPU 较低但 HBM 很高，更像模型驻留内存压力,synthetic_history_calibrated,90
2026-07-10,DeepSeek-V4,6,0.65,4,0,0.6667,4473.8559,8887.3603,12.6575,0.0,17.4113,3.2433,85.4417,89.8893,17.5136,26,94.6534,5.3466,True,需要关注,存在 NPU 高负载尖峰；平均 NPU 较低但 HBM 很高，更像模型驻留内存压力,synthetic_history_calibrated,90
2026-07-10,Minimax-M2.5,2,0.0306,2,0,1.0,451.7569,588.4442,1.3532,51.9375,24.8844,2.1577,61.9323,100.0,29.3371,3,97.0494,2.9506,True,容量风险,忙时并发接近实例数量；平均 NPU 较低但 HBM 很高，更像模型驻留内存压力,synthetic_history_calibrated,90
2026-07-10,Qwen3.6-35B-A3B,2,0.0167,2,0,1.0,483.6323,896.5567,0.5108,12.3959,0.0,1.1411,5.9988,15.1919,0.0,0,92.7983,7.2017,True,需要关注,忙时并发接近实例数量；平均 NPU 较低但 HBM 很高，更像模型驻留内存压力,synthetic_history_calibrated,90
2026-07-11,DeepSeek-V4,6,0.6542,4,0,0.6667,4609.8903,9110.2711,12.7282,2.2348,13.7915,3.3816,89.3254,91.7395,16.2543,36,95.1371,4.8629,True,容量风险,存在 NPU 高负载尖峰；平均 NPU 较低但 HBM 很高，更像模型驻留内存压力,synthetic_history_calibrated,90
2026-07-11,Minimax-M2.5,2,0.0306,2,0,1.0,445.8668,668.0367,1.3644,43.7301,24.836,1.8124,54.0495,93.8536,24.1964,2,94.0434,5.9566,True,需要关注,忙时并发接近实例数量；平均 NPU 较低但 HBM 很高，更像模型驻留内存压力,synthetic_history_calibrated,90
2026-07-11,Qwen3.6-35B-A3B,2,0.0167,2,0,1.0,471.4587,1010.6962,0.5256,8.5051,0.0,1.2472,5.6945,23.4733,0.9857,0,92.839,7.161,True,需要关注,忙时并发接近实例数量；平均 NPU 较低但 HBM 很高，更像模型驻留内存压力,synthetic_history_calibrated,90
2026-07-12,DeepSeek-V4,6,0.7,4,0,0.6667,4695.8776,9350.9901,12.6718,2.4119,14.949,3.8988,100.0,100.0,19.5139,45,98.1425,1.8575,True,容量风险,存在 NPU 高负载尖峰；平均 NPU 较低但 HBM 很高，更像模型驻留内存压力,synthetic_history_calibrated,90
2026-07-12,Minimax-M2.5,2,0.0306,2,0,1.0,447.6813,630.0969,1.3406,47.7154,27.9033,2.1861,57.1139,100.0,27.8543,17,91.2185,8.7815,True,需要关注,忙时并发接近实例数量；平均 NPU 较低但 HBM 很高，更像模型驻留内存压力,synthetic_history_calibrated,90
2026-07-12,Qwen3.6-35B-A3B,2,0.0167,2,0,1.0,462.583,825.3658,0.5243,6.3586,0.8962,1.0142,4.6614,17.4791,0.0,0,91.2314,8.7686,True,需要关注,忙时并发接近实例数量；平均 NPU 较低但 HBM 很高，更像模型驻留内存压力,synthetic_history_calibrated,90
2026-07-13,DeepSeek-V4,6,1.2319,6,3,1.0,8155.5742,16011.0734,12.6531,3.7441,34.3733,6.0742,100.0,100.0,34.9155,110,98.3691,1.6309,True,容量风险,出现等待队列，需评估扩容或分流；忙时并发接近实例数量；存在 NPU 高负载尖峰；平均 NPU 较低但 HBM 很高，更像模型驻留内存压力,synthetic_history_calibrated,90
2026-07-13,Minimax-M2.5,2,0.0319,2,2,1.0,570.9013,865.3963,1.3601,45.9851,36.0865,2.2946,78.4446,100.0,40.9019,67,91.9055,8.0945,True,容量风险,出现等待队列，需评估扩容或分流；忙时并发接近实例数量；存在 NPU 高负载尖峰；平均 NPU 较低但 HBM 很高，更像模型驻留内存压力,synthetic_history_calibrated,90
2026-07-13,Qwen3.6-35B-A3B,2,0.0181,2,3,1.0,595.5329,1111.7879,0.5205,5.7247,0.4535,0.9227,3.8518,25.8761,0.0,0,92.2142,7.7858,True,容量风险,出现等待队列，需评估扩容或分流；忙时并发接近实例数量；平均 NPU 较低但 HBM 很高，更像模型驻留内存压力,synthetic_history_calibrated,90
2026-07-14,DeepSeek-V4,6,0.7097,6,0,1.0,4676.4005,9023.2521,12.4999,0.0,18.6059,3.7926,100.0,100.0,19.2534,48,95.105,4.895,True,容量风险,忙时并发接近实例数量；存在 NPU 高负载尖峰；平均 NPU 较低但 HBM 很高，更像模型驻留内存压力,synthetic_history_calibrated,90
2026-07-14,Minimax-M2.5,2,0.0306,2,0,1.0,453.557,675.713,1.3575,51.2298,26.0463,2.1451,61.5495,98.089,26.4431,1,94.0478,5.9522,True,需要关注,忙时并发接近实例数量；平均 NPU 较低但 HBM 很高，更像模型驻留内存压力,synthetic_history_calibrated,90
2026-07-14,Qwen3.6-35B-A3B,2,0.0167,2,0,1.0,478.5441,862.6181,0.5162,8.7862,0.2145,0.9193,5.3185,22.9557,3.4786,0,97.8721,2.1279,True,容量风险,忙时并发接近实例数量；平均 NPU 较低但 HBM 很高，更像模型驻留内存压力,synthetic_history_calibrated,90
2026-07-15,DeepSeek-V4,6,0.7167,5,0,0.8333,4719.7353,9303.2302,12.5639,0.0,19.3378,3.8831,100.0,100.0,21.2118,45,92.4336,7.5664,True,需要关注,忙时并发接近实例数量；存在 NPU 高负载尖峰；平均 NPU 较低但 HBM 很高，更像模型驻留内存压力,synthetic_history_calibrated,90
2026-07-15,Minimax-M2.5,2,0.0306,2,0,1.0,452.4367,659.1297,1.3688,47.2598,25.718,1.8291,55.0317,100.0,26.0029,4,89.7764,10.2236,True,需要关注,忙时并发接近实例数量,synthetic_history_calibrated,90
2026-07-15,Qwen3.6-35B-A3B,2,0.0167,2,0,1.0,475.6305,976.9825,0.5102,7.1166,1.9736,1.0328,6.7381,22.5924,0.8805,0,91.2492,8.7508,True,需要关注,忙时并发接近实例数量；平均 NPU 较低但 HBM 很高，更像模型驻留内存压力,synthetic_history_calibrated,90
2026-07-16,DeepSeek-V4,6,0.7403,5,0,0.8333,4792.626,10022.8327,12.4088,0.0,21.0695,4.1233,100.0,100.0,22.0739,44,97.0834,2.9166,True,容量风险,忙时并发接近实例数量；存在 NPU 高负载尖峰；平均 NPU 较低但 HBM 很高，更像模型驻留内存压力,synthetic_history_calibrated,90
2026-07-16,Minimax-M2.5,2,0.0306,2,0,1.0,464.9127,627.1863,1.3412,47.0008,37.6107,1.5021,66.9671,100.0,29.9798,29,90.1286,9.8714,True,需要关注,忙时并发接近实例数量；平均 NPU 较低但 HBM 很高，更像模型驻留内存压力,synthetic_history_calibrated,90
2026-07-16,Qwen3.6-35B-A3B,2,0.0167,2,0,1.0,473.1337,917.9507,0.5098,10.774,1.0035,1.2948,6.1254,24.5091,0.1708,0,87.1871,12.8129,True,需要关注,忙时并发接近实例数量,synthetic_history_calibrated,90
2026-07-17,DeepSeek-V4,6,0.6708,4,0,0.6667,4557.4837,8784.7279,12.6212,2.8771,14.4301,3.3926,92.5416,96.4144,15.3835,27,90.7075,9.2925,True,需要关注,存在 NPU 高负载尖峰；平均 NPU 较低但 HBM 很高，更像模型驻留内存压力,synthetic_history_calibrated,90
2026-07-17,Minimax-M2.5,2,0.0306,2,0,1.0,446.0754,595.1288,1.3669,46.7068,27.2497,2.0017,56.4844,98.5472,28.9974,1,90.3983,9.6017,True,需要关注,忙时并发接近实例数量；平均 NPU 较低但 HBM 很高，更像模型驻留内存压力,synthetic_history_calibrated,90
2026-07-17,Qwen3.6-35B-A3B,2,0.0167,2,0,1.0,467.8069,883.6707,0.5186,14.0854,0.6056,1.076,4.7532,21.2422,0.0969,0,95.3011,4.6989,True,容量风险,忙时并发接近实例数量；平均 NPU 较低但 HBM 很高，更像模型驻留内存压力,synthetic_history_calibrated,90
2026-07-18,DeepSeek-V4,6,0.6514,4,0,0.6667,4589.9875,8878.7549,12.6918,0.0,15.7375,3.4538,85.6071,87.6637,15.0767,32,96.9834,3.0166,True,容量风险,存在 NPU 高负载尖峰；平均 NPU 较低但 HBM 很高，更像模型驻留内存压力,synthetic_history_calibrated,90
2026-07-18,Minimax-M2.5,2,0.0306,2,0,1.0,436.3073,570.5472,1.3643,48.2909,23.0903,1.7195,47.6011,78.7796,23.1628,1,92.0673,7.9327,True,需要关注,忙时并发接近实例数量；平均 NPU 较低但 HBM 很高，更像模型驻留内存压力,synthetic_history_calibrated,90
2026-07-18,Qwen3.6-35B-A3B,2,0.0167,2,0,1.0,473.4253,932.3033,0.5258,8.6033,2.1431,0.8256,5.4344,22.7581,1.2322,0,93.6509,6.3491,True,需要关注,忙时并发接近实例数量；平均 NPU 较低但 HBM 很高，更像模型驻留内存压力,synthetic_history_calibrated,90
2026-07-19,DeepSeek-V4,6,0.5903,4,0,0.6667,4505.2113,9621.3635,12.7348,0.4318,15.9753,2.9896,80.2446,85.8016,19.3072,29,94.8942,5.1058,True,需要关注,存在 NPU 高负载尖峰；平均 NPU 较低但 HBM 很高，更像模型驻留内存压力,synthetic_history_calibrated,90
2026-07-19,Minimax-M2.5,2,0.0306,2,0,1.0,437.2679,602.4169,1.3758,44.0212,18.7698,1.4134,50.6185,83.8299,20.5373,1,94.2533,5.7467,True,需要关注,忙时并发接近实例数量；平均 NPU 较低但 HBM 很高，更像模型驻留内存压力,synthetic_history_calibrated,90
2026-07-19,Qwen3.6-35B-A3B,2,0.0167,2,0,1.0,455.4853,849.3176,0.5234,7.0458,0.5336,1.1561,7.1886,19.1116,0.0,0,89.3596,10.6404,True,需要关注,忙时并发接近实例数量,synthetic_history_calibrated,90
2026-07-20,DeepSeek-V4,6,0.775,6,0,1.0,4821.7758,9897.0845,12.4468,0.818,19.938,4.1156,100.0,100.0,18.5103,50,97.2505,2.7495,True,容量风险,忙时并发接近实例数量；存在 NPU 高负载尖峰；平均 NPU 较低但 HBM 很高，更像模型驻留内存压力,synthetic_history_calibrated,90
2026-07-20,Minimax-M2.5,2,0.0306,2,0,1.0,440.2144,597.657,1.376,44.6427,25.23,2.0479,57.745,100.0,31.3833,16,93.666,6.334,True,需要关注,忙时并发接近实例数量；平均 NPU 较低但 HBM 很高，更像模型驻留内存压力,synthetic_history_calibrated,90
2026-07-20,Qwen3.6-35B-A3B,2,0.0167,2,0,1.0,480.5179,938.8567,0.5153,7.842,1.1459,1.197,6.1595,27.2547,0.0,0,93.4946,6.5054,True,需要关注,忙时并发接近实例数量；平均 NPU 较低但 HBM 很高，更像模型驻留内存压力,synthetic_history_calibrated,90
2026-07-21,DeepSeek-V4,6,0.6792,4,0,0.6667,4277.6072,8457.8,12.1737,0.0,18.73,2.8852,100.0,100.0,18.7317,24,95.66,4.34,True,容量风险,存在 NPU 高负载尖峰；平均 NPU 较低但 HBM 很高，更像模型驻留内存压力,observed,90
2026-07-21,Minimax-M2.5,2,0.0306,2,0,1.0,412.6694,560.875,1.3087,47.84,27.7,1.4604,57.15,100.0,27.695,1,93.05,6.95,True,需要关注,忙时并发接近实例数量；平均 NPU 较低但 HBM 很高，更像模型驻留内存压力,observed,90
2026-07-21,Qwen3.6-35B-A3B,2,0.0167,2,0,1.0,436.6129,851.4,0.4982,8.95,0.8,0.0424,0.0,22.0,0.8,0,92.98,7.02,True,需要关注,忙时并发接近实例数量；平均 NPU 较低但 HBM 很高，更像模型驻留内存压力,observed,90
